ISO-10303-21;
HEADER;
FILE_DESCRIPTION (( 'STEP AP214' ),
    '1' );
FILE_NAME ('SXO32C3A071-10.000M.STEP',
    '2022-12-21T01:10:20',
    ( '' ),
    ( '' ),
    'SwSTEP 2.0',
    'SolidWorks 2021',
    '' );
FILE_SCHEMA (( 'AUTOMOTIVE_DESIGN' ));
ENDSEC;

DATA;
#1 = AXIS2_PLACEMENT_3D ( 'NONE', #2832, #702, #751 ) ;
#2 = EDGE_CURVE ( 'NONE', #1085, #4494, #2364, .T. ) ;
#3 = ORIENTED_EDGE ( 'NONE', *, *, #3496, .F. ) ;
#4 = AXIS2_PLACEMENT_3D ( 'NONE', #1866, #1515, #541 ) ;
#5 = DIRECTION ( 'NONE',  ( 0.000000000000000000, 0.000000000000000000, 1.000000000000000000 ) ) ;
#6 = CARTESIAN_POINT ( 'NONE',  ( -0.5000000000000004441, 0.5500000000000000444, -9.035018104045886718E-17 ) ) ;
#7 = DIRECTION ( 'NONE',  ( 0.000000000000000000, 1.000000000000000000, -0.000000000000000000 ) ) ;
#8 = LINE ( 'NONE', #2159, #576 ) ;
#9 = VECTOR ( 'NONE', #191, 1000.000000000000000 ) ;
#10 = EDGE_CURVE ( 'NONE', #3236, #1090, #4136, .T. ) ;
#11 = COLOUR_RGB ( '',0.7921568627450980005, 0.8196078431372548767, 0.9333333333333333481 ) ;
#12 = CARTESIAN_POINT ( 'NONE',  ( 0.000000000000000000, 0.7500000000000000000, 1.600000000000000311 ) ) ;
#13 = PLANE ( 'NONE',  #1313 ) ;
#14 = DIRECTION ( 'NONE',  ( -0.000000000000000000, -1.000000000000000000, -0.000000000000000000 ) ) ;
#15 = DIRECTION ( 'NONE',  ( 1.000000000000000000, 0.000000000000000000, -0.000000000000000000 ) ) ;
#16 = ORIENTED_EDGE ( 'NONE', *, *, #2063, .F. ) ;
#17 = AXIS2_PLACEMENT_3D ( 'NONE', #250, #1638, #1613 ) ;
#18 = DIRECTION ( 'NONE',  ( 0.000000000000000000, -1.000000000000000000, -3.854941057726241055E-15 ) ) ;
#19 = ORIENTED_EDGE ( 'NONE', *, *, #588, .T. ) ;
#20 = VECTOR ( 'NONE', #422, 1000.000000000000000 ) ;
#21 = CARTESIAN_POINT ( 'NONE',  ( -1.125000000000000444, 0.000000000000000000, -1.474999999999999867 ) ) ;
#22 = EDGE_CURVE ( 'NONE', #4148, #3503, #1007, .T. ) ;
#23 = CARTESIAN_POINT ( 'NONE',  ( 0.4999999999999998890, 0.5500000000000000444, -1.500000000000000222 ) ) ;
#24 = ORIENTED_EDGE ( 'NONE', *, *, #693, .T. ) ;
#25 = AXIS2_PLACEMENT_3D ( 'NONE', #984, #3033, #2064 ) ;
#26 = EDGE_LOOP ( 'NONE', ( #557, #3872, #33, #973 ) ) ;
#27 = CARTESIAN_POINT ( 'NONE',  ( 0.7881455521623084159, 0.000000000000000000, -0.2868615212563761507 ) ) ;
#28 = ORIENTED_EDGE ( 'NONE', *, *, #1734, .T. ) ;
#29 = SURFACE_STYLE_FILL_AREA ( #399 ) ;
#30 = DIRECTION ( 'NONE',  ( 0.000000000000000000, 0.000000000000000000, -1.000000000000000000 ) ) ;
#31 = DIRECTION ( 'NONE',  ( -0.000000000000000000, -1.000000000000000000, -0.000000000000000000 ) ) ;
#32 = EDGE_LOOP ( 'NONE', ( #289, #2704, #3693, #2752 ) ) ;
#33 = ORIENTED_EDGE ( 'NONE', *, *, #3368, .F. ) ;
#34 = CARTESIAN_POINT ( 'NONE',  ( 0.000000000000000000, 0.5500000000000000444, 0.000000000000000000 ) ) ;
#35 = EDGE_CURVE ( 'NONE', #3628, #190, #3812, .T. ) ;
#36 = DIRECTION ( 'NONE',  ( 0.000000000000000000, 0.000000000000000000, 1.000000000000000000 ) ) ;
#37 = CARTESIAN_POINT ( 'NONE',  ( 1.125000000000000222, 0.7500000000000000000, 1.324999999999999734 ) ) ;
#38 = FACE_OUTER_BOUND ( 'NONE', #1889, .T. ) ;
#39 = ORIENTED_EDGE ( 'NONE', *, *, #4306, .F. ) ;
#40 = DIRECTION ( 'NONE',  ( -0.000000000000000000, -1.000000000000000000, -0.000000000000000000 ) ) ;
#41 = DIRECTION ( 'NONE',  ( 0.000000000000000000, 0.000000000000000000, -1.000000000000000000 ) ) ;
#42 = ORIENTED_EDGE ( 'NONE', *, *, #2285, .F. ) ;
#43 = LINE ( 'NONE', #3531, #761 ) ;
#44 = ORIENTED_EDGE ( 'NONE', *, *, #741, .T. ) ;
#45 = PLANE ( 'NONE',  #951 ) ;
#46 = LINE ( 'NONE', #731, #2097 ) ;
#47 = ORIENTED_EDGE ( 'NONE', *, *, #615, .T. ) ;
#48 = VERTEX_POINT ( 'NONE', #4523 ) ;
#49 = DIRECTION ( 'NONE',  ( 0.000000000000000000, 0.000000000000000000, -1.000000000000000000 ) ) ;
#50 = ORIENTED_EDGE ( 'NONE', *, *, #3771, .T. ) ;
#51 = CARTESIAN_POINT ( 'NONE',  ( 1.235000000000000986, 0.5500000000000000444, 1.224999999999999201 ) ) ;
#52 = CARTESIAN_POINT ( 'NONE',  ( -0.006574447241220594471, 0.7500000000000000000, 0.002392903102557876732 ) ) ;
#53 = EDGE_CURVE ( 'NONE', #396, #3181, #4187, .T. ) ;
#54 = ORIENTED_EDGE ( 'NONE', *, *, #2335, .F. ) ;
#55 = EDGE_CURVE ( 'NONE', #4215, #166, #1409, .T. ) ;
#56 = DIRECTION ( 'NONE',  ( 0.000000000000000000, 1.000000000000000000, -0.000000000000000000 ) ) ;
#57 = DIRECTION ( 'NONE',  ( 0.000000000000000000, 1.000000000000000000, 0.000000000000000000 ) ) ;
#58 = FACE_OUTER_BOUND ( 'NONE', #1094, .T. ) ;
#59 = CARTESIAN_POINT ( 'NONE',  ( 1.235000000000000098, 0.5500000000000000444, -0.9750000000000001998 ) ) ;
#60 = ORIENTED_EDGE ( 'NONE', *, *, #2882, .T. ) ;
#61 =( NAMED_UNIT ( * ) PLANE_ANGLE_UNIT ( ) SI_UNIT ( $, .RADIAN. ) );
#62 = VECTOR ( 'NONE', #1251, 1000.000000000000000 ) ;
#63 = PLANE ( 'NONE',  #3734 ) ;
#64 = ADVANCED_FACE ( 'NONE', ( #1741 ), #1450, .F. ) ;
#65 = LINE ( 'NONE', #4238, #1414 ) ;
#66 = ORIENTED_EDGE ( 'NONE', *, *, #3497, .T. ) ;
#67 = CARTESIAN_POINT ( 'NONE',  ( -1.235000000000000542, 0.000000000000000000, 1.499999999999999778 ) ) ;
#68 = CARTESIAN_POINT ( 'NONE',  ( 0.000000000000000000, 0.000000000000000000, 1.600000000000000311 ) ) ;
#69 = ORIENTED_EDGE ( 'NONE', *, *, #2025, .T. ) ;
#70 = EDGE_CURVE ( 'NONE', #271, #4047, #1793, .T. ) ;
#71 = DIRECTION ( 'NONE',  ( 0.000000000000000000, 0.000000000000000000, 1.000000000000000000 ) ) ;
#72 = ORIENTED_EDGE ( 'NONE', *, *, #2370, .T. ) ;
#73 = DIRECTION ( 'NONE',  ( -0.000000000000000000, -1.000000000000000000, 0.000000000000000000 ) ) ;
#74 = PLANE ( 'NONE',  #634 ) ;
#75 = VERTEX_POINT ( 'NONE', #2435 ) ;
#76 = PLANE ( 'NONE',  #2644 ) ;
#77 = FACE_OUTER_BOUND ( 'NONE', #2525, .T. ) ;
#78 = CARTESIAN_POINT ( 'NONE',  ( 1.124999999999999556, 0.7500000000000000000, -1.324999999999999734 ) ) ;
#79 = CIRCLE ( 'NONE', #3519, 0.1249999999999998890 ) ;
#80 = CARTESIAN_POINT ( 'NONE',  ( 0.4999999999999994449, 0.000000000000000000, 1.500000000000000222 ) ) ;
#81 = EDGE_CURVE ( 'NONE', #48, #3058, #381, .T. ) ;
#82 = VECTOR ( 'NONE', #132, 1000.000000000000000 ) ;
#83 = VECTOR ( 'NONE', #2734, 1000.000000000000000 ) ;
#84 = DIRECTION ( 'NONE',  ( 0.000000000000000000, -1.000000000000000000, 0.000000000000000000 ) ) ;
#85 = AXIS2_PLACEMENT_3D ( 'NONE', #4060, #707, #4530 ) ;
#86 = DIRECTION ( 'NONE',  ( -0.000000000000000000, 1.000000000000000000, -0.000000000000000000 ) ) ;
#87 = CARTESIAN_POINT ( 'NONE',  ( -1.250000000000000666, 0.7500000000000000000, 0.9749999999999997558 ) ) ;
#88 =( GEOMETRIC_REPRESENTATION_CONTEXT ( 3 ) GLOBAL_UNCERTAINTY_ASSIGNED_CONTEXT ( ( #3289 ) ) GLOBAL_UNIT_ASSIGNED_CONTEXT ( ( #2231, #3241, #1928 ) ) REPRESENTATION_CONTEXT ( 'NONE', 'WORKASPACE' ) );
#89 = CARTESIAN_POINT ( 'NONE',  ( -1.235000000000000542, 0.5500000000000000444, 1.499999999999999778 ) ) ;
#90 = VERTEX_POINT ( 'NONE', #3171 ) ;
#91 = DIRECTION ( 'NONE',  ( -1.000000000000000000, 0.000000000000000000, 0.000000000000000000 ) ) ;
#92 = AXIS2_PLACEMENT_3D ( 'NONE', #3907, #1423, #3187 ) ;
#93 = EDGE_CURVE ( 'NONE', #3513, #1586, #3194, .T. ) ;
#94 = VECTOR ( 'NONE', #2733, 1000.000000000000000 ) ;
#95 = ORIENTED_EDGE ( 'NONE', *, *, #830, .T. ) ;
#96 = AXIS2_PLACEMENT_3D ( 'NONE', #1658, #3023, #2001 ) ;
#97 = ORIENTED_EDGE ( 'NONE', *, *, #3642, .F. ) ;
#98 = DIRECTION ( 'NONE',  ( 0.000000000000000000, -0.000000000000000000, 1.000000000000000000 ) ) ;
#99 = EDGE_CURVE ( 'NONE', #1334, #998, #2852, .T. ) ;
#100 = LINE ( 'NONE', #4308, #1481 ) ;
#101 = VECTOR ( 'NONE', #786, 1000.000000000000000 ) ;
#102 = ORIENTED_EDGE ( 'NONE', *, *, #2003, .T. ) ;
#103 = VECTOR ( 'NONE', #3163, 1000.000000000000000 ) ;
#104 = ORIENTED_EDGE ( 'NONE', *, *, #4306, .T. ) ;
#105 = CARTESIAN_POINT ( 'NONE',  ( -1.250000000000000222, 0.000000000000000000, -0.9750000000000001998 ) ) ;
#106 = LINE ( 'NONE', #445, #1979 ) ;
#107 =( NAMED_UNIT ( * ) SI_UNIT ( $, .STERADIAN. ) SOLID_ANGLE_UNIT ( ) );
#108 = VERTEX_POINT ( 'NONE', #2901 ) ;
#109 = PLANE ( 'NONE',  #1896 ) ;
#110 = ADVANCED_FACE ( 'NONE', ( #3838 ), #429, .F. ) ;
#111 = CARTESIAN_POINT ( 'NONE',  ( -0.5000000000000003331, 0.000000000000000000, -6.776263578034402713E-17 ) ) ;
#112 = ORIENTED_EDGE ( 'NONE', *, *, #2670, .T. ) ;
#113 = DIRECTION ( 'NONE',  ( 0.000000000000000000, 0.000000000000000000, 1.000000000000000000 ) ) ;
#114 = PLANE ( 'NONE',  #4463 ) ;
#115 = EDGE_CURVE ( 'NONE', #1373, #3513, #3495, .T. ) ;
#116 = CARTESIAN_POINT ( 'NONE',  ( -1.000000000000000000, 0.7500000000000000000, -1.449999999999999067 ) ) ;
#117 = EDGE_CURVE ( 'NONE', #885, #4455, #3142, .T. ) ;
#118 = ORIENTED_EDGE ( 'NONE', *, *, #1607, .T. ) ;
#119 = DIRECTION ( 'NONE',  ( 1.000000000000000000, 0.000000000000000000, 0.000000000000000000 ) ) ;
#120 = ORIENTED_EDGE ( 'NONE', *, *, #2502, .F. ) ;
#121 = PRODUCT_DEFINITION ( 'UNKNOWN', '', #3815, #1221 ) ;
#122 = LINE ( 'NONE', #4268, #3234 ) ;
#123 = CARTESIAN_POINT ( 'NONE',  ( 0.5897977675699662692, 0.000000000000000000, 1.600000000000000311 ) ) ;
#124 = LINE ( 'NONE', #508, #565 ) ;
#125 = DIRECTION ( 'NONE',  ( 0.000000000000000000, 0.000000000000000000, -1.000000000000000000 ) ) ;
#126 = CARTESIAN_POINT ( 'NONE',  ( -1.000000000000000000, 6.070490430446589869, -1.449999999999999956 ) ) ;
#127 = CARTESIAN_POINT ( 'NONE',  ( -0.5000000000000001110, 0.5500000000000000444, -1.500000000000000222 ) ) ;
#128 = VERTEX_POINT ( 'NONE', #772 ) ;
#129 = ORIENTED_EDGE ( 'NONE', *, *, #1389, .T. ) ;
#130 = DIRECTION ( 'NONE',  ( 0.000000000000000000, -0.000000000000000000, -1.000000000000000000 ) ) ;
#131 = ADVANCED_FACE ( 'NONE', ( #354 ), #13, .F. ) ;
#132 = DIRECTION ( 'NONE',  ( 0.000000000000000000, 0.000000000000000000, -1.000000000000000000 ) ) ;
#133 = EDGE_LOOP ( 'NONE', ( #4083, #3821, #618, #419 ) ) ;
#134 = LINE ( 'NONE', #1519, #2561 ) ;
#135 = CARTESIAN_POINT ( 'NONE',  ( -8.673617379884037444E-16, 0.5500000000000000444, 1.500000000000000000 ) ) ;
#136 = VECTOR ( 'NONE', #2465, 1000.000000000000000 ) ;
#137 = ORIENTED_EDGE ( 'NONE', *, *, #3823, .F. ) ;
#138 = CARTESIAN_POINT ( 'NONE',  ( 1.235000000000000098, 0.5500000000000000444, -0.9750000000000001998 ) ) ;
#139 = ORIENTED_EDGE ( 'NONE', *, *, #4489, .T. ) ;
#140 = EDGE_CURVE ( 'NONE', #3252, #3654, #1127, .T. ) ;
#141 = AXIS2_PLACEMENT_3D ( 'NONE', #2146, #1801, #1780 ) ;
#142 = DIRECTION ( 'NONE',  ( 1.000000000000000000, 0.000000000000000000, 0.000000000000000000 ) ) ;
#143 = EDGE_LOOP ( 'NONE', ( #2971, #42, #1901, #3854 ) ) ;
#144 = CARTESIAN_POINT ( 'NONE',  ( 0.000000000000000000, 0.5500000000000000444, -0.6999999999999998446 ) ) ;
#145 = LINE ( 'NONE', #2289, #3373 ) ;
#146 = DIRECTION ( 'NONE',  ( -0.000000000000000000, -1.000000000000000000, -0.000000000000000000 ) ) ;
#147 = CARTESIAN_POINT ( 'NONE',  ( -1.235000000000000542, 0.000000000000000000, 1.224999999999999423 ) ) ;
#148 = ORIENTED_EDGE ( 'NONE', *, *, #722, .T. ) ;
#149 = EDGE_CURVE ( 'NONE', #2577, #1965, #2809, .T. ) ;
#150 = VECTOR ( 'NONE', #1811, 1000.000000000000000 ) ;
#151 = CARTESIAN_POINT ( 'NONE',  ( 1.124999999999999556, 0.7500000000000000000, 1.324999999999999734 ) ) ;
#152 = ORIENTED_EDGE ( 'NONE', *, *, #934, .F. ) ;
#153 = LINE ( 'NONE', #2951, #2873 ) ;
#154 = CARTESIAN_POINT ( 'NONE',  ( 0.4999999999999998890, 0.5500000000000000444, -1.500000000000000222 ) ) ;
#155 = CARTESIAN_POINT ( 'NONE',  ( 0.000000000000000000, 0.5500000000000000444, 1.224999999999999201 ) ) ;
#156 = ADVANCED_FACE ( 'NONE', ( #1084 ), #1062, .T. ) ;
#157 = AXIS2_PLACEMENT_3D ( 'NONE', #2477, #1430, #4297 ) ;
#158 = VECTOR ( 'NONE', #2332, 1000.000000000000000 ) ;
#159 = CARTESIAN_POINT ( 'NONE',  ( -0.5624999999999991118, 0.7500000000000000000, 1.525000000000000133 ) ) ;
#160 = VECTOR ( 'NONE', #904, 1000.000000000000000 ) ;
#161 = VERTEX_POINT ( 'NONE', #409 ) ;
#162 = LINE ( 'NONE', #2653, #2201 ) ;
#163 = ORIENTED_EDGE ( 'NONE', *, *, #1902, .T. ) ;
#164 = VECTOR ( 'NONE', #1385, 1000.000000000000000 ) ;
#165 = EDGE_CURVE ( 'NONE', #592, #2868, #1812, .T. ) ;
#166 = VERTEX_POINT ( 'NONE', #1769 ) ;
#167 =( GEOMETRIC_REPRESENTATION_CONTEXT ( 3 ) GLOBAL_UNCERTAINTY_ASSIGNED_CONTEXT ( ( #2880 ) ) GLOBAL_UNIT_ASSIGNED_CONTEXT ( ( #2187, #61, #1111 ) ) REPRESENTATION_CONTEXT ( 'NONE', 'WORKASPACE' ) );
#168 = PLANE ( 'NONE',  #272 ) ;
#169 = VECTOR ( 'NONE', #3721, 1000.000000000000000 ) ;
#170 = DIRECTION ( 'NONE',  ( -1.000000000000000000, 0.000000000000000000, -5.782411586589357639E-16 ) ) ;
#171 = CIRCLE ( 'NONE', #3389, 0.1499999999999999667 ) ;
#172 = CARTESIAN_POINT ( 'NONE',  ( -0.000000000000000000, 0.000000000000000000, -1.224999999999999867 ) ) ;
#173 = CARTESIAN_POINT ( 'NONE',  ( -0.7000000000000016209, 0.000000000000000000, -0.6999999999999986233 ) ) ;
#174 = ORIENTED_EDGE ( 'NONE', *, *, #2643, .F. ) ;
#175 = ORIENTED_EDGE ( 'NONE', *, *, #255, .T. ) ;
#176 = VECTOR ( 'NONE', #577, 1000.000000000000000 ) ;
#177 = ADVANCED_FACE ( 'NONE', ( #38 ), #4232, .F. ) ;
#178 = LINE ( 'NONE', #2924, #1460 ) ;
#179 = CARTESIAN_POINT ( 'NONE',  ( 0.000000000000000000, 0.7500000000000000000, 0.000000000000000000 ) ) ;
#180 = CARTESIAN_POINT ( 'NONE',  ( -0.8250000000000001776, 1.149999999999999911, -1.149999999999999911 ) ) ;
#181 = DIRECTION ( 'NONE',  ( -0.3420201433256800372, 0.000000000000000000, 0.9396926207859043201 ) ) ;
#182 = ORIENTED_EDGE ( 'NONE', *, *, #3061, .F. ) ;
#183 = DIRECTION ( 'NONE',  ( -1.000000000000000000, 0.000000000000000000, -0.000000000000000000 ) ) ;
#184 = EDGE_CURVE ( 'NONE', #4000, #1085, #3216, .T. ) ;
#185 = VERTEX_POINT ( 'NONE', #1194 ) ;
#186 = CARTESIAN_POINT ( 'NONE',  ( 0.000000000000000000, 0.000000000000000000, 0.000000000000000000 ) ) ;
#187 = VERTEX_POINT ( 'NONE', #1172 ) ;
#188 = PLANE ( 'NONE',  #17 ) ;
#189 = EDGE_LOOP ( 'NONE', ( #1961, #346, #4218, #2569 ) ) ;
#190 = VERTEX_POINT ( 'NONE', #2212 ) ;
#191 = DIRECTION ( 'NONE',  ( 1.000000000000000000, 0.000000000000000000, 0.000000000000000000 ) ) ;
#192 = DIRECTION ( 'NONE',  ( -0.000000000000000000, -1.000000000000000000, -0.000000000000000000 ) ) ;
#193 = DIRECTION ( 'NONE',  ( 0.3420201433256800372, 0.000000000000000000, 0.9396926207859043201 ) ) ;
#194 = ORIENTED_EDGE ( 'NONE', *, *, #1413, .F. ) ;
#195 = EDGE_CURVE ( 'NONE', #777, #1799, #213, .T. ) ;
#196 = EDGE_CURVE ( 'NONE', #2365, #3804, #3317, .T. ) ;
#197 = CARTESIAN_POINT ( 'NONE',  ( -0.7000000000000001776, 0.5500000000000000444, -0.6999999999999998446 ) ) ;
#198 = LINE ( 'NONE', #4067, #3235 ) ;
#199 = CARTESIAN_POINT ( 'NONE',  ( -0.5625000000000003331, 0.7500000000000000000, -1.524999999999999911 ) ) ;
#200 = EDGE_CURVE ( 'NONE', #783, #1564, #3983, .T. ) ;
#201 = ORIENTED_EDGE ( 'NONE', *, *, #1713, .T. ) ;
#202 = LINE ( 'NONE', #4073, #2411 ) ;
#203 = ORIENTED_EDGE ( 'NONE', *, *, #1978, .T. ) ;
#204 = ORIENTED_EDGE ( 'NONE', *, *, #4090, .T. ) ;
#205 = EDGE_CURVE ( 'NONE', #1345, #187, #3666, .T. ) ;
#206 = DIRECTION ( 'NONE',  ( 0.000000000000000000, 1.000000000000000000, 0.000000000000000000 ) ) ;
#207 = ADVANCED_FACE ( 'NONE', ( #845 ), #1672, .T. ) ;
#208 = CARTESIAN_POINT ( 'NONE',  ( -0.5000000000000003331, 0.5500000000000000444, -6.776263578034402713E-17 ) ) ;
#209 = CARTESIAN_POINT ( 'NONE',  ( 1.000000000000000000, 0.7500000000000000000, 1.499999999999998890 ) ) ;
#210 = FACE_OUTER_BOUND ( 'NONE', #3720, .T. ) ;
#211 = ORIENTED_EDGE ( 'NONE', *, *, #1363, .F. ) ;
#212 = ORIENTED_EDGE ( 'NONE', *, *, #200, .T. ) ;
#213 = LINE ( 'NONE', #1884, #2266 ) ;
#214 = ORIENTED_EDGE ( 'NONE', *, *, #3358, .T. ) ;
#215 = EDGE_CURVE ( 'NONE', #4173, #1001, #178, .T. ) ;
#216 = LINE ( 'NONE', #4321, #1250 ) ;
#217 = DIRECTION ( 'NONE',  ( -1.000000000000000000, 0.000000000000000000, -0.000000000000000000 ) ) ;
#218 = VECTOR ( 'NONE', #4457, 1000.000000000000000 ) ;
#219 = VERTEX_POINT ( 'NONE', #4046 ) ;
#220 = VECTOR ( 'NONE', #2737, 1000.000000000000114 ) ;
#221 = CARTESIAN_POINT ( 'NONE',  ( 1.235000000000000098, 0.000000000000000000, -1.224999999999999867 ) ) ;
#222 = AXIS2_PLACEMENT_3D ( 'NONE', #2620, #2256, #2238 ) ;
#223 = AXIS2_PLACEMENT_3D ( 'NONE', #3570, #3523, #2456 ) ;
#224 = SURFACE_STYLE_USAGE ( .BOTH. , #1976 ) ;
#225 = CARTESIAN_POINT ( 'NONE',  ( -1.000000000000000000, 0.9749999999999998668, 1.449999999999999956 ) ) ;
#226 = EDGE_CURVE ( 'NONE', #2577, #2515, #1599, .T. ) ;
#227 = VECTOR ( 'NONE', #871, 1000.000000000000000 ) ;
#228 = CARTESIAN_POINT ( 'NONE',  ( -0.5000000000000003331, 0.5500000000000000444, -0.9000000000000006883 ) ) ;
#229 = ORIENTED_EDGE ( 'NONE', *, *, #2789, .T. ) ;
#230 = AXIS2_PLACEMENT_3D ( 'NONE', #4456, #2087, #2436 ) ;
#231 = DIRECTION ( 'NONE',  ( -0.000000000000000000, -1.000000000000000000, -0.000000000000000000 ) ) ;
#232 = DIRECTION ( 'NONE',  ( 0.000000000000000000, -1.000000000000000000, 0.000000000000000000 ) ) ;
#233 = ORIENTED_EDGE ( 'NONE', *, *, #2449, .T. ) ;
#234 = AXIS2_PLACEMENT_3D ( 'NONE', #660, #3463, #1443 ) ;
#235 = ORIENTED_EDGE ( 'NONE', *, *, #2678, .T. ) ;
#236 = VECTOR ( 'NONE', #1594, 1000.000000000000000 ) ;
#237 = CARTESIAN_POINT ( 'NONE',  ( 1.235000000000000098, 0.5500000000000000444, -1.224999999999999867 ) ) ;
#238 = VERTEX_POINT ( 'NONE', #151 ) ;
#239 = LINE ( 'NONE', #1374, #1034 ) ;
#240 = PLANE ( 'NONE',  #446 ) ;
#241 = VECTOR ( 'NONE', #3446, 1000.000000000000000 ) ;
#242 = ORIENTED_EDGE ( 'NONE', *, *, #184, .F. ) ;
#243 = CARTESIAN_POINT ( 'NONE',  ( 1.235000000000000986, 0.5500000000000000444, 0.9749999999999995337 ) ) ;
#244 = VERTEX_POINT ( 'NONE', #1559 ) ;
#245 = VECTOR ( 'NONE', #2302, 1000.000000000000000 ) ;
#246 = DIRECTION ( 'NONE',  ( 0.000000000000000000, -0.000000000000000000, 1.000000000000000000 ) ) ;
#247 = CARTESIAN_POINT ( 'NONE',  ( 1.000000000000000000, 0.7500000000000000000, 1.499999999999998890 ) ) ;
#248 = EDGE_CURVE ( 'NONE', #989, #1463, #2970, .T. ) ;
#249 = EDGE_CURVE ( 'NONE', #4227, #1567, #4361, .T. ) ;
#250 = CARTESIAN_POINT ( 'NONE',  ( -1.124999999999999334, 0.7500000000000000000, 1.324999999999999734 ) ) ;
#251 = CARTESIAN_POINT ( 'NONE',  ( -1.125000000000000222, 0.9749999999999998668, 0.000000000000000000 ) ) ;
#252 = VERTEX_POINT ( 'NONE', #3354 ) ;
#253 = DIRECTION ( 'NONE',  ( -0.000000000000000000, 0.000000000000000000, -1.000000000000000000 ) ) ;
#254 = CYLINDRICAL_SURFACE ( 'NONE', #4104, 0.1250000000000001110 ) ;
#255 = EDGE_CURVE ( 'NONE', #4227, #396, #478, .T. ) ;
#256 = ORIENTED_EDGE ( 'NONE', *, *, #3869, .F. ) ;
#257 = CARTESIAN_POINT ( 'NONE',  ( -1.235000000000000542, 0.000000000000000000, 0.9749999999999997558 ) ) ;
#258 = CARTESIAN_POINT ( 'NONE',  ( 1.235000000000000986, 0.5500000000000000444, 0.7000000000000000666 ) ) ;
#259 = ORIENTED_EDGE ( 'NONE', *, *, #1382, .F. ) ;
#260 = DIRECTION ( 'NONE',  ( -0.000000000000000000, 1.000000000000000000, -0.000000000000000000 ) ) ;
#261 = CARTESIAN_POINT ( 'NONE',  ( 1.249999999999999778, 0.5500000000000000444, 0.9749999999999995337 ) ) ;
#262 = CARTESIAN_POINT ( 'NONE',  ( -0.8250000000000001776, 1.149999999999999911, -1.149999999999999911 ) ) ;
#263 = EDGE_CURVE ( 'NONE', #495, #885, #1931, .T. ) ;
#264 = PLANE ( 'NONE',  #1484 ) ;
#265 = VERTEX_POINT ( 'NONE', #3620 ) ;
#266 = CARTESIAN_POINT ( 'NONE',  ( 1.235000000000000098, 0.5500000000000000444, 0.000000000000000000 ) ) ;
#267 = VERTEX_POINT ( 'NONE', #3637 ) ;
#268 =( NAMED_UNIT ( * ) PLANE_ANGLE_UNIT ( ) SI_UNIT ( $, .RADIAN. ) );
#269 = EDGE_CURVE ( 'NONE', #3628, #252, #1540, .T. ) ;
#270 = LINE ( 'NONE', #3060, #500 ) ;
#271 = VERTEX_POINT ( 'NONE', #3958 ) ;
#272 = AXIS2_PLACEMENT_3D ( 'NONE', #4014, #2545, #1527 ) ;
#273 = FACE_OUTER_BOUND ( 'NONE', #2463, .T. ) ;
#274 = CARTESIAN_POINT ( 'NONE',  ( 0.5624999999999996669, 0.7500000000000000000, -1.524999999999999911 ) ) ;
#275 = ORIENTED_EDGE ( 'NONE', *, *, #1239, .T. ) ;
#276 = DIRECTION ( 'NONE',  ( -1.000000000000000000, 0.000000000000000000, 0.000000000000000000 ) ) ;
#277 = DIRECTION ( 'NONE',  ( 0.000000000000000000, 0.000000000000000000, 1.000000000000000000 ) ) ;
#278 = ORIENTED_EDGE ( 'NONE', *, *, #3858, .T. ) ;
#279 = EDGE_CURVE ( 'NONE', #3516, #935, #2950, .T. ) ;
#280 = DIRECTION ( 'NONE',  ( 1.000000000000000000, 0.000000000000000000, -9.637352644315630249E-16 ) ) ;
#281 = CARTESIAN_POINT ( 'NONE',  ( 1.000000000000000000, 0.7500000000000000000, -1.499999999999998668 ) ) ;
#282 = DIRECTION ( 'NONE',  ( 5.782411586589354681E-16, 0.000000000000000000, -1.000000000000000000 ) ) ;
#283 = CARTESIAN_POINT ( 'NONE',  ( 0.5000000000000004441, 0.5500000000000000444, 3.388131789017204315E-16 ) ) ;
#284 = ORIENTED_EDGE ( 'NONE', *, *, #2110, .F. ) ;
#285 = ORIENTED_EDGE ( 'NONE', *, *, #1135, .T. ) ;
#286 = DIRECTION ( 'NONE',  ( 0.000000000000000000, 1.000000000000000000, 0.000000000000000000 ) ) ;
#287 = DIRECTION ( 'NONE',  ( 1.000000000000000000, 0.000000000000000000, 0.000000000000000000 ) ) ;
#288 = ORIENTED_EDGE ( 'NONE', *, *, #255, .F. ) ;
#289 = ORIENTED_EDGE ( 'NONE', *, *, #2585, .F. ) ;
#290 = DIRECTION ( 'NONE',  ( -0.000000000000000000, -1.000000000000000000, -0.000000000000000000 ) ) ;
#291 = CONICAL_SURFACE ( 'NONE', #1821, 0.1250000000000001110, 0.2186689458739380920 ) ;
#292 = LINE ( 'NONE', #4059, #2015 ) ;
#293 = ORIENTED_EDGE ( 'NONE', *, *, #736, .F. ) ;
#294 = VECTOR ( 'NONE', #2618, 1000.000000000000000 ) ;
#295 = CIRCLE ( 'NONE', #3300, 0.1250000000000001110 ) ;
#296 = EDGE_CURVE ( 'NONE', #2153, #893, #818, .T. ) ;
#297 = LINE ( 'NONE', #2350, #1774 ) ;
#298 = VECTOR ( 'NONE', #1417, 1000.000000000000000 ) ;
#299 = DIRECTION ( 'NONE',  ( 0.000000000000000000, 0.000000000000000000, -1.000000000000000000 ) ) ;
#300 = DIRECTION ( 'NONE',  ( 0.000000000000000000, -0.000000000000000000, -1.000000000000000000 ) ) ;
#301 = AXIS2_PLACEMENT_3D ( 'NONE', #1733, #3134, #2682 ) ;
#302 = VECTOR ( 'NONE', #456, 1000.000000000000000 ) ;
#303 = ADVANCED_FACE ( 'NONE', ( #2986 ), #2602, .T. ) ;
#304 = ORIENTED_EDGE ( 'NONE', *, *, #1171, .T. ) ;
#305 = CARTESIAN_POINT ( 'NONE',  ( -1.235000000000000098, 0.000000000000000000, -0.6999999999999998446 ) ) ;
#306 = DIRECTION ( 'NONE',  ( 6.776263578034401726E-16, 0.000000000000000000, -1.000000000000000000 ) ) ;
#307 = DIRECTION ( 'NONE',  ( 0.000000000000000000, -0.000000000000000000, -1.000000000000000000 ) ) ;
#308 = DIRECTION ( 'NONE',  ( -4.065758146820640148E-16, 0.000000000000000000, -1.000000000000000000 ) ) ;
#309 = ADVANCED_FACE ( 'NONE', ( #1233 ), #4001, .T. ) ;
#310 = AXIS2_PLACEMENT_3D ( 'NONE', #2709, #260, #619 ) ;
#311 = LINE ( 'NONE', #3054, #2217 ) ;
#312 = ORIENTED_EDGE ( 'NONE', *, *, #2257, .T. ) ;
#313 = ORIENTED_EDGE ( 'NONE', *, *, #3542, .F. ) ;
#314 = VECTOR ( 'NONE', #368, 1000.000000000000000 ) ;
#315 = VERTEX_POINT ( 'NONE', #4449 ) ;
#316 = VECTOR ( 'NONE', #2486, 1000.000000000000000 ) ;
#317 = ORIENTED_EDGE ( 'NONE', *, *, #954, .T. ) ;
#318 = CARTESIAN_POINT ( 'NONE',  ( -1.235000000000000098, 0.7500000000000000000, -1.224999999999999867 ) ) ;
#319 = DIRECTION ( 'NONE',  ( -1.000000000000000000, 0.000000000000000000, 0.000000000000000000 ) ) ;
#320 = VERTEX_POINT ( 'NONE', #1644 ) ;
#321 = DIRECTION ( 'NONE',  ( 0.000000000000000000, 0.000000000000000000, 1.000000000000000000 ) ) ;
#322 = CARTESIAN_POINT ( 'NONE',  ( -0.000000000000000000, 0.5500000000000000444, -1.500000000000000222 ) ) ;
#323 = ORIENTED_EDGE ( 'NONE', *, *, #2449, .F. ) ;
#324 = VERTEX_POINT ( 'NONE', #979 ) ;
#325 = CARTESIAN_POINT ( 'NONE',  ( 0.5624999999999996669, 0.7500000000000000000, -1.524999999999999911 ) ) ;
#326 = VERTEX_POINT ( 'NONE', #1298 ) ;
#327 = CARTESIAN_POINT ( 'NONE',  ( -1.235000000000000542, 0.000000000000000000, 1.499999999999999778 ) ) ;
#328 = DIRECTION ( 'NONE',  ( 0.000000000000000000, 0.000000000000000000, -1.000000000000000000 ) ) ;
#329 = EDGE_CURVE ( 'NONE', #2886, #161, #3467, .T. ) ;
#330 = DIRECTION ( 'NONE',  ( -1.000000000000000000, 0.000000000000000000, -0.000000000000000000 ) ) ;
#331 = ADVANCED_FACE ( 'NONE', ( #3047 ), #1627, .T. ) ;
#332 = ORIENTED_EDGE ( 'NONE', *, *, #1701, .T. ) ;
#333 = CARTESIAN_POINT ( 'NONE',  ( -1.124999999999999334, 0.000000000000000000, -1.599999999999999867 ) ) ;
#334 = PLANE ( 'NONE',  #2325 ) ;
#335 = VERTEX_POINT ( 'NONE', #4430 ) ;
#336 = VERTEX_POINT ( 'NONE', #920 ) ;
#337 = LINE ( 'NONE', #1254, #4331 ) ;
#338 = EDGE_CURVE ( 'NONE', #4392, #3313, #4472, .T. ) ;
#339 = CARTESIAN_POINT ( 'NONE',  ( 0.000000000000000000, 0.7500000000000000000, 1.600000000000000311 ) ) ;
#340 = EDGE_LOOP ( 'NONE', ( #242, #4382, #550, #3528 ) ) ;
#341 = ORIENTED_EDGE ( 'NONE', *, *, #1119, .T. ) ;
#342 = DIRECTION ( 'NONE',  ( -0.000000000000000000, -1.000000000000000000, -0.000000000000000000 ) ) ;
#343 = EDGE_CURVE ( 'NONE', #3313, #347, #1964, .T. ) ;
#344 = CARTESIAN_POINT ( 'NONE',  ( 1.235000000000000098, 0.000000000000000000, -0.6999999999999996225 ) ) ;
#345 = LINE ( 'NONE', #2472, #103 ) ;
#346 = ORIENTED_EDGE ( 'NONE', *, *, #1942, .F. ) ;
#347 = VERTEX_POINT ( 'NONE', #3740 ) ;
#348 = FACE_OUTER_BOUND ( 'NONE', #694, .T. ) ;
#349 = ORIENTED_EDGE ( 'NONE', *, *, #1146, .F. ) ;
#350 = DIRECTION ( 'NONE',  ( 0.000000000000000000, -0.000000000000000000, 1.000000000000000000 ) ) ;
#351 = DIRECTION ( 'NONE',  ( 5.782411586589355667E-16, 0.000000000000000000, -1.000000000000000000 ) ) ;
#352 = CARTESIAN_POINT ( 'NONE',  ( -1.235000000000000542, 0.5500000000000000444, 1.499999999999999778 ) ) ;
#353 = EDGE_CURVE ( 'NONE', #2552, #1071, #4411, .T. ) ;
#354 = FACE_OUTER_BOUND ( 'NONE', #2037, .T. ) ;
#355 = CARTESIAN_POINT ( 'NONE',  ( 2.023844055306276258E-16, 0.000000000000000000, -0.6999999999999999556 ) ) ;
#356 = DIRECTION ( 'NONE',  ( 1.000000000000000000, 0.000000000000000000, -0.000000000000000000 ) ) ;
#357 = ORIENTED_EDGE ( 'NONE', *, *, #3127, .T. ) ;
#358 = LINE ( 'NONE', #1089, #316 ) ;
#359 = ORIENTED_EDGE ( 'NONE', *, *, #1649, .T. ) ;
#360 = CARTESIAN_POINT ( 'NONE',  ( 1.250000000000000666, 0.7500000000000000000, 1.224999999999999201 ) ) ;
#361 = CARTESIAN_POINT ( 'NONE',  ( -0.5000000000000005551, 0.5500000000000000444, 1.500000000000000222 ) ) ;
#362 = ORIENTED_EDGE ( 'NONE', *, *, #1449, .F. ) ;
#363 = ADVANCED_FACE ( 'NONE', ( #1324 ), #3416, .F. ) ;
#364 = VECTOR ( 'NONE', #3116, 1000.000000000000000 ) ;
#365 = ORIENTED_EDGE ( 'NONE', *, *, #3453, .T. ) ;
#366 = CARTESIAN_POINT ( 'NONE',  ( -0.7881455521623168536, 0.7500000000000000000, -0.2868615212563865313 ) ) ;
#367 = ORIENTED_EDGE ( 'NONE', *, *, #1669, .F. ) ;
#368 = DIRECTION ( 'NONE',  ( 0.000000000000000000, 0.000000000000000000, -1.000000000000000000 ) ) ;
#369 = CARTESIAN_POINT ( 'NONE',  ( 1.235000000000000986, 0.5500000000000000444, 0.9749999999999995337 ) ) ;
#370 = VECTOR ( 'NONE', #922, 1000.000000000000000 ) ;
#371 = ORIENTED_EDGE ( 'NONE', *, *, #2822, .T. ) ;
#372 = VECTOR ( 'NONE', #1147, 1000.000000000000000 ) ;
#373 = DIRECTION ( 'NONE',  ( 0.000000000000000000, 1.000000000000000000, -0.000000000000000000 ) ) ;
#374 = ORIENTED_EDGE ( 'NONE', *, *, #4124, .F. ) ;
#375 = AXIS2_PLACEMENT_3D ( 'NONE', #4107, #2774, #5 ) ;
#376 = PLANE ( 'NONE',  #1969 ) ;
#377 = DIRECTION ( 'NONE',  ( 0.000000000000000000, 0.000000000000000000, 1.000000000000000000 ) ) ;
#378 = LINE ( 'NONE', #427, #150 ) ;
#379 = VECTOR ( 'NONE', #3505, 1000.000000000000000 ) ;
#380 = PRESENTATION_LAYER_ASSIGNMENT (  '', '', ( #2344 ) ) ;
#381 = LINE ( 'NONE', #2883, #2705 ) ;
#382 = ORIENTED_EDGE ( 'NONE', *, *, #4135, .F. ) ;
#383 = DIRECTION ( 'NONE',  ( -1.000000000000000000, 0.000000000000000000, 0.000000000000000000 ) ) ;
#384 = CARTESIAN_POINT ( 'NONE',  ( 0.000000000000000000, 0.5500000000000000444, 0.9749999999999995337 ) ) ;
#385 = ORIENTED_EDGE ( 'NONE', *, *, #1807, .T. ) ;
#386 = VECTOR ( 'NONE', #1493, 1000.000000000000000 ) ;
#387 = DIRECTION ( 'NONE',  ( 0.000000000000000000, -1.000000000000000000, 0.000000000000000000 ) ) ;
#388 = EDGE_LOOP ( 'NONE', ( #476, #3083, #212, #4346 ) ) ;
#389 = VECTOR ( 'NONE', #3797, 1000.000000000000000 ) ;
#390 = DIRECTION ( 'NONE',  ( 1.000000000000000000, -0.000000000000000000, 0.000000000000000000 ) ) ;
#391 = DIRECTION ( 'NONE',  ( 0.2169304578186523891, -0.9761870601839536254, -0.000000000000000000 ) ) ;
#392 = VERTEX_POINT ( 'NONE', #305 ) ;
#393 = ADVANCED_FACE ( 'NONE', ( #2754 ), #2708, .F. ) ;
#394 = ADVANCED_FACE ( 'NONE', ( #1000 ), #1690, .T. ) ;
#395 = AXIS2_PLACEMENT_3D ( 'NONE', #4479, #1332, #676 ) ;
#396 = VERTEX_POINT ( 'NONE', #2666 ) ;
#397 = DIRECTION ( 'NONE',  ( 0.000000000000000000, 0.000000000000000000, 1.000000000000000000 ) ) ;
#398 = EDGE_LOOP ( 'NONE', ( #2759, #4247 ) ) ;
#399 = FILL_AREA_STYLE ('',( #3875 ) ) ;
#400 = CARTESIAN_POINT ( 'NONE',  ( 0.5000000000000005551, 0.000000000000000000, -2.032879073410322293E-16 ) ) ;
#401 = LINE ( 'NONE', #1786, #4376 ) ;
#402 = EDGE_CURVE ( 'NONE', #885, #4420, #617, .T. ) ;
#403 = ORIENTED_EDGE ( 'NONE', *, *, #3411, .T. ) ;
#404 = LINE ( 'NONE', #1788, #3599 ) ;
#405 = CARTESIAN_POINT ( 'NONE',  ( -1.000000000000000000, 0.7500000000000000000, -1.499999999999998890 ) ) ;
#406 = DIRECTION ( 'NONE',  ( 0.000000000000000000, 0.000000000000000000, 1.000000000000000000 ) ) ;
#407 = DIRECTION ( 'NONE',  ( -0.7071067811865459074, 0.000000000000000000, 0.7071067811865491270 ) ) ;
#408 = ADVANCED_FACE ( 'NONE', ( #936 ), #3090, .T. ) ;
#409 = CARTESIAN_POINT ( 'NONE',  ( -0.3102022324300334755, 0.7500000000000000000, 1.600000000000000311 ) ) ;
#410 = ORIENTED_EDGE ( 'NONE', *, *, #822, .F. ) ;
#411 = SURFACE_STYLE_USAGE ( .BOTH. , #3551 ) ;
#412 = CARTESIAN_POINT ( 'NONE',  ( -0.8250000000000001776, 1.149999999999999911, -1.149999999999999911 ) ) ;
#413 = VERTEX_POINT ( 'NONE', #2731 ) ;
#414 = ADVANCED_FACE ( 'NONE', ( #4065 ), #4147, .T. ) ;
#415 = DIRECTION ( 'NONE',  ( 0.000000000000000000, 0.000000000000000000, -1.000000000000000000 ) ) ;
#416 = ORIENTED_EDGE ( 'NONE', *, *, #954, .F. ) ;
#417 = CARTESIAN_POINT ( 'NONE',  ( 0.5000000000000000000, 0.5500000000000000444, 0.7000000000000000666 ) ) ;
#418 = FACE_OUTER_BOUND ( 'NONE', #3266, .T. ) ;
#419 = ORIENTED_EDGE ( 'NONE', *, *, #2977, .F. ) ;
#420 = VERTEX_POINT ( 'NONE', #595 ) ;
#421 = EDGE_CURVE ( 'NONE', #1920, #2652, #1987, .T. ) ;
#422 = DIRECTION ( 'NONE',  ( 0.000000000000000000, -1.000000000000000000, 0.000000000000000000 ) ) ;
#423 = CARTESIAN_POINT ( 'NONE',  ( -1.000000000000000000, 0.7500000000000000000, 1.449999999999999956 ) ) ;
#424 = VERTEX_POINT ( 'NONE', #3781 ) ;
#425 = DIRECTION ( 'NONE',  ( 1.000000000000000000, 0.000000000000000000, 0.000000000000000000 ) ) ;
#426 = DIRECTION ( 'NONE',  ( -1.000000000000000000, -0.000000000000000000, -0.000000000000000000 ) ) ;
#427 = CARTESIAN_POINT ( 'NONE',  ( -0.3102022324300346412, 0.7500000000000000000, -1.600000000000000089 ) ) ;
#428 = EDGE_CURVE ( 'NONE', #872, #3405, #3803, .T. ) ;
#429 = PLANE ( 'NONE',  #1098 ) ;
#430 = CARTESIAN_POINT ( 'NONE',  ( 1.125000000000000000, 0.7500000000000000000, -1.474999999999999867 ) ) ;
#431 = VECTOR ( 'NONE', #896, 1000.000000000000000 ) ;
#432 = LINE ( 'NONE', #2511, #1168 ) ;
#433 = LINE ( 'NONE', #1415, #1553 ) ;
#434 = VERTEX_POINT ( 'NONE', #3931 ) ;
#435 = CARTESIAN_POINT ( 'NONE',  ( 0.4999999999999998890, 0.000000000000000000, -1.500000000000000222 ) ) ;
#436 = DIRECTION ( 'NONE',  ( 0.000000000000000000, 0.000000000000000000, -1.000000000000000000 ) ) ;
#437 = ORIENTED_EDGE ( 'NONE', *, *, #997, .F. ) ;
#438 = ORIENTED_EDGE ( 'NONE', *, *, #934, .T. ) ;
#439 = CARTESIAN_POINT ( 'NONE',  ( 0.000000000000000000, 0.7500000000000000000, 1.524999999999999911 ) ) ;
#440 = LINE ( 'NONE', #400, #2283 ) ;
#441 = DIRECTION ( 'NONE',  ( 1.000000000000000000, -0.000000000000000000, 0.000000000000000000 ) ) ;
#442 = ADVANCED_FACE ( 'NONE', ( #1080 ), #4276, .F. ) ;
#443 = VECTOR ( 'NONE', #1448, 1000.000000000000000 ) ;
#444 = DIRECTION ( 'NONE',  ( 1.000000000000000000, 0.000000000000000000, 1.084202172485504434E-16 ) ) ;
#445 = CARTESIAN_POINT ( 'NONE',  ( 1.000000000000000000, 0.9749999999999998668, 1.449999999999999956 ) ) ;
#446 = AXIS2_PLACEMENT_3D ( 'NONE', #1350, #574, #3744 ) ;
#447 = ORIENTED_EDGE ( 'NONE', *, *, #4057, .F. ) ;
#448 = CARTESIAN_POINT ( 'NONE',  ( -0.5625000000000003331, 0.7500000000000000000, -1.524999999999999911 ) ) ;
#449 = ADVANCED_FACE ( 'NONE', ( #348 ), #1735, .F. ) ;
#450 = EDGE_CURVE ( 'NONE', #773, #3449, #3135, .T. ) ;
#451 = AXIS2_PLACEMENT_3D ( 'NONE', #2006, #2376, #1348 ) ;
#452 = AXIS2_PLACEMENT_3D ( 'NONE', #2106, #373, #1762 ) ;
#453 = DIRECTION ( 'NONE',  ( 0.000000000000000000, 0.000000000000000000, 1.000000000000000000 ) ) ;
#454 = EDGE_LOOP ( 'NONE', ( #3561, #1117, #3159, #1770, #3990, #2348, #4086, #284, #50, #4063, #3704, #3848, #2228, #1959, #1245, #1366, #3772, #4512, #1753, #3782, #4179, #2239, #39, #1179, #4406, #3553, #4319, #3409, #60, #4501, #2523, #1066, #950, #3762, #3076, #3755, #1806, #1267, #2131, #3278, #2912, #1775, #2141, #1863, #1252, #3864, #2891, #3423, #1624, #2628, #2906, #1299, #2298, #1787, #4302, #3638, #3291 ) ) ;
#455 = VECTOR ( 'NONE', #3310, 1000.000000000000000 ) ;
#456 = DIRECTION ( 'NONE',  ( -0.000000000000000000, -1.000000000000000000, -0.000000000000000000 ) ) ;
#457 = CARTESIAN_POINT ( 'NONE',  ( -1.235000000000000098, 0.000000000000000000, -0.000000000000000000 ) ) ;
#458 = EDGE_CURVE ( 'NONE', #2487, #2069, #3112, .T. ) ;
#459 = COLOUR_RGB ( '',1.000000000000000000, 0.8117647058823529438, 0.5019607843137254832 ) ;
#460 = LINE ( 'NONE', #3595, #2288 ) ;
#461 = ORIENTED_EDGE ( 'NONE', *, *, #1328, .F. ) ;
#462 = LINE ( 'NONE', #3179, #3227 ) ;
#463 = VECTOR ( 'NONE', #2772, 1000.000000000000000 ) ;
#464 = CIRCLE ( 'NONE', #2794, 0.1499999999999999667 ) ;
#465 = AXIS2_PLACEMENT_3D ( 'NONE', #1621, #3412, #321 ) ;
#466 = ORIENTED_EDGE ( 'NONE', *, *, #2184, .F. ) ;
#467 = CARTESIAN_POINT ( 'NONE',  ( -0.8250000000000001776, 1.149999999999999911, -1.000000000000000000 ) ) ;
#468 = CARTESIAN_POINT ( 'NONE',  ( 0.000000000000000000, 0.7500000000000000000, -1.524999999999999911 ) ) ;
#469 = AXIS2_PLACEMENT_3D ( 'NONE', #3149, #1798, #18 ) ;
#470 = CARTESIAN_POINT ( 'NONE',  ( 0.7881455521623259575, 0.000000000000000000, 0.2868615212563979111 ) ) ;
#471 = COLOUR_RGB ( '',0.000000000000000000, 0.000000000000000000, 0.000000000000000000 ) ;
#472 = ORIENTED_EDGE ( 'NONE', *, *, #1134, .F. ) ;
#473 = CARTESIAN_POINT ( 'NONE',  ( -0.8250000000000001776, 1.199999999999999956, -1.000000000000000000 ) ) ;
#474 = LINE ( 'NONE', #493, #897 ) ;
#475 = SURFACE_SIDE_STYLE ('',( #1191 ) ) ;
#476 = ORIENTED_EDGE ( 'NONE', *, *, #1371, .F. ) ;
#477 = DIRECTION ( 'NONE',  ( 0.000000000000000000, -1.000000000000000000, 0.000000000000000000 ) ) ;
#478 = LINE ( 'NONE', #884, #3670 ) ;
#479 = ADVANCED_FACE ( 'NONE', ( #1030 ), #696, .F. ) ;
#480 = ADVANCED_FACE ( 'NONE', ( #2526 ), #4518, .F. ) ;
#481 = CARTESIAN_POINT ( 'NONE',  ( -1.235000000000000542, 0.5500000000000000444, 1.499999999999999778 ) ) ;
#482 = CARTESIAN_POINT ( 'NONE',  ( 1.124999999999998890, 0.000000000000000000, -1.599999999999999867 ) ) ;
#483 = VERTEX_POINT ( 'NONE', #2803 ) ;
#484 = CARTESIAN_POINT ( 'NONE',  ( -1.250000000000000222, 0.7500000000000000000, -1.224999999999999867 ) ) ;
#485 = ORIENTED_EDGE ( 'NONE', *, *, #779, .T. ) ;
#486 = CARTESIAN_POINT ( 'NONE',  ( -1.235000000000000542, 0.5500000000000000444, 0.000000000000000000 ) ) ;
#487 = ORIENTED_EDGE ( 'NONE', *, *, #248, .T. ) ;
#488 = ADVANCED_FACE ( 'NONE', ( #2474 ), #743, .F. ) ;
#489 = CARTESIAN_POINT ( 'NONE',  ( -0.8250000000000001776, 1.149999999999999911, -1.149999999999999911 ) ) ;
#490 = DIRECTION ( 'NONE',  ( 1.000000000000000000, 0.000000000000000000, 0.000000000000000000 ) ) ;
#491 = EDGE_CURVE ( 'NONE', #267, #4287, #2503, .T. ) ;
#492 = DIRECTION ( 'NONE',  ( -1.000000000000000000, 0.000000000000000000, -0.000000000000000000 ) ) ;
#493 = CARTESIAN_POINT ( 'NONE',  ( 0.000000000000000000, 0.000000000000000000, 1.524999999999999911 ) ) ;
#494 = VERTEX_POINT ( 'NONE', #2427 ) ;
#495 = VERTEX_POINT ( 'NONE', #1058 ) ;
#496 = CARTESIAN_POINT ( 'NONE',  ( 1.249999999999999778, 0.5500000000000000444, 0.9749999999999995337 ) ) ;
#497 = LINE ( 'NONE', #199, #1598 ) ;
#498 = EDGE_CURVE ( 'NONE', #2438, #2069, #3855, .T. ) ;
#499 = LINE ( 'NONE', #1520, #600 ) ;
#500 = VECTOR ( 'NONE', #1291, 1000.000000000000000 ) ;
#501 = VERTEX_POINT ( 'NONE', #2775 ) ;
#502 = LINE ( 'NONE', #3726, #1612 ) ;
#503 = ORIENTED_EDGE ( 'NONE', *, *, #3246, .F. ) ;
#504 = EDGE_CURVE ( 'NONE', #2448, #810, #3834, .T. ) ;
#505 = DIRECTION ( 'NONE',  ( -1.000000000000000000, 0.000000000000000000, -1.807003620809175618E-16 ) ) ;
#506 = ORIENTED_EDGE ( 'NONE', *, *, #1033, .T. ) ;
#507 = DIRECTION ( 'NONE',  ( 0.000000000000000000, 0.000000000000000000, -1.000000000000000000 ) ) ;
#508 = CARTESIAN_POINT ( 'NONE',  ( 1.249999999999999778, 0.5500000000000000444, -0.9750000000000001998 ) ) ;
#509 = ORIENTED_EDGE ( 'NONE', *, *, #3843, .F. ) ;
#510 = ADVANCED_FACE ( 'NONE', ( #3517 ), #376, .T. ) ;
#511 = LINE ( 'NONE', #1492, #1315 ) ;
#512 = LINE ( 'NONE', #172, #4045 ) ;
#513 = CARTESIAN_POINT ( 'NONE',  ( -0.7881455521623250693, 0.000000000000000000, 0.2868615212563975780 ) ) ;
#514 = ORIENTED_EDGE ( 'NONE', *, *, #99, .F. ) ;
#515 = ORIENTED_EDGE ( 'NONE', *, *, #4031, .T. ) ;
#516 = AXIS2_PLACEMENT_3D ( 'NONE', #1991, #2334, #3745 ) ;
#517 = DIRECTION ( 'NONE',  ( -1.000000000000000000, 0.000000000000000000, 0.000000000000000000 ) ) ;
#518 = ORIENTED_EDGE ( 'NONE', *, *, #1339, .T. ) ;
#519 = PLANE ( 'NONE',  #3746 ) ;
#520 = LINE ( 'NONE', #1909, #3962 ) ;
#521 = AXIS2_PLACEMENT_3D ( 'NONE', #384, #1064, #1742 ) ;
#522 = VECTOR ( 'NONE', #4279, 1000.000000000000000 ) ;
#523 = ORIENTED_EDGE ( 'NONE', *, *, #3017, .T. ) ;
#524 = DIRECTION ( 'NONE',  ( 1.000000000000000000, -0.000000000000000000, 0.000000000000000000 ) ) ;
#525 = VECTOR ( 'NONE', #276, 1000.000000000000000 ) ;
#526 = EDGE_LOOP ( 'NONE', ( #1999, #3643, #2162, #19 ) ) ;
#527 = VECTOR ( 'NONE', #3361, 1000.000000000000000 ) ;
#528 = VECTOR ( 'NONE', #3475, 1000.000000000000000 ) ;
#529 = EDGE_CURVE ( 'NONE', #3964, #1935, #1426, .T. ) ;
#530 = ADVANCED_FACE ( 'NONE', ( #3190 ), #2848, .T. ) ;
#531 = LINE ( 'NONE', #468, #1729 ) ;
#532 = ORIENTED_EDGE ( 'NONE', *, *, #4365, .T. ) ;
#533 = VECTOR ( 'NONE', #2619, 1000.000000000000000 ) ;
#534 = CARTESIAN_POINT ( 'NONE',  ( -1.000000000000000000, 0.7500000000000000000, 1.449999999999999956 ) ) ;
#535 = VECTOR ( 'NONE', #932, 1000.000000000000000 ) ;
#536 = CARTESIAN_POINT ( 'NONE',  ( -1.000000000000000000, 0.7500000000000000000, -1.449999999999999067 ) ) ;
#537 = CARTESIAN_POINT ( 'NONE',  ( 1.124999999999999556, 0.7500000000000000000, -1.324999999999999734 ) ) ;
#538 = ORIENTED_EDGE ( 'NONE', *, *, #1272, .T. ) ;
#539 = EDGE_LOOP ( 'NONE', ( #3374, #4513, #4064, #2096 ) ) ;
#540 = AXIS2_PLACEMENT_3D ( 'NONE', #3221, #1130, #4216 ) ;
#541 = DIRECTION ( 'NONE',  ( 0.000000000000000000, 0.000000000000000000, -1.000000000000000000 ) ) ;
#542 = EDGE_CURVE ( 'NONE', #985, #3628, #769, .T. ) ;
#543 = LINE ( 'NONE', #2668, #671 ) ;
#544 = CARTESIAN_POINT ( 'NONE',  ( 0.000000000000000000, 0.000000000000000000, -0.6999999999999998446 ) ) ;
#545 = ORIENTED_EDGE ( 'NONE', *, *, #2385, .F. ) ;
#546 = CARTESIAN_POINT ( 'NONE',  ( 1.174999999999999378, 0.7500000000000000000, 1.324999999999999734 ) ) ;
#547 = ORIENTED_EDGE ( 'NONE', *, *, #3219, .F. ) ;
#548 =( NAMED_UNIT ( * ) SI_UNIT ( $, .STERADIAN. ) SOLID_ANGLE_UNIT ( ) );
#549 = CARTESIAN_POINT ( 'NONE',  ( 1.235000000000000098, 0.000000000000000000, -1.500000000000000222 ) ) ;
#550 = ORIENTED_EDGE ( 'NONE', *, *, #3049, .T. ) ;
#551 = ADVANCED_FACE ( 'NONE', ( #77 ), #1466, .F. ) ;
#552 = CARTESIAN_POINT ( 'NONE',  ( 0.3375000000000006883, 0.000000000000000000, 1.524999999999999911 ) ) ;
#553 = DIRECTION ( 'NONE',  ( -1.000000000000000000, 0.000000000000000000, 0.000000000000000000 ) ) ;
#554 = LINE ( 'NONE', #173, #3667 ) ;
#555 = VERTEX_POINT ( 'NONE', #2637 ) ;
#556 = DIRECTION ( 'NONE',  ( -1.000000000000000000, 0.000000000000000000, -0.000000000000000000 ) ) ;
#557 = ORIENTED_EDGE ( 'NONE', *, *, #789, .T. ) ;
#558 = CARTESIAN_POINT ( 'NONE',  ( 1.249999999999999778, 0.5500000000000000444, -1.224999999999999867 ) ) ;
#559 = LINE ( 'NONE', #2927, #1536 ) ;
#560 = ORIENTED_EDGE ( 'NONE', *, *, #2678, .F. ) ;
#561 = EDGE_CURVE ( 'NONE', #3449, #4123, #2596, .T. ) ;
#562 = ORIENTED_EDGE ( 'NONE', *, *, #2543, .F. ) ;
#563 = CARTESIAN_POINT ( 'NONE',  ( 0.4999999999999998890, 0.000000000000000000, -1.500000000000000222 ) ) ;
#564 = DIRECTION ( 'NONE',  ( -1.000000000000000000, -0.000000000000000000, -0.000000000000000000 ) ) ;
#565 = VECTOR ( 'NONE', #1507, 1000.000000000000000 ) ;
#566 = DIRECTION ( 'NONE',  ( -0.000000000000000000, -1.000000000000000000, -0.000000000000000000 ) ) ;
#567 = CARTESIAN_POINT ( 'NONE',  ( 0.000000000000000000, 0.000000000000000000, -1.224999999999999867 ) ) ;
#568 = FACE_OUTER_BOUND ( 'NONE', #2590, .T. ) ;
#569 = ORIENTED_EDGE ( 'NONE', *, *, #4217, .T. ) ;
#570 = EDGE_LOOP ( 'NONE', ( #3474, #587, #1384, #3424 ) ) ;
#571 = CARTESIAN_POINT ( 'NONE',  ( 1.125000000000000000, 0.7500000000000000000, 1.475000000000000311 ) ) ;
#572 = ORIENTED_EDGE ( 'NONE', *, *, #3288, .F. ) ;
#573 = LINE ( 'NONE', #1517, #2722 ) ;
#574 = DIRECTION ( 'NONE',  ( -1.000000000000000000, 0.000000000000000000, -0.000000000000000000 ) ) ;
#575 = ADVANCED_FACE ( 'NONE', ( #3997 ), #2249, .T. ) ;
#576 = VECTOR ( 'NONE', #1468, 1000.000000000000000 ) ;
#577 = DIRECTION ( 'NONE',  ( 1.807003620809175618E-16, 0.000000000000000000, -1.000000000000000000 ) ) ;
#578 = DIRECTION ( 'NONE',  ( 1.000000000000000000, 0.000000000000000000, 0.000000000000000000 ) ) ;
#579 = CARTESIAN_POINT ( 'NONE',  ( -0.3375000000000003553, 0.000000000000000000, -1.524999999999999911 ) ) ;
#580 = CARTESIAN_POINT ( 'NONE',  ( -1.000000000000000000, 0.7500000000000000000, 1.324999999999999734 ) ) ;
#581 = AXIS2_PLACEMENT_3D ( 'NONE', #2214, #4364, #217 ) ;
#582 = AXIS2_PLACEMENT_3D ( 'NONE', #863, #556, #2397 ) ;
#583 = FILL_AREA_STYLE ('',( #3344 ) ) ;
#584 = EDGE_CURVE ( 'NONE', #623, #501, #2546, .T. ) ;
#585 = VECTOR ( 'NONE', #3262, 1000.000000000000000 ) ;
#586 = LINE ( 'NONE', #2997, #3717 ) ;
#587 = ORIENTED_EDGE ( 'NONE', *, *, #2629, .F. ) ;
#588 = EDGE_CURVE ( 'NONE', #326, #3713, #840, .T. ) ;
#589 = DIRECTION ( 'NONE',  ( 1.000000000000000000, 0.000000000000000000, 0.000000000000000000 ) ) ;
#590 = VECTOR ( 'NONE', #2659, 1000.000000000000000 ) ;
#591 = VECTOR ( 'NONE', #921, 1000.000000000000000 ) ;
#592 = VERTEX_POINT ( 'NONE', #105 ) ;
#593 = LINE ( 'NONE', #1986, #2039 ) ;
#594 = VECTOR ( 'NONE', #4042, 1000.000000000000000 ) ;
#595 = CARTESIAN_POINT ( 'NONE',  ( 1.125000000000000444, 1.199999999999999734, -1.324999999999999734 ) ) ;
#596 = ORIENTED_EDGE ( 'NONE', *, *, #1342, .F. ) ;
#597 = CYLINDRICAL_SURFACE ( 'NONE', #4337, 0.1499999999999999667 ) ;
#598 = PLANE ( 'NONE',  #4254 ) ;
#599 = LINE ( 'NONE', #3403, #2778 ) ;
#600 = VECTOR ( 'NONE', #1285, 1000.000000000000000 ) ;
#601 = DIRECTION ( 'NONE',  ( -1.000000000000000000, 0.000000000000000000, -1.084202172485504434E-16 ) ) ;
#602 = EDGE_CURVE ( 'NONE', #1001, #2424, #2896, .T. ) ;
#603 = EDGE_LOOP ( 'NONE', ( #2072, #2541, #2549, #1437 ) ) ;
#604 = EDGE_LOOP ( 'NONE', ( #4239, #1321, #3026, #2243 ) ) ;
#605 =( NAMED_UNIT ( * ) SI_UNIT ( $, .STERADIAN. ) SOLID_ANGLE_UNIT ( ) );
#606 = DIRECTION ( 'NONE',  ( 0.000000000000000000, 0.000000000000000000, 1.000000000000000000 ) ) ;
#607 = ORIENTED_EDGE ( 'NONE', *, *, #1420, .T. ) ;
#608 = ORIENTED_EDGE ( 'NONE', *, *, #81, .T. ) ;
#609 = CARTESIAN_POINT ( 'NONE',  ( 0.000000000000000000, 0.5500000000000000444, -1.224999999999999867 ) ) ;
#610 = VERTEX_POINT ( 'NONE', #3332 ) ;
#611 = EDGE_CURVE ( 'NONE', #2258, #4503, #4293, .T. ) ;
#612 = CARTESIAN_POINT ( 'NONE',  ( 1.235000000000000986, 0.7500000000000000000, 0.9749999999999995337 ) ) ;
#613 = DIRECTION ( 'NONE',  ( 0.000000000000000000, -1.000000000000000000, 0.000000000000000000 ) ) ;
#614 = CARTESIAN_POINT ( 'NONE',  ( -1.000000000000000000, 0.7500000000000000000, 1.324999999999999734 ) ) ;
#615 = EDGE_CURVE ( 'NONE', #2979, #4471, #2945, .T. ) ;
#616 = LINE ( 'NONE', #3111, #4468 ) ;
#617 = LINE ( 'NONE', #4495, #2407 ) ;
#618 = ORIENTED_EDGE ( 'NONE', *, *, #3895, .T. ) ;
#619 = DIRECTION ( 'NONE',  ( 0.000000000000000000, 0.000000000000000000, 1.000000000000000000 ) ) ;
#620 = LINE ( 'NONE', #2528, #738 ) ;
#621 = LINE ( 'NONE', #3765, #2116 ) ;
#622 = DIRECTION ( 'NONE',  ( 0.000000000000000000, 0.000000000000000000, -1.000000000000000000 ) ) ;
#623 = VERTEX_POINT ( 'NONE', #878 ) ;
#624 = CARTESIAN_POINT ( 'NONE',  ( -1.000000000000000000, 0.7500000000000000000, -1.324999999999999734 ) ) ;
#625 = ORIENTED_EDGE ( 'NONE', *, *, #3858, .F. ) ;
#626 = EDGE_CURVE ( 'NONE', #777, #3565, #511, .T. ) ;
#627 = UNCERTAINTY_MEASURE_WITH_UNIT (LENGTH_MEASURE( 1.000000000000000082E-05 ), #4076, 'distance_accuracy_value', 'NONE');
#628 = ORIENTED_EDGE ( 'NONE', *, *, #789, .F. ) ;
#629 = LINE ( 'NONE', #1360, #298 ) ;
#630 = DIRECTION ( 'NONE',  ( 0.000000000000000000, 0.000000000000000000, -1.000000000000000000 ) ) ;
#631 = ORIENTED_EDGE ( 'NONE', *, *, #822, .T. ) ;
#632 = EDGE_CURVE ( 'NONE', #1920, #970, #4355, .T. ) ;
#633 = EDGE_CURVE ( 'NONE', #2144, #3713, #1897, .T. ) ;
#634 = AXIS2_PLACEMENT_3D ( 'NONE', #369, #805, #2963 ) ;
#635 = DIRECTION ( 'NONE',  ( 1.000000000000000000, 0.000000000000000000, -0.000000000000000000 ) ) ;
#636 = LINE ( 'NONE', #4467, #4038 ) ;
#637 = EDGE_CURVE ( 'NONE', #501, #3405, #1878, .T. ) ;
#638 = DIRECTION ( 'NONE',  ( 0.3420201433256800372, 0.000000000000000000, 0.9396926207859043201 ) ) ;
#639 = ORIENTED_EDGE ( 'NONE', *, *, #2261, .T. ) ;
#640 = LINE ( 'NONE', #3378, #2504 ) ;
#641 = CARTESIAN_POINT ( 'NONE',  ( -1.125000000000000222, 0.9749999999999998668, 1.324999999999999734 ) ) ;
#642 = LINE ( 'NONE', #4070, #3325 ) ;
#643 = CARTESIAN_POINT ( 'NONE',  ( 0.000000000000000000, 0.5500000000000000444, -0.9750000000000001998 ) ) ;
#644 = PRESENTATION_STYLE_ASSIGNMENT (( #3789 ) ) ;
#645 = FACE_OUTER_BOUND ( 'NONE', #2833, .T. ) ;
#646 = VECTOR ( 'NONE', #181, 1000.000000000000000 ) ;
#647 = ORIENTED_EDGE ( 'NONE', *, *, #684, .F. ) ;
#648 = LINE ( 'NONE', #1703, #1240 ) ;
#649 = CIRCLE ( 'NONE', #3215, 0.1250000000000001110 ) ;
#650 = CARTESIAN_POINT ( 'NONE',  ( 0.000000000000000000, 0.7500000000000000000, -1.524999999999999911 ) ) ;
#651 = EDGE_LOOP ( 'NONE', ( #3460, #367, #3454, #1726 ) ) ;
#652 = AXIS2_PLACEMENT_3D ( 'NONE', #571, #3027, #3719 ) ;
#653 = VECTOR ( 'NONE', #962, 1000.000000000000000 ) ;
#654 = FACE_OUTER_BOUND ( 'NONE', #1700, .T. ) ;
#655 = ADVANCED_FACE ( 'NONE', ( #3284 ), #811, .T. ) ;
#656 = EDGE_CURVE ( 'NONE', #2309, #2770, #1572, .T. ) ;
#657 = AXIS2_PLACEMENT_3D ( 'NONE', #1849, #729, #826 ) ;
#658 =( LENGTH_UNIT ( ) NAMED_UNIT ( * ) SI_UNIT ( .MILLI., .METRE. ) );
#659 = DIRECTION ( 'NONE',  ( 0.000000000000000000, 0.000000000000000000, 1.000000000000000000 ) ) ;
#660 = CARTESIAN_POINT ( 'NONE',  ( 1.000000000000000000, 0.7500000000000000000, 1.324999999999999734 ) ) ;
#661 = VECTOR ( 'NONE', #4441, 1000.000000000000000 ) ;
#662 = ORIENTED_EDGE ( 'NONE', *, *, #498, .T. ) ;
#663 = AXIS2_PLACEMENT_3D ( 'NONE', #4504, #286, #2033 ) ;
#664 = ORIENTED_EDGE ( 'NONE', *, *, #3199, .T. ) ;
#665 = DIRECTION ( 'NONE',  ( 0.000000000000000000, -0.000000000000000000, 1.000000000000000000 ) ) ;
#666 = PRODUCT_RELATED_PRODUCT_CATEGORY ( 'part', '', ( #969 ) ) ;
#667 = ORIENTED_EDGE ( 'NONE', *, *, #4489, .F. ) ;
#668 = CARTESIAN_POINT ( 'NONE',  ( 1.249999999999999778, 0.5500000000000000444, 1.224999999999999201 ) ) ;
#669 = VERTEX_POINT ( 'NONE', #473 ) ;
#670 = AXIS2_PLACEMENT_3D ( 'NONE', #4244, #2495, #71 ) ;
#671 = VECTOR ( 'NONE', #4413, 1000.000000000000000 ) ;
#672 = CARTESIAN_POINT ( 'NONE',  ( 1.235000000000000098, 0.5500000000000000444, 0.000000000000000000 ) ) ;
#673 = DIRECTION ( 'NONE',  ( 0.000000000000000000, -1.000000000000000000, 0.000000000000000000 ) ) ;
#674 = CARTESIAN_POINT ( 'NONE',  ( -8.673617379884037444E-16, 0.000000000000000000, 1.500000000000000444 ) ) ;
#675 = VECTOR ( 'NONE', #1730, 1000.000000000000000 ) ;
#676 = DIRECTION ( 'NONE',  ( -1.000000000000000000, 0.000000000000000000, 9.637352644315630249E-16 ) ) ;
#677 = EDGE_CURVE ( 'NONE', #2496, #1705, #3612, .T. ) ;
#678 = ORIENTED_EDGE ( 'NONE', *, *, #1872, .T. ) ;
#679 = ORIENTED_EDGE ( 'NONE', *, *, #1855, .F. ) ;
#680 = SURFACE_STYLE_FILL_AREA ( #2740 ) ;
#681 = DIRECTION ( 'NONE',  ( -0.000000000000000000, -1.000000000000000000, -0.000000000000000000 ) ) ;
#682 = ORIENTED_EDGE ( 'NONE', *, *, #4199, .F. ) ;
#683 = VECTOR ( 'NONE', #1858, 1000.000000000000000 ) ;
#684 = EDGE_CURVE ( 'NONE', #4450, #2412, #1227, .T. ) ;
#685 = VECTOR ( 'NONE', #3629, 1000.000000000000000 ) ;
#686 = ORIENTED_EDGE ( 'NONE', *, *, #4164, .F. ) ;
#687 = CARTESIAN_POINT ( 'NONE',  ( 0.5897977675699662692, 0.7500000000000000000, 1.600000000000000311 ) ) ;
#688 = CARTESIAN_POINT ( 'NONE',  ( 1.235000000000000986, 0.000000000000000000, -0.000000000000000000 ) ) ;
#689 = ORIENTED_EDGE ( 'NONE', *, *, #3331, .F. ) ;
#690 = DIRECTION ( 'NONE',  ( -0.000000000000000000, -1.000000000000000000, -0.000000000000000000 ) ) ;
#691 = DIRECTION ( 'NONE',  ( -1.084202172485504434E-16, 0.000000000000000000, 1.000000000000000000 ) ) ;
#692 = ORIENTED_EDGE ( 'NONE', *, *, #3786, .T. ) ;
#693 = EDGE_CURVE ( 'NONE', #3853, #2144, #145, .T. ) ;
#694 = EDGE_LOOP ( 'NONE', ( #4008, #1663, #4443, #2976 ) ) ;
#695 = CARTESIAN_POINT ( 'NONE',  ( 1.000000000000000000, 0.7500000000000000000, 1.449999999999999956 ) ) ;
#696 = PLANE ( 'NONE',  #3888 ) ;
#697 = ORIENTED_EDGE ( 'NONE', *, *, #2763, .T. ) ;
#698 = CARTESIAN_POINT ( 'NONE',  ( 1.235000000000000098, 0.7500000000000000000, -1.224999999999999867 ) ) ;
#699 = DIRECTION ( 'NONE',  ( -0.000000000000000000, -1.000000000000000000, -0.000000000000000000 ) ) ;
#700 = CARTESIAN_POINT ( 'NONE',  ( -0.7000000000000016209, 0.000000000000000000, -0.6999999999999986233 ) ) ;
#701 = DIRECTION ( 'NONE',  ( -1.000000000000000000, 0.000000000000000000, -2.891205793294680298E-16 ) ) ;
#702 = DIRECTION ( 'NONE',  ( 0.9396926207859043201, -0.000000000000000000, 0.3420201433256799817 ) ) ;
#703 = EDGE_LOOP ( 'NONE', ( #3645, #4351, #2783, #1210 ) ) ;
#704 = ADVANCED_FACE ( 'NONE', ( #1511 ), #3633, .F. ) ;
#705 = DIRECTION ( 'NONE',  ( 0.000000000000000000, 1.000000000000000000, -0.000000000000000000 ) ) ;
#706 = ORIENTED_EDGE ( 'NONE', *, *, #1669, .T. ) ;
#707 = DIRECTION ( 'NONE',  ( -0.000000000000000000, -1.000000000000000000, -0.000000000000000000 ) ) ;
#708 = CARTESIAN_POINT ( 'NONE',  ( -1.235000000000000542, 0.5500000000000000444, 0.9749999999999997558 ) ) ;
#709 = ORIENTED_EDGE ( 'NONE', *, *, #2948, .T. ) ;
#710 = EDGE_CURVE ( 'NONE', #128, #2203, #3102, .T. ) ;
#711 = ORIENTED_EDGE ( 'NONE', *, *, #3583, .T. ) ;
#712 = DIRECTION ( 'NONE',  ( 0.000000000000000000, 0.000000000000000000, -1.000000000000000000 ) ) ;
#713 = FACE_OUTER_BOUND ( 'NONE', #735, .T. ) ;
#714 = ORIENTED_EDGE ( 'NONE', *, *, #3032, .F. ) ;
#715 = ORIENTED_EDGE ( 'NONE', *, *, #1452, .F. ) ;
#716 = AXIS2_PLACEMENT_3D ( 'NONE', #856, #2246, #3650 ) ;
#717 = VERTEX_POINT ( 'NONE', #1748 ) ;
#718 = CARTESIAN_POINT ( 'NONE',  ( -0.7881455521623168536, 0.7500000000000000000, -0.2868615212563865313 ) ) ;
#719 = CARTESIAN_POINT ( 'NONE',  ( -1.235000000000000098, 0.5500000000000000444, 0.000000000000000000 ) ) ;
#720 = LINE ( 'NONE', #1060, #941 ) ;
#721 = DIRECTION ( 'NONE',  ( 0.000000000000000000, 0.000000000000000000, -1.000000000000000000 ) ) ;
#722 = EDGE_CURVE ( 'NONE', #2717, #1981, #3151, .T. ) ;
#723 = ORIENTED_EDGE ( 'NONE', *, *, #2299, .T. ) ;
#724 = DIRECTION ( 'NONE',  ( -1.000000000000000000, 0.000000000000000000, 0.000000000000000000 ) ) ;
#725 = CARTESIAN_POINT ( 'NONE',  ( 1.124999999999998890, 0.7500000000000000000, -1.599999999999999867 ) ) ;
#726 = EDGE_LOOP ( 'NONE', ( #2753, #2345, #1712, #3779 ) ) ;
#727 = DIRECTION ( 'NONE',  ( -1.000000000000000000, 0.000000000000000000, 0.000000000000000000 ) ) ;
#728 = ORIENTED_EDGE ( 'NONE', *, *, #867, .T. ) ;
#729 = DIRECTION ( 'NONE',  ( -0.000000000000000000, -1.000000000000000000, 0.000000000000000000 ) ) ;
#730 = ADVANCED_BREP_SHAPE_REPRESENTATION ( 'SXO32C3A071-10.000M', ( #1306, #4348, #4309, #1217, #2720, #4332, #1266, #2834, #1911 ), #4400 ) ;
#731 = CARTESIAN_POINT ( 'NONE',  ( 1.235000000000000098, 0.5500000000000000444, -0.9750000000000001998 ) ) ;
#732 = EDGE_LOOP ( 'NONE', ( #2538, #1628, #235, #1394, #1820 ) ) ;
#733 = EDGE_LOOP ( 'NONE', ( #1755, #4163, #2035, #1516 ) ) ;
#734 = CARTESIAN_POINT ( 'NONE',  ( 0.3102022324300344192, 0.000000000000000000, 1.600000000000000311 ) ) ;
#735 = EDGE_LOOP ( 'NONE', ( #532, #3816, #2232, #800 ) ) ;
#736 = EDGE_CURVE ( 'NONE', #3874, #1071, #337, .T. ) ;
#737 = LINE ( 'NONE', #1397, #3165 ) ;
#738 = VECTOR ( 'NONE', #1375, 1000.000000000000000 ) ;
#739 = ORIENTED_EDGE ( 'NONE', *, *, #4237, .T. ) ;
#740 = AXIS2_PLACEMENT_3D ( 'NONE', #3680, #3336, #2645 ) ;
#741 = EDGE_CURVE ( 'NONE', #2646, #396, #4510, .T. ) ;
#742 = AXIS2_PLACEMENT_3D ( 'NONE', #614, #3737, #3759 ) ;
#743 = PLANE ( 'NONE',  #817 ) ;
#744 = FACE_OUTER_BOUND ( 'NONE', #3543, .T. ) ;
#745 = LINE ( 'NONE', #2476, #883 ) ;
#746 = VECTOR ( 'NONE', #4219, 1000.000000000000000 ) ;
#747 = VECTOR ( 'NONE', #524, 1000.000000000000000 ) ;
#748 = CARTESIAN_POINT ( 'NONE',  ( 1.000000000000000000, 0.7500000000000000000, 1.499999999999998890 ) ) ;
#749 = ORIENTED_EDGE ( 'NONE', *, *, #1728, .T. ) ;
#750 = CARTESIAN_POINT ( 'NONE',  ( -1.235000000000000542, 0.5500000000000000444, 0.9749999999999997558 ) ) ;
#751 = DIRECTION ( 'NONE',  ( 0.3420201433256799817, 0.000000000000000000, -0.9396926207859043201 ) ) ;
#752 = ORIENTED_EDGE ( 'NONE', *, *, #2502, .T. ) ;
#753 = AXIS2_PLACEMENT_3D ( 'NONE', #4451, #1664, #306 ) ;
#754 = EDGE_CURVE ( 'NONE', #4494, #2689, #2041, .T. ) ;
#755 = CARTESIAN_POINT ( 'NONE',  ( -1.235000000000000542, 0.5500000000000000444, 1.224999999999999423 ) ) ;
#756 = ORIENTED_EDGE ( 'NONE', *, *, #1171, .F. ) ;
#757 = VECTOR ( 'NONE', #3652, 1000.000000000000000 ) ;
#758 = CARTESIAN_POINT ( 'NONE',  ( 0.5000000000000002220, 0.5500000000000000444, -0.6999999999999998446 ) ) ;
#759 = DIRECTION ( 'NONE',  ( 0.000000000000000000, 0.000000000000000000, -1.000000000000000000 ) ) ;
#760 = EDGE_LOOP ( 'NONE', ( #3314, #1570, #1431, #163 ) ) ;
#761 = VECTOR ( 'NONE', #1776, 1000.000000000000000 ) ;
#762 = ORIENTED_EDGE ( 'NONE', *, *, #1480, .F. ) ;
#763 = CARTESIAN_POINT ( 'NONE',  ( 0.000000000000000000, 0.5500000000000000444, 0.9749999999999997558 ) ) ;
#764 = ORIENTED_EDGE ( 'NONE', *, *, #602, .F. ) ;
#765 = DIRECTION ( 'NONE',  ( 0.000000000000000000, 0.000000000000000000, -1.000000000000000000 ) ) ;
#766 = DIRECTION ( 'NONE',  ( 1.807003620809175618E-16, 0.000000000000000000, -1.000000000000000000 ) ) ;
#767 = EDGE_CURVE ( 'NONE', #128, #3681, #3456, .T. ) ;
#768 = ORIENTED_EDGE ( 'NONE', *, *, #2025, .F. ) ;
#769 = LINE ( 'NONE', #2157, #3735 ) ;
#770 = DIRECTION ( 'NONE',  ( 0.000000000000000000, -0.9761870601839536254, 0.2169304578186523891 ) ) ;
#771 = CARTESIAN_POINT ( 'NONE',  ( 1.249999999999999778, 0.5500000000000000444, 0.000000000000000000 ) ) ;
#772 = CARTESIAN_POINT ( 'NONE',  ( 0.5897977675699662692, 0.7500000000000000000, 1.600000000000000311 ) ) ;
#773 = VERTEX_POINT ( 'NONE', #2816 ) ;
#774 = LINE ( 'NONE', #1410, #3078 ) ;
#775 = DIRECTION ( 'NONE',  ( -0.000000000000000000, 0.000000000000000000, -1.000000000000000000 ) ) ;
#776 = LINE ( 'NONE', #2856, #1982 ) ;
#777 = VERTEX_POINT ( 'NONE', #2388 ) ;
#778 = DIRECTION ( 'NONE',  ( 0.000000000000000000, -0.9761870601839536254, -0.2169304578186523891 ) ) ;
#779 = EDGE_CURVE ( 'NONE', #2646, #3660, #4486, .T. ) ;
#780 = CARTESIAN_POINT ( 'NONE',  ( 1.235000000000000098, 0.000000000000000000, 0.000000000000000000 ) ) ;
#781 = ORIENTED_EDGE ( 'NONE', *, *, #2220, .F. ) ;
#782 = ORIENTED_EDGE ( 'NONE', *, *, #3987, .F. ) ;
#783 = VERTEX_POINT ( 'NONE', #1069 ) ;
#784 = EDGE_CURVE ( 'NONE', #998, #1205, #2339, .T. ) ;
#785 = CARTESIAN_POINT ( 'NONE',  ( 1.235000000000000986, 0.000000000000000000, 1.500000000000000666 ) ) ;
#786 = DIRECTION ( 'NONE',  ( -1.000000000000000000, 0.000000000000000000, 0.000000000000000000 ) ) ;
#787 = ORIENTED_EDGE ( 'NONE', *, *, #2440, .T. ) ;
#788 = CARTESIAN_POINT ( 'NONE',  ( -1.000000000000000000, 0.9749999999999998668, -1.449999999999999956 ) ) ;
#789 = EDGE_CURVE ( 'NONE', #4532, #4106, #2788, .T. ) ;
#790 = PLANE ( 'NONE',  #3382 ) ;
#791 = ORIENTED_EDGE ( 'NONE', *, *, #504, .F. ) ;
#792 = CARTESIAN_POINT ( 'NONE',  ( 1.124999999999998890, 0.7500000000000000000, 1.600000000000000311 ) ) ;
#793 = CARTESIAN_POINT ( 'NONE',  ( -0.7000000000000001776, 0.5500000000000000444, -0.6999999999999998446 ) ) ;
#794 = ORIENTED_EDGE ( 'NONE', *, *, #4058, .F. ) ;
#795 = ADVANCED_FACE ( 'NONE', ( #3001 ), #1724, .T. ) ;
#796 = PRESENTATION_STYLE_ASSIGNMENT (( #411 ) ) ;
#797 = AXIS2_PLACEMENT_3D ( 'NONE', #1461, #2872, #3109 ) ;
#798 = DIRECTION ( 'NONE',  ( 0.000000000000000000, 0.000000000000000000, 1.000000000000000000 ) ) ;
#799 = DIRECTION ( 'NONE',  ( 1.000000000000000000, 0.000000000000000000, 0.000000000000000000 ) ) ;
#800 = ORIENTED_EDGE ( 'NONE', *, *, #2434, .T. ) ;
#801 = CARTESIAN_POINT ( 'NONE',  ( 1.125000000000000444, 0.9749999999999998668, -1.324999999999999734 ) ) ;
#802 = ORIENTED_EDGE ( 'NONE', *, *, #2, .F. ) ;
#803 = EDGE_LOOP ( 'NONE', ( #2066, #958, #4529, #2847 ) ) ;
#804 = FACE_OUTER_BOUND ( 'NONE', #4139, .T. ) ;
#805 = DIRECTION ( 'NONE',  ( -1.000000000000000000, 0.000000000000000000, 0.000000000000000000 ) ) ;
#806 = VECTOR ( 'NONE', #3837, 1000.000000000000000 ) ;
#807 = EDGE_CURVE ( 'NONE', #1827, #4373, #3710, .T. ) ;
#808 = EDGE_CURVE ( 'NONE', #4096, #1935, #2442, .T. ) ;
#809 = DIRECTION ( 'NONE',  ( 0.000000000000000000, 0.000000000000000000, -1.000000000000000000 ) ) ;
#810 = VERTEX_POINT ( 'NONE', #1338 ) ;
#811 = PLANE ( 'NONE',  #2571 ) ;
#812 = LINE ( 'NONE', #209, #1038 ) ;
#813 = DIRECTION ( 'NONE',  ( -0.000000000000000000, 0.000000000000000000, -1.000000000000000000 ) ) ;
#814 = VECTOR ( 'NONE', #3115, 1000.000000000000000 ) ;
#815 = ORIENTED_EDGE ( 'NONE', *, *, #1891, .F. ) ;
#816 = FACE_OUTER_BOUND ( 'NONE', #2322, .T. ) ;
#817 = AXIS2_PLACEMENT_3D ( 'NONE', #6, #1402, #2452 ) ;
#818 = LINE ( 'NONE', #3700, #1829 ) ;
#819 = VECTOR ( 'NONE', #1556, 1000.000000000000000 ) ;
#820 = FACE_OUTER_BOUND ( 'NONE', #1122, .T. ) ;
#821 = CARTESIAN_POINT ( 'NONE',  ( -1.174999999999999156, 0.7500000000000000000, 0.000000000000000000 ) ) ;
#822 = EDGE_CURVE ( 'NONE', #238, #3451, #1021, .T. ) ;
#823 = CIRCLE ( 'NONE', #663, 0.1499999999999999667 ) ;
#824 = CARTESIAN_POINT ( 'NONE',  ( 0.006574447241207942265, 0.7500000000000000000, -0.002392903102553331756 ) ) ;
#825 = EDGE_LOOP ( 'NONE', ( #3718, #667, #1723, #385 ) ) ;
#826 = DIRECTION ( 'NONE',  ( -1.000000000000000000, 0.000000000000000000, 0.000000000000000000 ) ) ;
#827 = AXIS2_PLACEMENT_3D ( 'NONE', #4246, #1075, #3852 ) ;
#828 = VECTOR ( 'NONE', #383, 1000.000000000000000 ) ;
#829 = ORIENTED_EDGE ( 'NONE', *, *, #93, .F. ) ;
#830 = EDGE_CURVE ( 'NONE', #1981, #4471, #629, .T. ) ;
#831 = AXIS2_PLACEMENT_3D ( 'NONE', #4080, #299, #3758 ) ;
#832 = FACE_OUTER_BOUND ( 'NONE', #3555, .T. ) ;
#833 = EDGE_LOOP ( 'NONE', ( #2479, #416, #2270, #4078 ) ) ;
#834 = CARTESIAN_POINT ( 'NONE',  ( -1.235000000000000098, 0.5500000000000000444, -1.224999999999999867 ) ) ;
#835 = EDGE_LOOP ( 'NONE', ( #2706, #4384, #2929, #3923 ) ) ;
#836 = VECTOR ( 'NONE', #1141, 1000.000000000000000 ) ;
#837 = CARTESIAN_POINT ( 'NONE',  ( 1.235000000000000986, 0.5500000000000000444, 0.9749999999999995337 ) ) ;
#838 =( GEOMETRIC_REPRESENTATION_CONTEXT ( 3 ) GLOBAL_UNCERTAINTY_ASSIGNED_CONTEXT ( ( #2234 ) ) GLOBAL_UNIT_ASSIGNED_CONTEXT ( ( #1892, #3328, #548 ) ) REPRESENTATION_CONTEXT ( 'NONE', 'WORKASPACE' ) );
#839 = VERTEX_POINT ( 'NONE', #3792 ) ;
#840 = LINE ( 'NONE', #4041, #1106 ) ;
#841 = DIRECTION ( 'NONE',  ( -1.000000000000000000, 0.000000000000000000, 0.000000000000000000 ) ) ;
#842 = FILL_AREA_STYLE_COLOUR ( '', #3225 ) ;
#843 = ORIENTED_EDGE ( 'NONE', *, *, #736, .T. ) ;
#844 = EDGE_CURVE ( 'NONE', #1743, #265, #648, .T. ) ;
#845 = FACE_OUTER_BOUND ( 'NONE', #1697, .T. ) ;
#846 = VERTEX_POINT ( 'NONE', #552 ) ;
#847 = LINE ( 'NONE', #906, #2580 ) ;
#848 = LINE ( 'NONE', #2952, #2121 ) ;
#849 = ORIENTED_EDGE ( 'NONE', *, *, #4283, .T. ) ;
#850 = DIRECTION ( 'NONE',  ( 0.000000000000000000, -1.000000000000000000, 0.000000000000000000 ) ) ;
#851 = EDGE_CURVE ( 'NONE', #3307, #4532, #1014, .T. ) ;
#852 = ORIENTED_EDGE ( 'NONE', *, *, #3384, .T. ) ;
#853 = DIRECTION ( 'NONE',  ( 0.000000000000000000, 1.000000000000000000, -0.000000000000000000 ) ) ;
#854 = ORIENTED_EDGE ( 'NONE', *, *, #2480, .F. ) ;
#855 = FACE_OUTER_BOUND ( 'NONE', #3146, .T. ) ;
#856 = CARTESIAN_POINT ( 'NONE',  ( 0.000000000000000000, 0.5500000000000000444, 0.7000000000000000666 ) ) ;
#857 = LINE ( 'NONE', #470, #4053 ) ;
#858 = CARTESIAN_POINT ( 'NONE',  ( 1.235000000000000098, 0.5500000000000000444, 0.000000000000000000 ) ) ;
#859 = CARTESIAN_POINT ( 'NONE',  ( -1.235000000000000098, 0.5500000000000000444, -1.500000000000000222 ) ) ;
#860 =( LENGTH_UNIT ( ) NAMED_UNIT ( * ) SI_UNIT ( .MILLI., .METRE. ) );
#861 = ORIENTED_EDGE ( 'NONE', *, *, #2607, .T. ) ;
#862 = ORIENTED_EDGE ( 'NONE', *, *, #249, .T. ) ;
#863 = CARTESIAN_POINT ( 'NONE',  ( -1.250000000000000222, 0.5500000000000000444, 0.000000000000000000 ) ) ;
#864 = EDGE_LOOP ( 'NONE', ( #1510, #1985, #120, #1440 ) ) ;
#865 = LINE ( 'NONE', #2255, #169 ) ;
#866 = LINE ( 'NONE', #3320, #2860 ) ;
#867 = EDGE_CURVE ( 'NONE', #1929, #2830, #3819, .T. ) ;
#868 = EDGE_CURVE ( 'NONE', #324, #108, #1938, .T. ) ;
#869 = VECTOR ( 'NONE', #1750, 1000.000000000000000 ) ;
#870 = EDGE_LOOP ( 'NONE', ( #3048, #3632, #362, #3507 ) ) ;
#871 = DIRECTION ( 'NONE',  ( -1.000000000000000000, 0.000000000000000000, -2.891205793294680298E-16 ) ) ;
#872 = VERTEX_POINT ( 'NONE', #360 ) ;
#873 = VECTOR ( 'NONE', #3202, 1000.000000000000000 ) ;
#874 = CARTESIAN_POINT ( 'NONE',  ( 1.235000000000000986, 0.5500000000000000444, 1.500000000000000666 ) ) ;
#875 = ORIENTED_EDGE ( 'NONE', *, *, #1135, .F. ) ;
#876 = ORIENTED_EDGE ( 'NONE', *, *, #3655, .F. ) ;
#877 = EDGE_CURVE ( 'NONE', #1388, #3933, #3941, .T. ) ;
#878 = CARTESIAN_POINT ( 'NONE',  ( 1.249999999999999778, 0.7500000000000000000, 1.474999999999999423 ) ) ;
#879 = CARTESIAN_POINT ( 'NONE',  ( -1.124999999999999334, 0.7500000000000000000, 1.324999999999999734 ) ) ;
#880 = FILL_AREA_STYLE ('',( #842 ) ) ;
#881 = ORIENTED_EDGE ( 'NONE', *, *, #4256, .T. ) ;
#882 = EDGE_CURVE ( 'NONE', #2292, #4420, #462, .T. ) ;
#883 = VECTOR ( 'NONE', #4278, 1000.000000000000000 ) ;
#884 = CARTESIAN_POINT ( 'NONE',  ( 0.000000000000000000, 0.5500000000000000444, 0.9749999999999995337 ) ) ;
#885 = VERTEX_POINT ( 'NONE', #138 ) ;
#886 = PLANE ( 'NONE',  #2211 ) ;
#887 = VECTOR ( 'NONE', #2278, 1000.000000000000000 ) ;
#888 = EDGE_LOOP ( 'NONE', ( #2426, #2539, #2616, #466 ) ) ;
#889 = CARTESIAN_POINT ( 'NONE',  ( 1.125000000000000222, 0.9749999999999998668, -1.324999999999999734 ) ) ;
#890 = VECTOR ( 'NONE', #3965, 1000.000000000000000 ) ;
#891 = EDGE_LOOP ( 'NONE', ( #1535, #3611, #1048, #2016, #980 ) ) ;
#892 = FACE_OUTER_BOUND ( 'NONE', #340, .T. ) ;
#893 = VERTEX_POINT ( 'NONE', #1522 ) ;
#894 = DIRECTION ( 'NONE',  ( 0.000000000000000000, 0.000000000000000000, -1.000000000000000000 ) ) ;
#895 = VECTOR ( 'NONE', #14, 1000.000000000000000 ) ;
#896 = DIRECTION ( 'NONE',  ( 0.000000000000000000, 0.000000000000000000, -1.000000000000000000 ) ) ;
#897 = VECTOR ( 'NONE', #841, 1000.000000000000000 ) ;
#898 = DIRECTION ( 'NONE',  ( -0.000000000000000000, -1.000000000000000000, -0.000000000000000000 ) ) ;
#899 = CONICAL_SURFACE ( 'NONE', #2726, 0.1250000000000001110, 0.2186689458739380920 ) ;
#900 = CARTESIAN_POINT ( 'NONE',  ( -1.235000000000000542, 0.5500000000000000444, 0.9749999999999997558 ) ) ;
#901 = ORIENTED_EDGE ( 'NONE', *, *, #3340, .F. ) ;
#902 = EDGE_CURVE ( 'NONE', #2369, #4343, #3275, .T. ) ;
#903 = CIRCLE ( 'NONE', #1923, 0.1250000000000001110 ) ;
#904 = DIRECTION ( 'NONE',  ( 1.000000000000000000, 0.000000000000000000, 5.782411586589356653E-16 ) ) ;
#905 = ORIENTED_EDGE ( 'NONE', *, *, #1805, .F. ) ;
#906 = CARTESIAN_POINT ( 'NONE',  ( -1.250000000000000222, 0.5500000000000000444, -1.224999999999999867 ) ) ;
#907 = PLANE ( 'NONE',  #581 ) ;
#908 = LINE ( 'NONE', #780, #4030 ) ;
#909 = ORIENTED_EDGE ( 'NONE', *, *, #2773, .T. ) ;
#910 = CARTESIAN_POINT ( 'NONE',  ( 1.235000000000000098, 0.000000000000000000, -0.9750000000000001998 ) ) ;
#911 = CARTESIAN_POINT ( 'NONE',  ( -1.250000000000000222, 0.5500000000000000444, -1.224999999999999867 ) ) ;
#912 = ADVANCED_FACE ( 'NONE', ( #4264 ), #45, .T. ) ;
#913 = CARTESIAN_POINT ( 'NONE',  ( -1.250000000000000666, 0.7500000000000000000, 0.9749999999999997558 ) ) ;
#914 = EDGE_CURVE ( 'NONE', #610, #773, #3530, .T. ) ;
#915 = EDGE_CURVE ( 'NONE', #3405, #4215, #2168, .T. ) ;
#916 = DIRECTION ( 'NONE',  ( -0.000000000000000000, -1.000000000000000000, -0.000000000000000000 ) ) ;
#917 = LINE ( 'NONE', #567, #4272 ) ;
#918 = FILL_AREA_STYLE ('',( #3712 ) ) ;
#919 = ORIENTED_EDGE ( 'NONE', *, *, #2385, .T. ) ;
#920 = CARTESIAN_POINT ( 'NONE',  ( 1.000000000000000000, 0.7500000000000000000, -1.449999999999998845 ) ) ;
#921 = DIRECTION ( 'NONE',  ( -0.000000000000000000, 1.000000000000000000, -0.000000000000000000 ) ) ;
#922 = DIRECTION ( 'NONE',  ( 0.000000000000000000, 0.000000000000000000, 1.000000000000000000 ) ) ;
#923 = EDGE_LOOP ( 'NONE', ( #953, #3414, #2330, #849 ) ) ;
#924 = DIRECTION ( 'NONE',  ( 6.776263578034401726E-16, 0.000000000000000000, -1.000000000000000000 ) ) ;
#925 = EDGE_LOOP ( 'NONE', ( #909, #1077, #2920, #1794 ) ) ;
#926 = DIRECTION ( 'NONE',  ( -0.000000000000000000, 1.000000000000000000, 0.000000000000000000 ) ) ;
#927 = VERTEX_POINT ( 'NONE', #4301 ) ;
#928 = EDGE_CURVE ( 'NONE', #3269, #1586, #1154, .T. ) ;
#929 = CARTESIAN_POINT ( 'NONE',  ( -1.235000000000000098, 0.7500000000000000000, -0.9750000000000001998 ) ) ;
#930 = AXIS2_PLACEMENT_3D ( 'NONE', #3870, #2838, #2817 ) ;
#931 = FACE_OUTER_BOUND ( 'NONE', #2821, .T. ) ;
#932 = DIRECTION ( 'NONE',  ( -1.000000000000000000, 0.000000000000000000, 0.000000000000000000 ) ) ;
#933 = DIRECTION ( 'NONE',  ( -0.000000000000000000, -1.000000000000000000, -0.000000000000000000 ) ) ;
#934 = EDGE_CURVE ( 'NONE', #1373, #3269, #1778, .T. ) ;
#935 = VERTEX_POINT ( 'NONE', #1180 ) ;
#936 = FACE_OUTER_BOUND ( 'NONE', #835, .T. ) ;
#937 = ORIENTED_EDGE ( 'NONE', *, *, #3447, .F. ) ;
#938 = CYLINDRICAL_SURFACE ( 'NONE', #2346, 0.1249999999999998890 ) ;
#939 = CARTESIAN_POINT ( 'NONE',  ( 0.5000000000000005551, 0.000000000000000000, -2.032879073410322293E-16 ) ) ;
#940 = LINE ( 'NONE', #1694, #364 ) ;
#941 = VECTOR ( 'NONE', #1082, 1000.000000000000000 ) ;
#942 = CARTESIAN_POINT ( 'NONE',  ( -1.250000000000000222, 0.5500000000000000444, -0.9750000000000001998 ) ) ;
#943 = ORIENTED_EDGE ( 'NONE', *, *, #2977, .T. ) ;
#944 = SURFACE_SIDE_STYLE ('',( #680 ) ) ;
#945 = DIRECTION ( 'NONE',  ( 1.000000000000000000, -0.000000000000000000, 0.000000000000000000 ) ) ;
#946 = AXIS2_PLACEMENT_3D ( 'NONE', #2313, #3418, #328 ) ;
#947 = ADVANCED_FACE ( 'NONE', ( #2536 ), #2120, .F. ) ;
#948 = AXIS2_PLACEMENT_3D ( 'NONE', #3268, #2551, #4318 ) ;
#949 = AXIS2_PLACEMENT_3D ( 'NONE', #1940, #3349, #1622 ) ;
#950 = ORIENTED_EDGE ( 'NONE', *, *, #4496, .F. ) ;
#951 = AXIS2_PLACEMENT_3D ( 'NONE', #2192, #2837, #3201 ) ;
#952 = DIRECTION ( 'NONE',  ( 0.000000000000000000, 0.000000000000000000, -1.000000000000000000 ) ) ;
#953 = ORIENTED_EDGE ( 'NONE', *, *, #902, .F. ) ;
#954 = EDGE_CURVE ( 'NONE', #1640, #610, #2558, .T. ) ;
#955 = PLANE ( 'NONE',  #2799 ) ;
#956 = VECTOR ( 'NONE', #426, 1000.000000000000000 ) ;
#957 = ORIENTED_EDGE ( 'NONE', *, *, #1508, .T. ) ;
#958 = ORIENTED_EDGE ( 'NONE', *, *, #3742, .F. ) ;
#959 = DIRECTION ( 'NONE',  ( -0.000000000000000000, -1.000000000000000000, -0.000000000000000000 ) ) ;
#960 = EDGE_CURVE ( 'NONE', #2593, #4535, #4286, .T. ) ;
#961 = LINE ( 'NONE', #2777, #2281 ) ;
#962 = DIRECTION ( 'NONE',  ( 0.000000000000000000, -1.000000000000000000, 0.000000000000000000 ) ) ;
#963 = VECTOR ( 'NONE', #4262, 1000.000000000000000 ) ;
#964 = LINE ( 'NONE', #243, #1255 ) ;
#965 = ORIENTED_EDGE ( 'NONE', *, *, #4135, .T. ) ;
#966 = DIRECTION ( 'NONE',  ( -0.000000000000000000, -1.000000000000000000, -0.000000000000000000 ) ) ;
#967 = PLANE ( 'NONE',  #3730 ) ;
#968 = ORIENTED_EDGE ( 'NONE', *, *, #2209, .T. ) ;
#969 = PRODUCT ( 'SXO32C3A071-10.000M', 'SXO32C3A071-10.000M', '', ( #2795 ) ) ;
#970 = VERTEX_POINT ( 'NONE', #417 ) ;
#971 = EDGE_CURVE ( 'NONE', #48, #4280, #4240, .T. ) ;
#972 = CARTESIAN_POINT ( 'NONE',  ( -1.235000000000000542, 0.7500000000000000000, 0.9749999999999997558 ) ) ;
#973 = ORIENTED_EDGE ( 'NONE', *, *, #4360, .T. ) ;
#974 = EDGE_CURVE ( 'NONE', #2699, #998, #3922, .T. ) ;
#975 = PLANE ( 'NONE',  #2954 ) ;
#976 = FACE_OUTER_BOUND ( 'NONE', #4242, .T. ) ;
#977 = ORIENTED_EDGE ( 'NONE', *, *, #35, .T. ) ;
#978 = PLANE ( 'NONE',  #2410 ) ;
#979 = CARTESIAN_POINT ( 'NONE',  ( -0.5000000000000004441, 0.5500000000000000444, 0.6999999999999996225 ) ) ;
#980 = ORIENTED_EDGE ( 'NONE', *, *, #1146, .T. ) ;
#981 = DIRECTION ( 'NONE',  ( -1.084202172485504557E-16, 0.000000000000000000, 1.000000000000000000 ) ) ;
#982 = DIRECTION ( 'NONE',  ( 1.000000000000000000, 0.000000000000000000, 5.782411586589355667E-16 ) ) ;
#983 = CARTESIAN_POINT ( 'NONE',  ( -1.235000000000000098, 0.000000000000000000, -1.224999999999999867 ) ) ;
#984 = CARTESIAN_POINT ( 'NONE',  ( 0.000000000000000000, 0.5500000000000000444, -0.9750000000000001998 ) ) ;
#985 = VERTEX_POINT ( 'NONE', #3897 ) ;
#986 = DIRECTION ( 'NONE',  ( -1.000000000000000000, 0.000000000000000000, 0.000000000000000000 ) ) ;
#987 = EDGE_CURVE ( 'NONE', #4535, #839, #1132, .T. ) ;
#988 = ADVANCED_FACE ( 'NONE', ( #2859 ), #1800, .F. ) ;
#989 = VERTEX_POINT ( 'NONE', #67 ) ;
#990 = CARTESIAN_POINT ( 'NONE',  ( -1.250000000000000222, 0.7500000000000000000, 0.000000000000000000 ) ) ;
#991 = LINE ( 'NONE', #650, #1304 ) ;
#992 = VERTEX_POINT ( 'NONE', #435 ) ;
#993 = LINE ( 'NONE', #612, #3019 ) ;
#994 = SURFACE_STYLE_USAGE ( .BOTH. , #4169 ) ;
#995 = CARTESIAN_POINT ( 'NONE',  ( 1.000000000000000000, 1.199999999999999734, 1.449999999999999956 ) ) ;
#996 = SURFACE_STYLE_FILL_AREA ( #918 ) ;
#997 = EDGE_CURVE ( 'NONE', #4106, #185, #1818, .T. ) ;
#998 = VERTEX_POINT ( 'NONE', #1871 ) ;
#999 = PLANE ( 'NONE',  #3810 ) ;
#1000 = FACE_OUTER_BOUND ( 'NONE', #2993, .T. ) ;
#1001 = VERTEX_POINT ( 'NONE', #3224 ) ;
#1002 = DIRECTION ( 'NONE',  ( -0.000000000000000000, -1.000000000000000000, -0.000000000000000000 ) ) ;
#1003 = DIRECTION ( 'NONE',  ( 0.9761870601839536254, -0.2169304578186523891, 0.000000000000000000 ) ) ;
#1004 = DIRECTION ( 'NONE',  ( -0.000000000000000000, -1.000000000000000000, -0.000000000000000000 ) ) ;
#1005 = EDGE_CURVE ( 'NONE', #1362, #3817, #1634, .T. ) ;
#1006 = PLANE ( 'NONE',  #25 ) ;
#1007 = LINE ( 'NONE', #643, #1530 ) ;
#1008 = ORIENTED_EDGE ( 'NONE', *, *, #3478, .F. ) ;
#1009 =( LENGTH_UNIT ( ) NAMED_UNIT ( * ) SI_UNIT ( .MILLI., .METRE. ) );
#1010 = DIRECTION ( 'NONE',  ( -0.000000000000000000, -1.000000000000000000, 0.000000000000000000 ) ) ;
#1011 = ORIENTED_EDGE ( 'NONE', *, *, #4269, .T. ) ;
#1012 = AXIS2_PLACEMENT_3D ( 'NONE', #2550, #3955, #3915 ) ;
#1013 = ORIENTED_EDGE ( 'NONE', *, *, #2084, .F. ) ;
#1014 = LINE ( 'NONE', #2093, #3893 ) ;
#1015 = CIRCLE ( 'NONE', #2328, 0.1249999999999992506 ) ;
#1016 = EDGE_CURVE ( 'NONE', #4155, #483, #162, .T. ) ;
#1017 = DIRECTION ( 'NONE',  ( -1.000000000000000000, 0.000000000000000000, -0.000000000000000000 ) ) ;
#1018 = ORIENTED_EDGE ( 'NONE', *, *, #4365, .F. ) ;
#1019 = VECTOR ( 'NONE', #2829, 1000.000000000000000 ) ;
#1020 = ORIENTED_EDGE ( 'NONE', *, *, #3246, .T. ) ;
#1021 = CIRCLE ( 'NONE', #85, 0.1249999999999992506 ) ;
#1022 =( NAMED_UNIT ( * ) PLANE_ANGLE_UNIT ( ) SI_UNIT ( $, .RADIAN. ) );
#1023 = CARTESIAN_POINT ( 'NONE',  ( -1.235000000000000098, 0.000000000000000000, -1.500000000000000222 ) ) ;
#1024 = DIRECTION ( 'NONE',  ( 0.000000000000000000, 0.000000000000000000, -1.000000000000000000 ) ) ;
#1025 = ORIENTED_EDGE ( 'NONE', *, *, #2601, .F. ) ;
#1026 = AXIS2_PLACEMENT_3D ( 'NONE', #1890, #926, #246 ) ;
#1027 = ORIENTED_EDGE ( 'NONE', *, *, #2851, .T. ) ;
#1028 = CARTESIAN_POINT ( 'NONE',  ( 1.235000000000000098, 0.7500000000000000000, -0.9750000000000001998 ) ) ;
#1029 = ORIENTED_EDGE ( 'NONE', *, *, #3017, .F. ) ;
#1030 = FACE_OUTER_BOUND ( 'NONE', #2367, .T. ) ;
#1031 = ORIENTED_EDGE ( 'NONE', *, *, #632, .T. ) ;
#1032 = PRESENTATION_LAYER_ASSIGNMENT (  '', '', ( #2793 ) ) ;
#1033 = EDGE_CURVE ( 'NONE', #2770, #238, #3342, .T. ) ;
#1034 = VECTOR ( 'NONE', #3069, 1000.000000000000000 ) ;
#1035 = DIRECTION ( 'NONE',  ( 0.000000000000000000, 1.000000000000000000, 0.000000000000000000 ) ) ;
#1036 = CARTESIAN_POINT ( 'NONE',  ( 1.000000000000000000, 1.199999999999999734, -1.324999999999999734 ) ) ;
#1037 = CARTESIAN_POINT ( 'NONE',  ( -1.000000000000000000, 0.9749999999999998668, -1.449999999999999956 ) ) ;
#1038 = VECTOR ( 'NONE', #2205, 1000.000000000000000 ) ;
#1039 = LINE ( 'NONE', #1832, #1118 ) ;
#1040 = VERTEX_POINT ( 'NONE', #1549 ) ;
#1041 = EDGE_CURVE ( 'NONE', #3817, #2207, #202, .T. ) ;
#1042 = DIRECTION ( 'NONE',  ( -0.000000000000000000, -1.000000000000000000, -0.000000000000000000 ) ) ;
#1043 = PLANE ( 'NONE',  #3795 ) ;
#1044 = VERTEX_POINT ( 'NONE', #910 ) ;
#1045 = AXIS2_PLACEMENT_3D ( 'NONE', #4185, #2944, #3141 ) ;
#1046 = ORIENTED_EDGE ( 'NONE', *, *, #971, .F. ) ;
#1047 = FACE_OUTER_BOUND ( 'NONE', #4055, .T. ) ;
#1048 = ORIENTED_EDGE ( 'NONE', *, *, #3515, .T. ) ;
#1049 = DIRECTION ( 'NONE',  ( 1.000000000000000000, -0.000000000000000000, 0.000000000000000000 ) ) ;
#1050 = DIRECTION ( 'NONE',  ( 0.000000000000000000, 0.000000000000000000, 1.000000000000000000 ) ) ;
#1051 = ORIENTED_EDGE ( 'NONE', *, *, #1995, .T. ) ;
#1052 = DIRECTION ( 'NONE',  ( -0.000000000000000000, -1.000000000000000000, -0.000000000000000000 ) ) ;
#1053 = PLANE ( 'NONE',  #3322 ) ;
#1054 = LINE ( 'NONE', #3487, #1882 ) ;
#1055 = EDGE_CURVE ( 'NONE', #4450, #2387, #1972, .T. ) ;
#1056 = ORIENTED_EDGE ( 'NONE', *, *, #1508, .F. ) ;
#1057 = EDGE_LOOP ( 'NONE', ( #2428, #1885, #288, #862 ) ) ;
#1058 = CARTESIAN_POINT ( 'NONE',  ( 1.235000000000000098, 0.5500000000000000444, -0.6999999999999996225 ) ) ;
#1059 = FACE_OUTER_BOUND ( 'NONE', #1881, .T. ) ;
#1060 = CARTESIAN_POINT ( 'NONE',  ( 1.249999999999999778, 0.5500000000000000444, 1.224999999999999201 ) ) ;
#1061 = DIRECTION ( 'NONE',  ( 1.000000000000000000, -0.000000000000000000, 0.000000000000000000 ) ) ;
#1062 = CYLINDRICAL_SURFACE ( 'NONE', #223, 0.1250000000000001110 ) ;
#1063 = CARTESIAN_POINT ( 'NONE',  ( -1.250000000000000222, 0.7500000000000000000, 1.474999999999999423 ) ) ;
#1064 = DIRECTION ( 'NONE',  ( 0.000000000000000000, -0.000000000000000000, 1.000000000000000000 ) ) ;
#1065 = ORIENTED_EDGE ( 'NONE', *, *, #296, .F. ) ;
#1066 = ORIENTED_EDGE ( 'NONE', *, *, #140, .F. ) ;
#1067 = DIRECTION ( 'NONE',  ( 0.000000000000000000, 0.000000000000000000, 1.000000000000000000 ) ) ;
#1068 = ORIENTED_EDGE ( 'NONE', *, *, #2665, .F. ) ;
#1069 = CARTESIAN_POINT ( 'NONE',  ( 1.249999999999999778, 0.5500000000000000444, 1.224999999999999201 ) ) ;
#1070 = LINE ( 'NONE', #2122, #136 ) ;
#1071 = VERTEX_POINT ( 'NONE', #221 ) ;
#1072 = EDGE_CURVE ( 'NONE', #495, #75, #1610, .T. ) ;
#1073 = DIRECTION ( 'NONE',  ( 0.000000000000000000, 0.000000000000000000, -1.000000000000000000 ) ) ;
#1074 = CARTESIAN_POINT ( 'NONE',  ( 0.006574447241207942265, 0.7500000000000000000, -0.002392903102553331756 ) ) ;
#1075 = DIRECTION ( 'NONE',  ( -1.000000000000000000, 0.000000000000000000, 4.065758146820640148E-16 ) ) ;
#1076 = ORIENTED_EDGE ( 'NONE', *, *, #960, .F. ) ;
#1077 = ORIENTED_EDGE ( 'NONE', *, *, #2553, .F. ) ;
#1078 = VECTOR ( 'NONE', #206, 1000.000000000000000 ) ;
#1079 = CARTESIAN_POINT ( 'NONE',  ( -0.5000000000000005551, 0.5500000000000000444, 1.500000000000000222 ) ) ;
#1080 = FACE_OUTER_BOUND ( 'NONE', #3097, .T. ) ;
#1081 = DIRECTION ( 'NONE',  ( 3.854941057726241055E-15, 1.000000000000000000, 0.000000000000000000 ) ) ;
#1082 = DIRECTION ( 'NONE',  ( 0.000000000000000000, -1.000000000000000000, 0.000000000000000000 ) ) ;
#1083 = ADVANCED_FACE ( 'NONE', ( #3644 ), #3706, .T. ) ;
#1084 = FACE_OUTER_BOUND ( 'NONE', #4473, .T. ) ;
#1085 = VERTEX_POINT ( 'NONE', #579 ) ;
#1086 = LINE ( 'NONE', #3937, #302 ) ;
#1087 = LINE ( 'NONE', #2533, #2641 ) ;
#1088 = ORIENTED_EDGE ( 'NONE', *, *, #3910, .F. ) ;
#1089 = CARTESIAN_POINT ( 'NONE',  ( -1.235000000000000542, 0.5500000000000000444, 0.9749999999999997558 ) ) ;
#1090 = VERTEX_POINT ( 'NONE', #563 ) ;
#1091 = DIRECTION ( 'NONE',  ( 0.000000000000000000, -1.000000000000000000, 0.000000000000000000 ) ) ;
#1092 = ADVANCED_FACE ( 'NONE', ( #892 ), #2259, .T. ) ;
#1093 = CARTESIAN_POINT ( 'NONE',  ( -0.7881455521623250693, 0.7500000000000000000, 0.2868615212563975780 ) ) ;
#1094 = EDGE_LOOP ( 'NONE', ( #4212, #1013, #2519, #3231 ) ) ;
#1095 = AXIS2_PLACEMENT_3D ( 'NONE', #1126, #2806, #3213 ) ;
#1096 = ADVANCED_FACE ( 'NONE', ( #1566 ), #1952, .T. ) ;
#1097 = FACE_OUTER_BOUND ( 'NONE', #2755, .T. ) ;
#1098 = AXIS2_PLACEMENT_3D ( 'NONE', #3936, #3916, #2086 ) ;
#1099 = LINE ( 'NONE', #3564, #463 ) ;
#1100 = VECTOR ( 'NONE', #3640, 1000.000000000000000 ) ;
#1101 = ORIENTED_EDGE ( 'NONE', *, *, #3318, .F. ) ;
#1102 = VECTOR ( 'NONE', #2293, 1000.000000000000000 ) ;
#1103 = DIRECTION ( 'NONE',  ( 1.000000000000000000, 0.000000000000000000, -0.000000000000000000 ) ) ;
#1104 = PLANE ( 'NONE',  #3972 ) ;
#1105 = LINE ( 'NONE', #3857, #443 ) ;
#1106 = VECTOR ( 'NONE', #2981, 1000.000000000000000 ) ;
#1107 = EDGE_CURVE ( 'NONE', #1827, #2577, #4419, .T. ) ;
#1108 = AXIS2_PLACEMENT_3D ( 'NONE', #2693, #3406, #3098 ) ;
#1109 = CARTESIAN_POINT ( 'NONE',  ( 1.235000000000000986, 0.5500000000000000444, 0.9749999999999995337 ) ) ;
#1110 = ORIENTED_EDGE ( 'NONE', *, *, #1371, .T. ) ;
#1111 =( NAMED_UNIT ( * ) SI_UNIT ( $, .STERADIAN. ) SOLID_ANGLE_UNIT ( ) );
#1112 = CARTESIAN_POINT ( 'NONE',  ( -0.7000000000000016209, 0.5500000000000000444, -0.6999999999999986233 ) ) ;
#1113 = VECTOR ( 'NONE', #406, 1000.000000000000000 ) ;
#1114 = CARTESIAN_POINT ( 'NONE',  ( 1.174999999999999156, 0.7500000000000000000, 1.324999999999999734 ) ) ;
#1115 = ORIENTED_EDGE ( 'NONE', *, *, #279, .F. ) ;
#1116 = CARTESIAN_POINT ( 'NONE',  ( -1.000000000000000000, 0.9749999999999998668, -1.449999999999999956 ) ) ;
#1117 = ORIENTED_EDGE ( 'NONE', *, *, #4396, .T. ) ;
#1118 = VECTOR ( 'NONE', #699, 1000.000000000000000 ) ;
#1119 = EDGE_CURVE ( 'NONE', #2381, #90, #1174, .T. ) ;
#1120 = LINE ( 'NONE', #3603, #4044 ) ;
#1121 = CARTESIAN_POINT ( 'NONE',  ( 1.000000000000000000, 0.9749999999999998668, 1.449999999999999956 ) ) ;
#1122 = EDGE_LOOP ( 'NONE', ( #3458, #572, #852, #943 ) ) ;
#1123 = ORIENTED_EDGE ( 'NONE', *, *, #1767, .F. ) ;
#1124 = DIRECTION ( 'NONE',  ( 0.000000000000000000, 0.000000000000000000, 1.000000000000000000 ) ) ;
#1125 = PLANE ( 'NONE',  #2046 ) ;
#1126 = CARTESIAN_POINT ( 'NONE',  ( 0.000000000000000000, 0.5500000000000000444, -1.224999999999999867 ) ) ;
#1127 = LINE ( 'NONE', #111, #1019 ) ;
#1128 = CARTESIAN_POINT ( 'NONE',  ( 1.235000000000000098, 0.000000000000000000, 0.000000000000000000 ) ) ;
#1129 = CARTESIAN_POINT ( 'NONE',  ( -1.250000000000000222, 0.7500000000000000000, 0.000000000000000000 ) ) ;
#1130 = DIRECTION ( 'NONE',  ( -0.000000000000000000, -1.000000000000000000, 0.000000000000000000 ) ) ;
#1131 = ORIENTED_EDGE ( 'NONE', *, *, #3061, .T. ) ;
#1132 = LINE ( 'NONE', #758, #890 ) ;
#1133 = ORIENTED_EDGE ( 'NONE', *, *, #3408, .F. ) ;
#1134 = EDGE_CURVE ( 'NONE', #1136, #1609, #1585, .T. ) ;
#1135 = EDGE_CURVE ( 'NONE', #1920, #3978, #1268, .T. ) ;
#1136 = VERTEX_POINT ( 'NONE', #1242 ) ;
#1137 = PLANE ( 'NONE',  #1470 ) ;
#1138 = ORIENTED_EDGE ( 'NONE', *, *, #611, .T. ) ;
#1139 = DIRECTION ( 'NONE',  ( -0.000000000000000000, -1.000000000000000000, -0.000000000000000000 ) ) ;
#1140 = CARTESIAN_POINT ( 'NONE',  ( -1.000000000000000000, 0.7500000000000000000, -1.324999999999999734 ) ) ;
#1141 = DIRECTION ( 'NONE',  ( 0.000000000000000000, -1.000000000000000000, 0.000000000000000000 ) ) ;
#1142 = CARTESIAN_POINT ( 'NONE',  ( -1.000000000000000000, 0.7500000000000000000, -1.324999999999999734 ) ) ;
#1143 = PLANE ( 'NONE',  #3080 ) ;
#1144 = PRESENTATION_STYLE_ASSIGNMENT (( #2598 ) ) ;
#1145 = LINE ( 'NONE', #4252, #1457 ) ;
#1146 = EDGE_CURVE ( 'NONE', #2241, #4193, #502, .T. ) ;
#1147 = DIRECTION ( 'NONE',  ( -1.000000000000000000, 0.000000000000000000, 0.000000000000000000 ) ) ;
#1148 = SURFACE_STYLE_FILL_AREA ( #4213 ) ;
#1149 = VECTOR ( 'NONE', #3258, 1000.000000000000000 ) ;
#1150 = CARTESIAN_POINT ( 'NONE',  ( 1.000000000000000000, 0.7500000000000000000, -1.324999999999999734 ) ) ;
#1151 = ADVANCED_FACE ( 'NONE', ( #2991 ), #2280, .F. ) ;
#1152 = DIRECTION ( 'NONE',  ( 0.000000000000000000, -0.000000000000000000, -1.000000000000000000 ) ) ;
#1153 = ORIENTED_EDGE ( 'NONE', *, *, #2999, .T. ) ;
#1154 = LINE ( 'NONE', #2516, #3148 ) ;
#1155 = ORIENTED_EDGE ( 'NONE', *, *, #611, .F. ) ;
#1156 = DIRECTION ( 'NONE',  ( 0.000000000000000000, 0.000000000000000000, -1.000000000000000000 ) ) ;
#1157 = EDGE_CURVE ( 'NONE', #1782, #2535, #3035, .T. ) ;
#1158 = ORIENTED_EDGE ( 'NONE', *, *, #2299, .F. ) ;
#1159 = CARTESIAN_POINT ( 'NONE',  ( 0.000000000000000000, 0.5500000000000000444, 1.224999999999999423 ) ) ;
#1160 = LINE ( 'NONE', #2566, #1950 ) ;
#1161 = AXIS2_PLACEMENT_3D ( 'NONE', #4209, #3520, #3934 ) ;
#1162 = CARTESIAN_POINT ( 'NONE',  ( -1.235000000000000542, 0.5500000000000000444, 0.6999999999999992895 ) ) ;
#1163 = ORIENTED_EDGE ( 'NONE', *, *, #3359, .T. ) ;
#1164 = DIRECTION ( 'NONE',  ( 2.351964736452580131E-17, -0.9761870601839536254, -0.2169304578186523891 ) ) ;
#1165 = DIRECTION ( 'NONE',  ( 0.000000000000000000, 0.000000000000000000, 1.000000000000000000 ) ) ;
#1166 = DIRECTION ( 'NONE',  ( -0.000000000000000000, -1.000000000000000000, 0.000000000000000000 ) ) ;
#1167 = ORIENTED_EDGE ( 'NONE', *, *, #4350, .F. ) ;
#1168 = VECTOR ( 'NONE', #798, 1000.000000000000000 ) ;
#1169 = PLANE ( 'NONE',  #2029 ) ;
#1170 = AXIS2_PLACEMENT_3D ( 'NONE', #4249, #1446, #1103 ) ;
#1171 = EDGE_CURVE ( 'NONE', #2155, #2438, #2626, .T. ) ;
#1172 = CARTESIAN_POINT ( 'NONE',  ( -0.8250000000000001776, 1.149999999999999911, -1.000000000000000000 ) ) ;
#1173 = EDGE_LOOP ( 'NONE', ( #2925, #4189, #794, #2469 ) ) ;
#1174 = CIRCLE ( 'NONE', #1756, 0.1250000000000001110 ) ;
#1175 = LINE ( 'NONE', #2583, #591 ) ;
#1176 = LINE ( 'NONE', #2584, #83 ) ;
#1177 = VECTOR ( 'NONE', #86, 1000.000000000000000 ) ;
#1178 = EDGE_CURVE ( 'NONE', #4427, #424, #2647, .T. ) ;
#1179 = ORIENTED_EDGE ( 'NONE', *, *, #1563, .F. ) ;
#1180 = CARTESIAN_POINT ( 'NONE',  ( 0.4999999999999994449, 0.000000000000000000, 1.500000000000000222 ) ) ;
#1181 = VECTOR ( 'NONE', #724, 1000.000000000000000 ) ;
#1182 = VERTEX_POINT ( 'NONE', #1698 ) ;
#1183 = VECTOR ( 'NONE', #1898, 1000.000000000000000 ) ;
#1184 = CARTESIAN_POINT ( 'NONE',  ( 1.469696278258133075E-15, 0.7500000000000000000, 1.524999999999999467 ) ) ;
#1185 = VERTEX_POINT ( 'NONE', #3425 ) ;
#1186 = DIRECTION ( 'NONE',  ( -4.065758146820640148E-16, 0.000000000000000000, -1.000000000000000000 ) ) ;
#1187 = VECTOR ( 'NONE', #2047, 1000.000000000000000 ) ;
#1188 = CARTESIAN_POINT ( 'NONE',  ( 1.235000000000000098, 0.5500000000000000444, -1.224999999999999867 ) ) ;
#1189 = DIRECTION ( 'NONE',  ( 0.000000000000000000, 0.000000000000000000, -1.000000000000000000 ) ) ;
#1190 = DIRECTION ( 'NONE',  ( 1.000000000000000000, 0.000000000000000000, -0.000000000000000000 ) ) ;
#1191 = SURFACE_STYLE_FILL_AREA ( #1534 ) ;
#1192 = ORIENTED_EDGE ( 'NONE', *, *, #1713, .F. ) ;
#1193 = EDGE_CURVE ( 'NONE', #2098, #1487, #4524, .T. ) ;
#1194 = CARTESIAN_POINT ( 'NONE',  ( -1.250000000000000222, 0.7500000000000000000, -1.224999999999999867 ) ) ;
#1195 = CARTESIAN_POINT ( 'NONE',  ( -1.174999999999999156, 0.7500000000000000000, 0.000000000000000000 ) ) ;
#1196 = CARTESIAN_POINT ( 'NONE',  ( -1.250000000000000222, 0.000000000000000000, 0.9749999999999997558 ) ) ;
#1197 = DIRECTION ( 'NONE',  ( 0.000000000000000000, 0.000000000000000000, 1.000000000000000000 ) ) ;
#1198 = ORIENTED_EDGE ( 'NONE', *, *, #3585, .T. ) ;
#1199 = DIRECTION ( 'NONE',  ( 0.000000000000000000, 1.000000000000000000, 0.000000000000000000 ) ) ;
#1200 = ORIENTED_EDGE ( 'NONE', *, *, #4120, .F. ) ;
#1201 = EDGE_CURVE ( 'NONE', #1981, #2053, #4186, .T. ) ;
#1202 = CARTESIAN_POINT ( 'NONE',  ( -0.5000000000000004441, 0.5500000000000000444, -9.035018104045886718E-17 ) ) ;
#1203 = ORIENTED_EDGE ( 'NONE', *, *, #2375, .F. ) ;
#1204 = DIRECTION ( 'NONE',  ( -0.000000000000000000, -1.000000000000000000, -0.000000000000000000 ) ) ;
#1205 = VERTEX_POINT ( 'NONE', #333 ) ;
#1206 = EDGE_CURVE ( 'NONE', #3571, #2664, #2382, .T. ) ;
#1207 = CARTESIAN_POINT ( 'NONE',  ( -8.673617379884037444E-16, 0.000000000000000000, 1.500000000000000000 ) ) ;
#1208 = LINE ( 'NONE', #2614, #3908 ) ;
#1209 = ORIENTED_EDGE ( 'NONE', *, *, #1280, .F. ) ;
#1210 = ORIENTED_EDGE ( 'NONE', *, *, #4528, .T. ) ;
#1211 = DIRECTION ( 'NONE',  ( 0.000000000000000000, 0.000000000000000000, -1.000000000000000000 ) ) ;
#1212 = ORIENTED_EDGE ( 'NONE', *, *, #165, .T. ) ;
#1213 = LINE ( 'NONE', #3356, #533 ) ;
#1214 = DIRECTION ( 'NONE',  ( 0.000000000000000000, 0.000000000000000000, -1.000000000000000000 ) ) ;
#1215 = CARTESIAN_POINT ( 'NONE',  ( -1.000000000000000000, 0.9749999999999998668, 1.324999999999999734 ) ) ;
#1216 = PLANE ( 'NONE',  #4122 ) ;
#1217 = MANIFOLD_SOLID_BREP ( 'Boss-Extrude3[3]', #4323 ) ;
#1218 = EDGE_LOOP ( 'NONE', ( #1167, #2461, #631, #2902 ) ) ;
#1219 = DIRECTION ( 'NONE',  ( -0.3420201433256638279, 0.000000000000000000, -0.9396926207859102043 ) ) ;
#1220 = ORIENTED_EDGE ( 'NONE', *, *, #3585, .F. ) ;
#1221 = PRODUCT_DEFINITION_CONTEXT ( 'detailed design', #3714, 'design' ) ;
#1222 = DIRECTION ( 'NONE',  ( -1.807003620809175618E-16, 0.000000000000000000, 1.000000000000000000 ) ) ;
#1223 = ORIENTED_EDGE ( 'NONE', *, *, #491, .F. ) ;
#1224 = ADVANCED_FACE ( 'NONE', ( #1356 ), #1379, .T. ) ;
#1225 = DIRECTION ( 'NONE',  ( 0.000000000000000000, 1.000000000000000000, -0.000000000000000000 ) ) ;
#1226 = ORIENTED_EDGE ( 'NONE', *, *, #2629, .T. ) ;
#1227 = LINE ( 'NONE', #126, #1464 ) ;
#1228 = CARTESIAN_POINT ( 'NONE',  ( -1.235000000000000098, 0.5500000000000000444, 0.000000000000000000 ) ) ;
#1229 = LINE ( 'NONE', #537, #3372 ) ;
#1230 = ORIENTED_EDGE ( 'NONE', *, *, #263, .T. ) ;
#1231 = CLOSED_SHELL ( 'NONE', ( #2861, #4483, #131, #2988, #2045, #3925, #4502, #4039, #988, #479, #4327, #3805, #1677, #1687, #2922, #442, #3256, #207, #2286, #2333, #3831, #177, #4372, #2094, #1930, #4200, #1151 ) ) ;
#1232 = VECTOR ( 'NONE', #2188, 1000.000000000000000 ) ;
#1233 = FACE_OUTER_BOUND ( 'NONE', #1592, .T. ) ;
#1234 = DIRECTION ( 'NONE',  ( -1.000000000000000000, 0.000000000000000000, -0.000000000000000000 ) ) ;
#1235 = DIRECTION ( 'NONE',  ( 0.000000000000000000, 0.000000000000000000, 1.000000000000000000 ) ) ;
#1236 = CARTESIAN_POINT ( 'NONE',  ( 1.249999999999999778, 0.000000000000000000, 1.224999999999999201 ) ) ;
#1237 = AXIS2_PLACEMENT_3D ( 'NONE', #237, #3761, #3375 ) ;
#1238 = STYLED_ITEM ( 'NONE', ( #3977 ), #4309 ) ;
#1239 = EDGE_CURVE ( 'NONE', #424, #4123, #1335, .T. ) ;
#1240 = VECTOR ( 'NONE', #2464, 1000.000000000000000 ) ;
#1241 = ORIENTED_EDGE ( 'NONE', *, *, #3716, .T. ) ;
#1242 = CARTESIAN_POINT ( 'NONE',  ( -1.124999999999999334, 0.7500000000000000000, -1.599999999999999867 ) ) ;
#1243 = VECTOR ( 'NONE', #2675, 1000.000000000000000 ) ;
#1244 = ORIENTED_EDGE ( 'NONE', *, *, #1436, .F. ) ;
#1245 = ORIENTED_EDGE ( 'NONE', *, *, #915, .F. ) ;
#1246 = EDGE_CURVE ( 'NONE', #2169, #2622, #823, .T. ) ;
#1247 = STYLED_ITEM ( 'NONE', ( #3510 ), #730 ) ;
#1248 = CARTESIAN_POINT ( 'NONE',  ( 1.235000000000000986, 0.000000000000000000, 0.7000000000000000666 ) ) ;
#1249 = CIRCLE ( 'NONE', #2661, 0.1250000000000001110 ) ;
#1250 = VECTOR ( 'NONE', #2296, 1000.000000000000000 ) ;
#1251 = DIRECTION ( 'NONE',  ( 0.000000000000000000, 1.000000000000000000, 3.854941057726241055E-15 ) ) ;
#1252 = ORIENTED_EDGE ( 'NONE', *, *, #99, .T. ) ;
#1253 = VECTOR ( 'NONE', #659, 1000.000000000000000 ) ;
#1254 = CARTESIAN_POINT ( 'NONE',  ( 1.235000000000000098, 0.5500000000000000444, -1.224999999999999867 ) ) ;
#1255 = VECTOR ( 'NONE', #2362, 1000.000000000000000 ) ;
#1256 = CARTESIAN_POINT ( 'NONE',  ( -0.000000000000000000, 0.000000000000000000, -0.9750000000000001998 ) ) ;
#1257 =( NAMED_UNIT ( * ) SI_UNIT ( $, .STERADIAN. ) SOLID_ANGLE_UNIT ( ) );
#1258 = EDGE_LOOP ( 'NONE', ( #3150, #4330, #711, #3752, #3577, #2654, #1571 ) ) ;
#1259 = ORIENTED_EDGE ( 'NONE', *, *, #3095, .T. ) ;
#1260 = AXIS2_PLACEMENT_3D ( 'NONE', #2076, #4204, #4224 ) ;
#1261 = CARTESIAN_POINT ( 'NONE',  ( -0.000000000000000000, 0.000000000000000000, -1.224999999999999867 ) ) ;
#1262 = DIRECTION ( 'NONE',  ( -0.000000000000000000, -1.000000000000000000, -0.000000000000000000 ) ) ;
#1263 = FACE_OUTER_BOUND ( 'NONE', #3337, .T. ) ;
#1264 = LINE ( 'NONE', #1948, #4097 ) ;
#1265 = DIRECTION ( 'NONE',  ( -0.000000000000000000, -1.000000000000000000, -0.000000000000000000 ) ) ;
#1266 = MANIFOLD_SOLID_BREP ( 'Cut-Extrude3', #2195 ) ;
#1267 = ORIENTED_EDGE ( 'NONE', *, *, #808, .F. ) ;
#1268 = LINE ( 'NONE', #2673, #4110 ) ;
#1269 = PLANE ( 'NONE',  #1614 ) ;
#1270 = LINE ( 'NONE', #225, #1243 ) ;
#1271 = EDGE_CURVE ( 'NONE', #1623, #2717, #1839, .T. ) ;
#1272 = EDGE_CURVE ( 'NONE', #3223, #3255, #3621, .T. ) ;
#1273 = DIRECTION ( 'NONE',  ( -0.000000000000000000, 0.000000000000000000, -1.000000000000000000 ) ) ;
#1274 = ORIENTED_EDGE ( 'NONE', *, *, #2887, .T. ) ;
#1275 = LINE ( 'NONE', #2323, #2051 ) ;
#1276 = CARTESIAN_POINT ( 'NONE',  ( 0.000000000000000000, 0.000000000000000000, 0.000000000000000000 ) ) ;
#1277 = ORIENTED_EDGE ( 'NONE', *, *, #2257, .F. ) ;
#1278 = DIRECTION ( 'NONE',  ( 1.000000000000000000, 0.000000000000000000, -0.000000000000000000 ) ) ;
#1279 = ORIENTED_EDGE ( 'NONE', *, *, #1107, .T. ) ;
#1280 = EDGE_CURVE ( 'NONE', #2053, #420, #774, .T. ) ;
#1281 = DIRECTION ( 'NONE',  ( 0.000000000000000000, -1.000000000000000000, 0.000000000000000000 ) ) ;
#1282 = LINE ( 'NONE', #3379, #2707 ) ;
#1283 = CARTESIAN_POINT ( 'NONE',  ( 0.000000000000000000, 0.5500000000000000444, -1.500000000000000222 ) ) ;
#1284 = ORIENTED_EDGE ( 'NONE', *, *, #1201, .T. ) ;
#1285 = DIRECTION ( 'NONE',  ( -0.000000000000000000, -1.000000000000000000, -0.000000000000000000 ) ) ;
#1286 = ORIENTED_EDGE ( 'NONE', *, *, #2591, .F. ) ;
#1287 =( NAMED_UNIT ( * ) PLANE_ANGLE_UNIT ( ) SI_UNIT ( $, .RADIAN. ) );
#1288 = DIRECTION ( 'NONE',  ( 1.000000000000000000, -0.000000000000000000, 1.355252715606879556E-16 ) ) ;
#1289 = ORIENTED_EDGE ( 'NONE', *, *, #2261, .F. ) ;
#1290 = ORIENTED_EDGE ( 'NONE', *, *, #1293, .F. ) ;
#1291 = DIRECTION ( 'NONE',  ( -0.3420201433256788159, 0.000000000000000000, 0.9396926207859047642 ) ) ;
#1292 = ORIENTED_EDGE ( 'NONE', *, *, #3155, .F. ) ;
#1293 = EDGE_CURVE ( 'NONE', #3038, #2552, #2853, .T. ) ;
#1294 = FACE_OUTER_BOUND ( 'NONE', #1600, .T. ) ;
#1295 = EDGE_LOOP ( 'NONE', ( #1110, #3088, #2739, #1333, #3921, #2340, #3600, #957 ) ) ;
#1296 = ADVANCED_FACE ( 'NONE', ( #820 ), #2163, .T. ) ;
#1297 = ORIENTED_EDGE ( 'NONE', *, *, #2773, .F. ) ;
#1298 = CARTESIAN_POINT ( 'NONE',  ( 0.4999999999999994449, 0.5500000000000000444, 1.500000000000000222 ) ) ;
#1299 = ORIENTED_EDGE ( 'NONE', *, *, #2696, .F. ) ;
#1300 = CARTESIAN_POINT ( 'NONE',  ( -1.125000000000000444, 0.7500000000000000000, -1.474999999999999867 ) ) ;
#1301 = LINE ( 'NONE', #1990, #814 ) ;
#1302 = DIRECTION ( 'NONE',  ( 0.000000000000000000, 0.000000000000000000, -1.000000000000000000 ) ) ;
#1303 = ADVANCED_FACE ( 'NONE', ( #2510 ), #3918, .F. ) ;
#1304 = VECTOR ( 'NONE', #319, 1000.000000000000000 ) ;
#1305 = CARTESIAN_POINT ( 'NONE',  ( -1.250000000000000222, 0.5500000000000000444, -0.000000000000000000 ) ) ;
#1306 = MANIFOLD_SOLID_BREP ( 'Sweep1', #1231 ) ;
#1307 = VERTEX_POINT ( 'NONE', #2831 ) ;
#1308 = VECTOR ( 'NONE', #3886, 1000.000000000000000 ) ;
#1309 = CARTESIAN_POINT ( 'NONE',  ( 0.5624999999999998890, 0.7500000000000000000, 1.524999999999999911 ) ) ;
#1310 = DIRECTION ( 'NONE',  ( 0.000000000000000000, 0.000000000000000000, 1.000000000000000000 ) ) ;
#1311 = ORIENTED_EDGE ( 'NONE', *, *, #3398, .F. ) ;
#1312 = VECTOR ( 'NONE', #2269, 1000.000000000000000 ) ;
#1313 = AXIS2_PLACEMENT_3D ( 'NONE', #4255, #2161, #3591 ) ;
#1314 = ORIENTED_EDGE ( 'NONE', *, *, #2314, .F. ) ;
#1315 = VECTOR ( 'NONE', #2267, 1000.000000000000000 ) ;
#1316 = CARTESIAN_POINT ( 'NONE',  ( 1.000000000000000000, 0.9749999999999998668, 1.449999999999999956 ) ) ;
#1317 = ORIENTED_EDGE ( 'NONE', *, *, #1055, .T. ) ;
#1318 = VECTOR ( 'NONE', #1042, 1000.000000000000000 ) ;
#1319 = PLANE ( 'NONE',  #4194 ) ;
#1320 = DIRECTION ( 'NONE',  ( 0.000000000000000000, 0.000000000000000000, -1.000000000000000000 ) ) ;
#1321 = ORIENTED_EDGE ( 'NONE', *, *, #117, .F. ) ;
#1322 = DIRECTION ( 'NONE',  ( -1.000000000000000000, 0.000000000000000000, -5.782411586589355667E-16 ) ) ;
#1323 = AXIS2_PLACEMENT_3D ( 'NONE', #2819, #73, #1785 ) ;
#1324 = FACE_OUTER_BOUND ( 'NONE', #604, .T. ) ;
#1325 = ORIENTED_EDGE ( 'NONE', *, *, #1239, .F. ) ;
#1326 = LINE ( 'NONE', #1989, #94 ) ;
#1327 = CARTESIAN_POINT ( 'NONE',  ( -1.124999999999999334, 0.7500000000000000000, 1.600000000000000311 ) ) ;
#1328 = EDGE_CURVE ( 'NONE', #4146, #3335, #4281, .T. ) ;
#1329 = CARTESIAN_POINT ( 'NONE',  ( 0.3102022324300348632, 0.7500000000000000000, -1.599999999999999867 ) ) ;
#1330 = EDGE_CURVE ( 'NONE', #4373, #2515, #2532, .T. ) ;
#1331 = VECTOR ( 'NONE', #1061, 1000.000000000000000 ) ;
#1332 = DIRECTION ( 'NONE',  ( -9.637352644315630249E-16, 0.000000000000000000, -1.000000000000000000 ) ) ;
#1333 = ORIENTED_EDGE ( 'NONE', *, *, #2657, .F. ) ;
#1334 = VERTEX_POINT ( 'NONE', #3889 ) ;
#1335 = LINE ( 'NONE', #2366, #528 ) ;
#1336 = CARTESIAN_POINT ( 'NONE',  ( 0.000000000000000000, 0.000000000000000000, 0.9749999999999995337 ) ) ;
#1337 = ORIENTED_EDGE ( 'NONE', *, *, #830, .F. ) ;
#1338 = CARTESIAN_POINT ( 'NONE',  ( -0.3102022324300346412, 0.7500000000000000000, -1.600000000000000089 ) ) ;
#1339 = EDGE_CURVE ( 'NONE', #413, #494, #1086, .T. ) ;
#1340 = FACE_OUTER_BOUND ( 'NONE', #4091, .T. ) ;
#1341 = ORIENTED_EDGE ( 'NONE', *, *, #3987, .T. ) ;
#1342 = EDGE_CURVE ( 'NONE', #669, #1419, #464, .T. ) ;
#1343 = CARTESIAN_POINT ( 'NONE',  ( -1.250000000000000666, 0.7500000000000000000, 1.224999999999999423 ) ) ;
#1344 =( LENGTH_UNIT ( ) NAMED_UNIT ( * ) SI_UNIT ( .MILLI., .METRE. ) );
#1345 = VERTEX_POINT ( 'NONE', #3196 ) ;
#1346 = LINE ( 'NONE', #3045, #4260 ) ;
#1347 = EDGE_LOOP ( 'NONE', ( #1851, #1973, #4448, #438, #3499, #1289, #4485, #2077, #4167 ) ) ;
#1348 = DIRECTION ( 'NONE',  ( -1.000000000000000000, 0.000000000000000000, -0.000000000000000000 ) ) ;
#1349 = DIRECTION ( 'NONE',  ( -1.000000000000000000, 0.000000000000000000, 0.000000000000000000 ) ) ;
#1350 = CARTESIAN_POINT ( 'NONE',  ( -1.235000000000000098, 0.5500000000000000444, 0.000000000000000000 ) ) ;
#1351 = CARTESIAN_POINT ( 'NONE',  ( 0.5000000000000005551, 0.5500000000000000444, -2.032879073410322293E-16 ) ) ;
#1352 = PLANE ( 'NONE',  #4198 ) ;
#1353 = EDGE_CURVE ( 'NONE', #244, #1597, #2903, .T. ) ;
#1354 = ORIENTED_EDGE ( 'NONE', *, *, #2657, .T. ) ;
#1355 = ORIENTED_EDGE ( 'NONE', *, *, #1413, .T. ) ;
#1356 = FACE_OUTER_BOUND ( 'NONE', #526, .T. ) ;
#1357 = CARTESIAN_POINT ( 'NONE',  ( -0.5624999999999991118, 0.000000000000000000, 1.525000000000000133 ) ) ;
#1358 = ORIENTED_EDGE ( 'NONE', *, *, #3103, .F. ) ;
#1359 = ORIENTED_EDGE ( 'NONE', *, *, #3910, .T. ) ;
#1360 = CARTESIAN_POINT ( 'NONE',  ( 1.000000000000000000, 6.070490430446589869, 1.449999999999999956 ) ) ;
#1361 = LINE ( 'NONE', #688, #1808 ) ;
#1362 = VERTEX_POINT ( 'NONE', #1063 ) ;
#1363 = EDGE_CURVE ( 'NONE', #2309, #3747, #2457, .T. ) ;
#1364 = ORIENTED_EDGE ( 'NONE', *, *, #1943, .F. ) ;
#1365 = CARTESIAN_POINT ( 'NONE',  ( 0.5000000000000004441, 0.000000000000000000, 3.388131789017204315E-16 ) ) ;
#1366 = ORIENTED_EDGE ( 'NONE', *, *, #637, .F. ) ;
#1367 = VECTOR ( 'NONE', #4220, 1000.000000000000000 ) ;
#1368 = PLANE ( 'NONE',  #1407 ) ;
#1369 = PLANE ( 'NONE',  #3862 ) ;
#1370 = ORIENTED_EDGE ( 'NONE', *, *, #3991, .T. ) ;
#1371 = EDGE_CURVE ( 'NONE', #1399, #1182, #2113, .T. ) ;
#1372 = DIRECTION ( 'NONE',  ( -1.000000000000000000, 0.000000000000000000, 0.000000000000000000 ) ) ;
#1373 = VERTEX_POINT ( 'NONE', #2972 ) ;
#1374 = CARTESIAN_POINT ( 'NONE',  ( 1.249999999999999778, 0.000000000000000000, 0.000000000000000000 ) ) ;
#1375 = DIRECTION ( 'NONE',  ( -6.776263578034402713E-16, 0.000000000000000000, 1.000000000000000000 ) ) ;
#1376 = LINE ( 'NONE', #3031, #806 ) ;
#1377 = DIRECTION ( 'NONE',  ( -0.000000000000000000, -1.000000000000000000, 0.000000000000000000 ) ) ;
#1378 = ORIENTED_EDGE ( 'NONE', *, *, #226, .F. ) ;
#1379 = PLANE ( 'NONE',  #1108 ) ;
#1380 = DIRECTION ( 'NONE',  ( -0.000000000000000000, -1.000000000000000000, -0.000000000000000000 ) ) ;
#1381 = ORIENTED_EDGE ( 'NONE', *, *, #2403, .T. ) ;
#1382 = EDGE_CURVE ( 'NONE', #392, #3513, #216, .T. ) ;
#1383 = VECTOR ( 'NONE', #4089, 1000.000000000000000 ) ;
#1384 = ORIENTED_EDGE ( 'NONE', *, *, #215, .F. ) ;
#1385 = DIRECTION ( 'NONE',  ( -1.355252715606879556E-16, 0.000000000000000000, 1.000000000000000000 ) ) ;
#1386 = AXIS2_PLACEMENT_3D ( 'NONE', #412, #4214, #3218 ) ;
#1387 = DIRECTION ( 'NONE',  ( 0.000000000000000000, -1.000000000000000000, 0.000000000000000000 ) ) ;
#1388 = VERTEX_POINT ( 'NONE', #3338 ) ;
#1389 = EDGE_CURVE ( 'NONE', #4300, #893, #573, .T. ) ;
#1390 = ADVANCED_FACE ( 'NONE', ( #3270 ), #2926, .T. ) ;
#1391 = VECTOR ( 'NONE', #2079, 1000.000000000000000 ) ;
#1392 = VECTOR ( 'NONE', #3370, 1000.000000000000000 ) ;
#1393 = LINE ( 'NONE', #2747, #4275 ) ;
#1394 = ORIENTED_EDGE ( 'NONE', *, *, #2434, .F. ) ;
#1395 = AXIS2_PLACEMENT_3D ( 'NONE', #3662, #4391, #2975 ) ;
#1396 = APPLICATION_PROTOCOL_DEFINITION ( 'draft international standard', 'automotive_design', 1998, #4507 ) ;
#1397 = CARTESIAN_POINT ( 'NONE',  ( 1.249999999999999778, 0.000000000000000000, 0.000000000000000000 ) ) ;
#1398 = LINE ( 'NONE', #52, #1518 ) ;
#1399 = VERTEX_POINT ( 'NONE', #4021 ) ;
#1400 = ORIENTED_EDGE ( 'NONE', *, *, #3995, .F. ) ;
#1401 = PLANE ( 'NONE',  #452 ) ;
#1402 = DIRECTION ( 'NONE',  ( -1.000000000000000000, 0.000000000000000000, -1.807003620809175618E-16 ) ) ;
#1403 = VECTOR ( 'NONE', #981, 1000.000000000000000 ) ;
#1404 = FACE_OUTER_BOUND ( 'NONE', #2798, .T. ) ;
#1405 = FACE_OUTER_BOUND ( 'NONE', #2308, .T. ) ;
#1406 = EDGE_CURVE ( 'NONE', #1929, #320, #1175, .T. ) ;
#1407 = AXIS2_PLACEMENT_3D ( 'NONE', #2422, #2075, #3130 ) ;
#1408 = LINE ( 'NONE', #1188, #3244 ) ;
#1409 = LINE ( 'NONE', #1497, #3798 ) ;
#1410 = CARTESIAN_POINT ( 'NONE',  ( 1.125000000000000444, 1.199999999999999734, 1.324999999999999734 ) ) ;
#1411 = DIRECTION ( 'NONE',  ( 0.000000000000000000, 0.000000000000000000, -1.000000000000000000 ) ) ;
#1412 = ORIENTED_EDGE ( 'NONE', *, *, #974, .F. ) ;
#1413 = EDGE_CURVE ( 'NONE', #3681, #1185, #543, .T. ) ;
#1414 = VECTOR ( 'NONE', #1067, 1000.000000000000000 ) ;
#1415 = CARTESIAN_POINT ( 'NONE',  ( -0.000000000000000000, 0.000000000000000000, 1.224999999999999423 ) ) ;
#1416 = ORIENTED_EDGE ( 'NONE', *, *, #2084, .T. ) ;
#1417 = DIRECTION ( 'NONE',  ( -0.000000000000000000, -1.000000000000000000, -0.000000000000000000 ) ) ;
#1418 = PLANE ( 'NONE',  #4082 ) ;
#1419 = VERTEX_POINT ( 'NONE', #3009 ) ;
#1420 = EDGE_CURVE ( 'NONE', #2899, #2868, #847, .T. ) ;
#1421 = APPLICATION_PROTOCOL_DEFINITION ( 'draft international standard', 'automotive_design', 1998, #3714 ) ;
#1422 = PLANE ( 'NONE',  #2137 ) ;
#1423 = DIRECTION ( 'NONE',  ( -0.9761870601839536254, -0.2169304578186523891, 0.000000000000000000 ) ) ;
#1424 = ORIENTED_EDGE ( 'NONE', *, *, #4024, .T. ) ;
#1425 = ORIENTED_EDGE ( 'NONE', *, *, #1501, .T. ) ;
#1426 = LINE ( 'NONE', #2826, #3143 ) ;
#1427 = CARTESIAN_POINT ( 'NONE',  ( 0.000000000000000000, 1.199999999999999956, 0.000000000000000000 ) ) ;
#1428 = FACE_OUTER_BOUND ( 'NONE', #2874, .T. ) ;
#1429 = ADVANCED_FACE ( 'NONE', ( #1601 ), #1908, .T. ) ;
#1430 = DIRECTION ( 'NONE',  ( 0.000000000000000000, -0.000000000000000000, 1.000000000000000000 ) ) ;
#1431 = ORIENTED_EDGE ( 'NONE', *, *, #3542, .T. ) ;
#1432 = DIRECTION ( 'NONE',  ( 0.000000000000000000, 0.000000000000000000, -1.000000000000000000 ) ) ;
#1433 = PLANE ( 'NONE',  #521 ) ;
#1434 = ORIENTED_EDGE ( 'NONE', *, *, #2591, .T. ) ;
#1435 = FACE_OUTER_BOUND ( 'NONE', #3428, .T. ) ;
#1436 = EDGE_CURVE ( 'NONE', #2203, #2664, #153, .T. ) ;
#1437 = ORIENTED_EDGE ( 'NONE', *, *, #149, .T. ) ;
#1438 = DIRECTION ( 'NONE',  ( 0.000000000000000000, 0.000000000000000000, -1.000000000000000000 ) ) ;
#1439 = DIRECTION ( 'NONE',  ( -0.3420201433256799817, 0.000000000000000000, -0.9396926207859043201 ) ) ;
#1440 = ORIENTED_EDGE ( 'NONE', *, *, #1942, .T. ) ;
#1441 = PLANE ( 'NONE',  #670 ) ;
#1442 = CARTESIAN_POINT ( 'NONE',  ( 1.249999999999999778, 0.000000000000000000, -1.474999999999998979 ) ) ;
#1443 = DIRECTION ( 'NONE',  ( 0.000000000000000000, 0.000000000000000000, 1.000000000000000000 ) ) ;
#1444 = EDGE_CURVE ( 'NONE', #4173, #2496, #3702, .T. ) ;
#1445 = ORIENTED_EDGE ( 'NONE', *, *, #2748, .T. ) ;
#1446 = DIRECTION ( 'NONE',  ( 0.000000000000000000, -0.000000000000000000, 1.000000000000000000 ) ) ;
#1447 = PLANE ( 'NONE',  #1686 ) ;
#1448 = DIRECTION ( 'NONE',  ( -0.2169304578186523891, -0.9761870601839536254, 0.000000000000000000 ) ) ;
#1449 = EDGE_CURVE ( 'NONE', #4508, #4373, #1543, .T. ) ;
#1450 = PLANE ( 'NONE',  #157 ) ;
#1451 = CARTESIAN_POINT ( 'NONE',  ( 1.249999999999999778, 0.000000000000000000, 0.000000000000000000 ) ) ;
#1452 = EDGE_CURVE ( 'NONE', #1623, #434, #198, .T. ) ;
#1453 = DIRECTION ( 'NONE',  ( 0.000000000000000000, 1.000000000000000000, 0.000000000000000000 ) ) ;
#1454 = ORIENTED_EDGE ( 'NONE', *, *, #3282, .T. ) ;
#1455 = CARTESIAN_POINT ( 'NONE',  ( 1.235000000000000986, 0.5500000000000000444, 0.000000000000000000 ) ) ;
#1456 = ORIENTED_EDGE ( 'NONE', *, *, #3433, .F. ) ;
#1457 = VECTOR ( 'NONE', #4296, 1000.000000000000000 ) ;
#1458 = FACE_OUTER_BOUND ( 'NONE', #3397, .T. ) ;
#1459 = CARTESIAN_POINT ( 'NONE',  ( 0.000000000000000000, 0.5500000000000000444, -0.9750000000000001998 ) ) ;
#1460 = VECTOR ( 'NONE', #517, 1000.000000000000000 ) ;
#1461 = CARTESIAN_POINT ( 'NONE',  ( -1.174999999999999156, 0.7500000000000000000, 0.000000000000000000 ) ) ;
#1462 = AXIS2_PLACEMENT_3D ( 'NONE', #4380, #2639, #813 ) ;
#1463 = VERTEX_POINT ( 'NONE', #4004 ) ;
#1464 = VECTOR ( 'NONE', #898, 1000.000000000000000 ) ;
#1465 =( GEOMETRIC_REPRESENTATION_CONTEXT ( 3 ) GLOBAL_UNCERTAINTY_ASSIGNED_CONTEXT ( ( #1538 ) ) GLOBAL_UNIT_ASSIGNED_CONTEXT ( ( #1344, #4062, #1257 ) ) REPRESENTATION_CONTEXT ( 'NONE', 'WORKASPACE' ) );
#1466 = PLANE ( 'NONE',  #4325 ) ;
#1467 = DIRECTION ( 'NONE',  ( -1.000000000000000000, 0.000000000000000000, 0.000000000000000000 ) ) ;
#1468 = DIRECTION ( 'NONE',  ( -0.000000000000000000, -1.000000000000000000, -0.000000000000000000 ) ) ;
#1469 =( GEOMETRIC_REPRESENTATION_CONTEXT ( 3 ) GLOBAL_UNCERTAINTY_ASSIGNED_CONTEXT ( ( #1496 ) ) GLOBAL_UNIT_ASSIGNED_CONTEXT ( ( #2013, #1287, #4118 ) ) REPRESENTATION_CONTEXT ( 'NONE', 'WORKASPACE' ) );
#1470 = AXIS2_PLACEMENT_3D ( 'NONE', #439, #98, #1486 ) ;
#1471 = VECTOR ( 'NONE', #2827, 1000.000000000000000 ) ;
#1472 = DIRECTION ( 'NONE',  ( 0.000000000000000000, -1.000000000000000000, 0.000000000000000000 ) ) ;
#1473 = EDGE_CURVE ( 'NONE', #1205, #1584, #865, .T. ) ;
#1474 = ORIENTED_EDGE ( 'NONE', *, *, #3497, .F. ) ;
#1475 = ADVANCED_FACE ( 'NONE', ( #3658 ), #519, .T. ) ;
#1476 = DIRECTION ( 'NONE',  ( -0.7071067811865491270, 0.000000000000000000, -0.7071067811865459074 ) ) ;
#1477 = VECTOR ( 'NONE', #3998, 1000.000000000000000 ) ;
#1478 = DIRECTION ( 'NONE',  ( 0.000000000000000000, 0.000000000000000000, -1.000000000000000000 ) ) ;
#1479 = EDGE_LOOP ( 'NONE', ( #2406, #1292, #278, #3182 ) ) ;
#1480 = EDGE_CURVE ( 'NONE', #2098, #4420, #1213, .T. ) ;
#1481 = VECTOR ( 'NONE', #142, 1000.000000000000000 ) ;
#1482 = CARTESIAN_POINT ( 'NONE',  ( 0.000000000000000000, 0.000000000000000000, 1.224999999999999201 ) ) ;
#1483 = ORIENTED_EDGE ( 'NONE', *, *, #3946, .F. ) ;
#1484 = AXIS2_PLACEMENT_3D ( 'NONE', #283, #2011, #924 ) ;
#1485 = EDGE_LOOP ( 'NONE', ( #437, #628, #3760, #3800, #2099, #3350, #2050, #3896, #2263, #2123, #709, #371, #3954, #749, #1456, #3068, #4071, #3195, #1817, #2776, #1088, #1018, #560, #2974, #503, #1364, #3327, #739, #3532, #1611, #2252, #3468, #3274, #509, #791, #1560, #1029, #472, #3581, #3189 ) ) ;
#1486 = DIRECTION ( 'NONE',  ( 1.000000000000000000, 0.000000000000000000, -0.000000000000000000 ) ) ;
#1487 = VERTEX_POINT ( 'NONE', #1578 ) ;
#1488 = ADVANCED_FACE ( 'NONE', ( #3682 ), #886, .T. ) ;
#1489 = PLANE ( 'NONE',  #3459 ) ;
#1490 = CARTESIAN_POINT ( 'NONE',  ( -1.250000000000000222, 0.5500000000000000444, 1.224999999999999423 ) ) ;
#1491 = ADVANCED_FACE ( 'NONE', ( #2648 ), #938, .T. ) ;
#1492 = CARTESIAN_POINT ( 'NONE',  ( -1.235000000000000098, 0.5500000000000000444, -1.224999999999999867 ) ) ;
#1493 = DIRECTION ( 'NONE',  ( 0.2169304578186523891, -0.9761870601839536254, -0.000000000000000000 ) ) ;
#1494 = CARTESIAN_POINT ( 'NONE',  ( 1.125000000000000000, 0.000000000000000000, -1.474999999999999867 ) ) ;
#1495 = CARTESIAN_POINT ( 'NONE',  ( 0.000000000000000000, 0.5500000000000000444, 0.000000000000000000 ) ) ;
#1496 = UNCERTAINTY_MEASURE_WITH_UNIT (LENGTH_MEASURE( 1.000000000000000082E-05 ), #2013, 'distance_accuracy_value', 'NONE');
#1497 = CARTESIAN_POINT ( 'NONE',  ( 1.235000000000000986, 0.000000000000000000, -0.000000000000000000 ) ) ;
#1498 = ORIENTED_EDGE ( 'NONE', *, *, #2304, .T. ) ;
#1499 = CARTESIAN_POINT ( 'NONE',  ( -1.124999999999999334, 0.7500000000000000000, 0.000000000000000000 ) ) ;
#1500 = CARTESIAN_POINT ( 'NONE',  ( 1.235000000000000098, 0.5500000000000000444, -1.224999999999999867 ) ) ;
#1501 = EDGE_CURVE ( 'NONE', #2717, #2979, #640, .T. ) ;
#1502 = PLANE ( 'NONE',  #2142 ) ;
#1503 = ORIENTED_EDGE ( 'NONE', *, *, #2957, .T. ) ;
#1504 = CARTESIAN_POINT ( 'NONE',  ( 2.023844055306276258E-16, 0.5500000000000000444, -0.6999999999999999556 ) ) ;
#1505 = DIRECTION ( 'NONE',  ( -6.776263578034402713E-16, 0.000000000000000000, 1.000000000000000000 ) ) ;
#1506 = CARTESIAN_POINT ( 'NONE',  ( 0.5000000000000005551, 0.5500000000000000444, -2.032879073410322293E-16 ) ) ;
#1507 = DIRECTION ( 'NONE',  ( -0.000000000000000000, -1.000000000000000000, -0.000000000000000000 ) ) ;
#1508 = EDGE_CURVE ( 'NONE', #1567, #1399, #239, .T. ) ;
#1509 = LINE ( 'NONE', #12, #1331 ) ;
#1510 = ORIENTED_EDGE ( 'NONE', *, *, #3413, .T. ) ;
#1511 = FACE_OUTER_BOUND ( 'NONE', #4018, .T. ) ;
#1512 = DIRECTION ( 'NONE',  ( -0.000000000000000000, -1.000000000000000000, -0.000000000000000000 ) ) ;
#1513 = ORIENTED_EDGE ( 'NONE', *, *, #215, .T. ) ;
#1514 = CARTESIAN_POINT ( 'NONE',  ( -0.006574447241207126945, 0.7500000000000000000, -0.002392903102553035552 ) ) ;
#1515 = DIRECTION ( 'NONE',  ( -0.000000000000000000, -1.000000000000000000, -0.000000000000000000 ) ) ;
#1516 = ORIENTED_EDGE ( 'NONE', *, *, #1501, .F. ) ;
#1517 = CARTESIAN_POINT ( 'NONE',  ( -1.250000000000000222, 0.5500000000000000444, 0.9749999999999997558 ) ) ;
#1518 = VECTOR ( 'NONE', #2499, 1000.000000000000000 ) ;
#1519 = CARTESIAN_POINT ( 'NONE',  ( -4.047688110612549065E-16, 0.5500000000000000444, 0.6999999999999999556 ) ) ;
#1520 = CARTESIAN_POINT ( 'NONE',  ( 0.3374999999999996891, 0.7500000000000000000, -1.524999999999999911 ) ) ;
#1521 = ORIENTED_EDGE ( 'NONE', *, *, #584, .F. ) ;
#1522 = CARTESIAN_POINT ( 'NONE',  ( -1.250000000000000222, 0.000000000000000000, 0.9749999999999997558 ) ) ;
#1523 = ORIENTED_EDGE ( 'NONE', *, *, #279, .T. ) ;
#1524 = DIRECTION ( 'NONE',  ( 0.000000000000000000, 0.000000000000000000, -1.000000000000000000 ) ) ;
#1525 = EDGE_CURVE ( 'NONE', #2491, #2787, #961, .T. ) ;
#1526 = LINE ( 'NONE', #3993, #4484 ) ;
#1527 = DIRECTION ( 'NONE',  ( 0.000000000000000000, -0.000000000000000000, -1.000000000000000000 ) ) ;
#1528 = AXIS2_PLACEMENT_3D ( 'NONE', #2341, #1288, #3750 ) ;
#1529 = CARTESIAN_POINT ( 'NONE',  ( -0.8250000000000001776, 1.149999999999999911, -1.300000000000000044 ) ) ;
#1530 = VECTOR ( 'NONE', #578, 1000.000000000000000 ) ;
#1531 = DIRECTION ( 'NONE',  ( -0.000000000000000000, 0.000000000000000000, 1.000000000000000000 ) ) ;
#1532 = ADVANCED_FACE ( 'NONE', ( #4131 ), #3029, .T. ) ;
#1533 = LINE ( 'NONE', #2946, #4478 ) ;
#1534 = FILL_AREA_STYLE ('',( #4357 ) ) ;
#1535 = ORIENTED_EDGE ( 'NONE', *, *, #2882, .F. ) ;
#1536 = VECTOR ( 'NONE', #3357, 1000.000000000000000 ) ;
#1537 = VECTOR ( 'NONE', #3440, 1000.000000000000000 ) ;
#1538 = UNCERTAINTY_MEASURE_WITH_UNIT (LENGTH_MEASURE( 1.000000000000000082E-05 ), #1344, 'distance_accuracy_value', 'NONE');
#1539 = AXIS2_PLACEMENT_3D ( 'NONE', #3436, #4405, #1984 ) ;
#1540 = LINE ( 'NONE', #197, #3801 ) ;
#1541 = ADVANCED_FACE ( 'NONE', ( #2026 ), #4087, .F. ) ;
#1542 = VECTOR ( 'NONE', #4403, 1000.000000000000000 ) ;
#1543 = LINE ( 'NONE', #1195, #3158 ) ;
#1544 = CARTESIAN_POINT ( 'NONE',  ( -1.235000000000000098, 0.000000000000000000, -0.6999999999999998446 ) ) ;
#1545 = DIRECTION ( 'NONE',  ( 1.000000000000000000, 0.000000000000000000, -0.000000000000000000 ) ) ;
#1546 = MECHANICAL_DESIGN_GEOMETRIC_PRESENTATION_REPRESENTATION (  '', ( #2344 ), #167 ) ;
#1547 = EDGE_LOOP ( 'NONE', ( #3178, #3323, #152, #3188 ) ) ;
#1548 = ADVANCED_FACE ( 'NONE', ( #2007 ), #597, .T. ) ;
#1549 = CARTESIAN_POINT ( 'NONE',  ( -1.000000000000000000, 0.7500000000000000000, 1.499999999999998890 ) ) ;
#1550 = AXIS2_PLACEMENT_3D ( 'NONE', #1791, #2805, #2547 ) ;
#1551 = LINE ( 'NONE', #4011, #1977 ) ;
#1552 = ORIENTED_EDGE ( 'NONE', *, *, #779, .F. ) ;
#1553 = VECTOR ( 'NONE', #2439, 1000.000000000000000 ) ;
#1554 = ORIENTED_EDGE ( 'NONE', *, *, #1406, .T. ) ;
#1555 = EDGE_CURVE ( 'NONE', #4123, #336, #2399, .T. ) ;
#1556 = DIRECTION ( 'NONE',  ( 0.000000000000000000, 0.000000000000000000, -1.000000000000000000 ) ) ;
#1557 = LINE ( 'NONE', #2965, #2349 ) ;
#1558 = VERTEX_POINT ( 'NONE', #4432 ) ;
#1559 = CARTESIAN_POINT ( 'NONE',  ( -1.235000000000000542, 0.5500000000000000444, 1.499999999999999778 ) ) ;
#1560 = ORIENTED_EDGE ( 'NONE', *, *, #3049, .F. ) ;
#1561 = DIRECTION ( 'NONE',  ( 0.000000000000000000, 1.000000000000000000, -0.000000000000000000 ) ) ;
#1562 = CARTESIAN_POINT ( 'NONE',  ( -0.5625000000000003331, 0.000000000000000000, -1.524999999999999911 ) ) ;
#1563 = EDGE_CURVE ( 'NONE', #3804, #717, #2331, .T. ) ;
#1564 = VERTEX_POINT ( 'NONE', #3806 ) ;
#1565 = ORIENTED_EDGE ( 'NONE', *, *, #3995, .T. ) ;
#1566 = FACE_OUTER_BOUND ( 'NONE', #1893, .T. ) ;
#1567 = VERTEX_POINT ( 'NONE', #3469 ) ;
#1568 = CARTESIAN_POINT ( 'NONE',  ( -1.250000000000000222, 0.000000000000000000, -1.224999999999999867 ) ) ;
#1569 = EDGE_LOOP ( 'NONE', ( #175, #2004, #485, #2625, #54, #782, #2582, #3129 ) ) ;
#1570 = ORIENTED_EDGE ( 'NONE', *, *, #1246, .F. ) ;
#1571 = ORIENTED_EDGE ( 'NONE', *, *, #1869, .T. ) ;
#1572 = LINE ( 'NONE', #2229, #2864 ) ;
#1573 = LINE ( 'NONE', #1228, #594 ) ;
#1574 = ORIENTED_EDGE ( 'NONE', *, *, #2019, .T. ) ;
#1575 = EDGE_CURVE ( 'NONE', #1558, #1743, #1326, .T. ) ;
#1576 = DIRECTION ( 'NONE',  ( -1.000000000000000000, 0.000000000000000000, 0.000000000000000000 ) ) ;
#1577 = ORIENTED_EDGE ( 'NONE', *, *, #2285, .T. ) ;
#1578 = CARTESIAN_POINT ( 'NONE',  ( 0.5000000000000002220, 0.000000000000000000, -0.6999999999999998446 ) ) ;
#1579 = DIRECTION ( 'NONE',  ( -0.000000000000000000, -1.000000000000000000, -0.000000000000000000 ) ) ;
#1580 = EDGE_CURVE ( 'NONE', #2839, #335, #4475, .T. ) ;
#1581 = CARTESIAN_POINT ( 'NONE',  ( 1.000000000000000000, 0.9749999999999998668, -1.449999999999999734 ) ) ;
#1582 = ORIENTED_EDGE ( 'NONE', *, *, #1342, .T. ) ;
#1583 = DIRECTION ( 'NONE',  ( -0.3420201433256800372, 0.000000000000000000, -0.9396926207859043201 ) ) ;
#1584 = VERTEX_POINT ( 'NONE', #3783 ) ;
#1585 = LINE ( 'NONE', #4371, #747 ) ;
#1586 = VERTEX_POINT ( 'NONE', #2059 ) ;
#1587 = EDGE_CURVE ( 'NONE', #1345, #1419, #4111, .T. ) ;
#1588 = ORIENTED_EDGE ( 'NONE', *, *, #1575, .F. ) ;
#1589 = LINE ( 'NONE', #4034, #1626 ) ;
#1590 = ADVANCED_FACE ( 'NONE', ( #2377 ), #3836, .T. ) ;
#1591 = LINE ( 'NONE', #4399, #62 ) ;
#1592 = EDGE_LOOP ( 'NONE', ( #3302, #876, #4273, #607 ) ) ;
#1593 = CARTESIAN_POINT ( 'NONE',  ( 0.000000000000000000, 0.5500000000000000444, 0.7000000000000000666 ) ) ;
#1594 = DIRECTION ( 'NONE',  ( 0.000000000000000000, 0.000000000000000000, -1.000000000000000000 ) ) ;
#1595 = EDGE_LOOP ( 'NONE', ( #2384, #4354, #3802, #2612 ) ) ;
#1596 = CIRCLE ( 'NONE', #4166, 0.1749999999999991562 ) ;
#1597 = VERTEX_POINT ( 'NONE', #327 ) ;
#1598 = VECTOR ( 'NONE', #1579, 1000.000000000000000 ) ;
#1599 = LINE ( 'NONE', #3290, #294 ) ;
#1600 = EDGE_LOOP ( 'NONE', ( #1651, #3979, #3166, #4368 ) ) ;
#1601 = FACE_OUTER_BOUND ( 'NONE', #2450, .T. ) ;
#1602 = LINE ( 'NONE', #544, #2036 ) ;
#1603 = AXIS2_PLACEMENT_3D ( 'NONE', #2179, #4178, #3490 ) ;
#1604 = AXIS2_PLACEMENT_3D ( 'NONE', #3286, #1166, #2575 ) ;
#1605 = ADVANCED_FACE ( 'NONE', ( #1629 ), #3763, .T. ) ;
#1606 = LINE ( 'NONE', #3724, #2062 ) ;
#1607 = EDGE_CURVE ( 'NONE', #420, #2381, #1692, .T. ) ;
#1608 = AXIS2_PLACEMENT_3D ( 'NONE', #1116, #2218, #778 ) ;
#1609 = VERTEX_POINT ( 'NONE', #1714 ) ;
#1610 = LINE ( 'NONE', #4028, #227 ) ;
#1611 = ORIENTED_EDGE ( 'NONE', *, *, #877, .F. ) ;
#1612 = VECTOR ( 'NONE', #1934, 1000.000000000000000 ) ;
#1613 = DIRECTION ( 'NONE',  ( 3.854941057726241055E-15, -1.000000000000000000, 0.000000000000000000 ) ) ;
#1614 = AXIS2_PLACEMENT_3D ( 'NONE', #1202, #505, #1222 ) ;
#1615 = AXIS2_PLACEMENT_3D ( 'NONE', #1427, #57, #350 ) ;
#1616 = DIRECTION ( 'NONE',  ( 0.000000000000000000, 0.000000000000000000, -1.000000000000000000 ) ) ;
#1617 = ORIENTED_EDGE ( 'NONE', *, *, #2304, .F. ) ;
#1618 = VECTOR ( 'NONE', #3697, 1000.000000000000000 ) ;
#1619 = ADVANCED_FACE ( 'NONE', ( #2756, #744 ), #2505, .T. ) ;
#1620 = VECTOR ( 'NONE', #2445, 1000.000000000000000 ) ;
#1621 = CARTESIAN_POINT ( 'NONE',  ( -0.8250000000000001776, 1.199999999999999956, -1.149999999999999911 ) ) ;
#1622 = DIRECTION ( 'NONE',  ( 0.000000000000000000, -0.000000000000000000, -1.000000000000000000 ) ) ;
#1623 = VERTEX_POINT ( 'NONE', #2878 ) ;
#1624 = ORIENTED_EDGE ( 'NONE', *, *, #184, .T. ) ;
#1625 = EDGE_CURVE ( 'NONE', #1584, #4000, #1835, .T. ) ;
#1626 = VECTOR ( 'NONE', #3020, 1000.000000000000000 ) ;
#1627 = CYLINDRICAL_SURFACE ( 'NONE', #652, 0.1249999999999998890 ) ;
#1628 = ORIENTED_EDGE ( 'NONE', *, *, #81, .F. ) ;
#1629 = FACE_OUTER_BOUND ( 'NONE', #3609, .T. ) ;
#1630 = LINE ( 'NONE', #3030, #158 ) ;
#1631 = FACE_OUTER_BOUND ( 'NONE', #2846, .T. ) ;
#1632 = DIRECTION ( 'NONE',  ( 0.000000000000000000, 0.000000000000000000, -1.000000000000000000 ) ) ;
#1633 = EDGE_LOOP ( 'NONE', ( #1454, #562, #875, #3477 ) ) ;
#1634 = LINE ( 'NONE', #4438, #527 ) ;
#1635 = DIRECTION ( 'NONE',  ( 0.000000000000000000, 0.000000000000000000, 1.000000000000000000 ) ) ;
#1636 = ORIENTED_EDGE ( 'NONE', *, *, #1328, .T. ) ;
#1637 = ADVANCED_FACE ( 'NONE', ( #2135 ), #1125, .T. ) ;
#1638 = DIRECTION ( 'NONE',  ( -1.000000000000000000, -3.854941057726241055E-15, 0.000000000000000000 ) ) ;
#1639 = DIRECTION ( 'NONE',  ( 1.000000000000000000, 0.000000000000000000, 0.000000000000000000 ) ) ;
#1640 = VERTEX_POINT ( 'NONE', #3492 ) ;
#1641 = LINE ( 'NONE', #3711, #4340 ) ;
#1642 = ADVANCED_FACE ( 'NONE', ( #2453 ), #1447, .F. ) ;
#1643 = CARTESIAN_POINT ( 'NONE',  ( -0.3102022324300346412, 0.000000000000000000, -1.600000000000000089 ) ) ;
#1644 = CARTESIAN_POINT ( 'NONE',  ( 1.235000000000000986, 0.7500000000000000000, 1.224999999999999201 ) ) ;
#1645 = EDGE_LOOP ( 'NONE', ( #1945, #1521, #2836, #1355 ) ) ;
#1646 = DIRECTION ( 'NONE',  ( 0.000000000000000000, 1.000000000000000000, 0.000000000000000000 ) ) ;
#1647 = DIRECTION ( 'NONE',  ( -0.000000000000000000, -1.000000000000000000, 0.000000000000000000 ) ) ;
#1648 = CARTESIAN_POINT ( 'NONE',  ( -4.047688110612549065E-16, 0.5500000000000000444, 0.6999999999999999556 ) ) ;
#1649 = EDGE_CURVE ( 'NONE', #2241, #244, #4277, .T. ) ;
#1650 = LINE ( 'NONE', #2736, #3982 ) ;
#1651 = ORIENTED_EDGE ( 'NONE', *, *, #2184, .T. ) ;
#1652 = AXIS2_PLACEMENT_3D ( 'NONE', #1140, #1225, #2175 ) ;
#1653 = ORIENTED_EDGE ( 'NONE', *, *, #2936, .T. ) ;
#1654 = DIRECTION ( 'NONE',  ( -0.000000000000000000, -1.000000000000000000, -0.000000000000000000 ) ) ;
#1655 = ORIENTED_EDGE ( 'NONE', *, *, #3699, .T. ) ;
#1656 = ADVANCED_FACE ( 'NONE', ( #1404 ), #3169, .F. ) ;
#1657 = ADVANCED_FACE ( 'NONE', ( #3240 ), #2849, .F. ) ;
#1658 = CARTESIAN_POINT ( 'NONE',  ( -1.000000000000000000, 0.7500000000000000000, 1.499999999999998890 ) ) ;
#1659 = CARTESIAN_POINT ( 'NONE',  ( 1.235000000000000098, 0.000000000000000000, 0.000000000000000000 ) ) ;
#1660 = ORIENTED_EDGE ( 'NONE', *, *, #1353, .F. ) ;
#1661 = FACE_OUTER_BOUND ( 'NONE', #3971, .T. ) ;
#1662 = DIRECTION ( 'NONE',  ( -1.000000000000000000, 0.000000000000000000, -5.782411586589354681E-16 ) ) ;
#1663 = ORIENTED_EDGE ( 'NONE', *, *, #1872, .F. ) ;
#1664 = DIRECTION ( 'NONE',  ( 1.000000000000000000, -0.000000000000000000, 6.776263578034401726E-16 ) ) ;
#1665 = CARTESIAN_POINT ( 'NONE',  ( -1.250000000000000222, 0.5500000000000000444, -0.9750000000000001998 ) ) ;
#1666 = DIRECTION ( 'NONE',  ( -0.000000000000000000, 1.000000000000000000, -0.000000000000000000 ) ) ;
#1667 = AXIS2_PLACEMENT_3D ( 'NONE', #1093, #4141, #1439 ) ;
#1668 = LINE ( 'NONE', #2690, #176 ) ;
#1669 = EDGE_CURVE ( 'NONE', #2369, #2309, #2108, .T. ) ;
#1670 = ORIENTED_EDGE ( 'NONE', *, *, #1055, .F. ) ;
#1671 = ORIENTED_EDGE ( 'NONE', *, *, #997, .T. ) ;
#1672 = CONICAL_SURFACE ( 'NONE', #4, 0.1250000000000001110, 0.2186689458739380920 ) ;
#1673 = SURFACE_STYLE_USAGE ( .BOTH. , #944 ) ;
#1674 = FACE_OUTER_BOUND ( 'NONE', #2509, .T. ) ;
#1675 = VECTOR ( 'NONE', #193, 1000.000000000000000 ) ;
#1676 = VECTOR ( 'NONE', #2662, 1000.000000000000000 ) ;
#1677 = ADVANCED_FACE ( 'NONE', ( #1059 ), #1104, .F. ) ;
#1678 = VECTOR ( 'NONE', #3780, 1000.000000000000000 ) ;
#1679 = VERTEX_POINT ( 'NONE', #3914 ) ;
#1680 = CARTESIAN_POINT ( 'NONE',  ( 0.000000000000000000, 0.7500000000000000000, 1.600000000000000311 ) ) ;
#1681 = AXIS2_PLACEMENT_3D ( 'NONE', #2917, #492, #1531 ) ;
#1682 = DIRECTION ( 'NONE',  ( -1.000000000000000000, -0.000000000000000000, -0.000000000000000000 ) ) ;
#1683 = ORIENTED_EDGE ( 'NONE', *, *, #1246, .T. ) ;
#1684 = CARTESIAN_POINT ( 'NONE',  ( 1.235000000000000098, 0.5500000000000000444, -1.224999999999999867 ) ) ;
#1685 = LINE ( 'NONE', #1659, #2199 ) ;
#1686 = AXIS2_PLACEMENT_3D ( 'NONE', #1737, #1765, #2180 ) ;
#1687 = ADVANCED_FACE ( 'NONE', ( #4250 ), #790, .F. ) ;
#1688 = LINE ( 'NONE', #2327, #2493 ) ;
#1689 = VECTOR ( 'NONE', #589, 1000.000000000000000 ) ;
#1690 = PLANE ( 'NONE',  #4395 ) ;
#1691 = ORIENTED_EDGE ( 'NONE', *, *, #3567, .F. ) ;
#1692 = LINE ( 'NONE', #3091, #3316 ) ;
#1693 = DIRECTION ( 'NONE',  ( -4.065758146820640148E-16, 0.000000000000000000, -1.000000000000000000 ) ) ;
#1694 = CARTESIAN_POINT ( 'NONE',  ( -0.5000000000000001110, 0.5500000000000000444, -1.500000000000000222 ) ) ;
#1695 = VECTOR ( 'NONE', #1052, 1000.000000000000000 ) ;
#1696 = DIRECTION ( 'NONE',  ( 0.000000000000000000, 0.000000000000000000, -1.000000000000000000 ) ) ;
#1697 = EDGE_LOOP ( 'NONE', ( #3466, #4236, #2919, #332 ) ) ;
#1698 = CARTESIAN_POINT ( 'NONE',  ( 1.235000000000000986, 0.000000000000000000, 1.224999999999999201 ) ) ;
#1699 = CARTESIAN_POINT ( 'NONE',  ( 0.3102022324300344192, 0.7500000000000000000, 1.600000000000000311 ) ) ;
#1700 = EDGE_LOOP ( 'NONE', ( #802, #3110, #1992, #1655 ) ) ;
#1701 = EDGE_CURVE ( 'NONE', #3217, #3833, #106, .T. ) ;
#1702 = ORIENTED_EDGE ( 'NONE', *, *, #1978, .F. ) ;
#1703 = CARTESIAN_POINT ( 'NONE',  ( -1.235000000000000542, 0.000000000000000000, 0.000000000000000000 ) ) ;
#1704 = DIRECTION ( 'NONE',  ( 0.000000000000000000, -1.000000000000000000, 0.000000000000000000 ) ) ;
#1705 = VERTEX_POINT ( 'NONE', #2158 ) ;
#1706 = EDGE_CURVE ( 'NONE', #3038, #2409, #3212, .T. ) ;
#1707 = CARTESIAN_POINT ( 'NONE',  ( -1.235000000000000098, 0.5500000000000000444, -1.224999999999999867 ) ) ;
#1708 = FACE_OUTER_BOUND ( 'NONE', #1479, .T. ) ;
#1709 = ORIENTED_EDGE ( 'NONE', *, *, #195, .T. ) ;
#1710 = LINE ( 'NONE', #4084, #525 ) ;
#1711 = CARTESIAN_POINT ( 'NONE',  ( -0.7881455521623250693, 0.7500000000000000000, 0.2868615212563975780 ) ) ;
#1712 = ORIENTED_EDGE ( 'NONE', *, *, #542, .T. ) ;
#1713 = EDGE_CURVE ( 'NONE', #3940, #1705, #1810, .T. ) ;
#1714 = CARTESIAN_POINT ( 'NONE',  ( -0.5897977675699658251, 0.7500000000000000000, -1.599999999999999867 ) ) ;
#1715 = CARTESIAN_POINT ( 'NONE',  ( -1.235000000000000542, 0.000000000000000000, 1.224999999999999423 ) ) ;
#1716 = DIRECTION ( 'NONE',  ( 1.000000000000000000, 0.000000000000000000, 5.782411586589356653E-16 ) ) ;
#1717 = LINE ( 'NONE', #2433, #101 ) ;
#1718 = DIRECTION ( 'NONE',  ( 0.7071067811865460184, 0.000000000000000000, -0.7071067811865490160 ) ) ;
#1719 = EDGE_CURVE ( 'NONE', #4155, #1362, #3536, .T. ) ;
#1720 = ADVANCED_FACE ( 'NONE', ( #3191 ), #1143, .F. ) ;
#1721 = CARTESIAN_POINT ( 'NONE',  ( 1.000000000000000000, 0.9749999999999998668, 1.449999999999999956 ) ) ;
#1722 = ORIENTED_EDGE ( 'NONE', *, *, #3032, .T. ) ;
#1723 = ORIENTED_EDGE ( 'NONE', *, *, #2725, .T. ) ;
#1724 = PLANE ( 'NONE',  #4258 ) ;
#1725 = DIRECTION ( 'NONE',  ( 0.000000000000000000, -1.000000000000000000, 0.000000000000000000 ) ) ;
#1726 = ORIENTED_EDGE ( 'NONE', *, *, #3304, .T. ) ;
#1727 = DIRECTION ( 'NONE',  ( -0.9396926207859073177, 0.000000000000000000, -0.3420201433256715995 ) ) ;
#1728 = EDGE_CURVE ( 'NONE', #161, #555, #2918, .T. ) ;
#1729 = VECTOR ( 'NONE', #441, 1000.000000000000000 ) ;
#1730 = DIRECTION ( 'NONE',  ( 0.000000000000000000, -1.000000000000000000, 0.000000000000000000 ) ) ;
#1731 = DIRECTION ( 'NONE',  ( 1.000000000000000000, -0.000000000000000000, 0.000000000000000000 ) ) ;
#1732 = ORIENTED_EDGE ( 'NONE', *, *, #4428, .F. ) ;
#1733 = CARTESIAN_POINT ( 'NONE',  ( -1.124999999999999334, 0.7500000000000000000, 0.000000000000000000 ) ) ;
#1734 = EDGE_CURVE ( 'NONE', #108, #3654, #1533, .T. ) ;
#1735 = PLANE ( 'NONE',  #2712 ) ;
#1736 = ORIENTED_EDGE ( 'NONE', *, *, #3288, .T. ) ;
#1737 = CARTESIAN_POINT ( 'NONE',  ( 0.000000000000000000, 0.5500000000000000444, -1.500000000000000222 ) ) ;
#1738 = DIRECTION ( 'NONE',  ( 0.000000000000000000, 0.000000000000000000, 1.000000000000000000 ) ) ;
#1739 = CARTESIAN_POINT ( 'NONE',  ( -0.7000000000000001776, 0.5500000000000000444, -0.6999999999999998446 ) ) ;
#1740 = FACE_OUTER_BOUND ( 'NONE', #3427, .T. ) ;
#1741 = FACE_OUTER_BOUND ( 'NONE', #2105, .T. ) ;
#1742 = DIRECTION ( 'NONE',  ( 1.000000000000000000, 0.000000000000000000, -0.000000000000000000 ) ) ;
#1743 = VERTEX_POINT ( 'NONE', #1927 ) ;
#1744 = VECTOR ( 'NONE', #1635, 1000.000000000000000 ) ;
#1745 = EDGE_CURVE ( 'NONE', #3223, #4492, #3634, .T. ) ;
#1746 = PLANE ( 'NONE',  #469 ) ;
#1747 = ORIENTED_EDGE ( 'NONE', *, *, #296, .T. ) ;
#1748 = CARTESIAN_POINT ( 'NONE',  ( -0.3374999999999999112, 0.000000000000000000, 1.524999999999999911 ) ) ;
#1749 = VECTOR ( 'NONE', #1693, 1000.000000000000000 ) ;
#1750 = DIRECTION ( 'NONE',  ( -0.000000000000000000, -1.000000000000000000, -0.000000000000000000 ) ) ;
#1751 = VERTEX_POINT ( 'NONE', #900 ) ;
#1752 = AXIS2_PLACEMENT_3D ( 'NONE', #4129, #4109, #2329 ) ;
#1753 = ORIENTED_EDGE ( 'NONE', *, *, #1436, .T. ) ;
#1754 = LINE ( 'NONE', #27, #1620 ) ;
#1755 = ORIENTED_EDGE ( 'NONE', *, *, #1271, .F. ) ;
#1756 = AXIS2_PLACEMENT_3D ( 'NONE', #2589, #2240, #3296 ) ;
#1757 = LINE ( 'NONE', #2174, #2881 ) ;
#1758 = LINE ( 'NONE', #3828, #3280 ) ;
#1759 = PRESENTATION_LAYER_ASSIGNMENT (  '', '', ( #1247 ) ) ;
#1760 = EDGE_CURVE ( 'NONE', #2664, #846, #474, .T. ) ;
#1761 = AXIS2_PLACEMENT_3D ( 'NONE', #624, #3056, #3839 ) ;
#1762 = DIRECTION ( 'NONE',  ( 0.000000000000000000, 0.000000000000000000, 1.000000000000000000 ) ) ;
#1763 = DIRECTION ( 'NONE',  ( 0.000000000000000000, -1.000000000000000000, 0.000000000000000000 ) ) ;
#1764 = AXIS2_PLACEMENT_3D ( 'NONE', #1886, #3985, #3292 ) ;
#1765 = DIRECTION ( 'NONE',  ( 0.000000000000000000, 0.000000000000000000, 1.000000000000000000 ) ) ;
#1766 = LINE ( 'NONE', #771, #2194 ) ;
#1767 = EDGE_CURVE ( 'NONE', #1705, #1044, #2597, .T. ) ;
#1768 = CIRCLE ( 'NONE', #465, 0.1499999999999999667 ) ;
#1769 = CARTESIAN_POINT ( 'NONE',  ( 1.235000000000000986, 0.000000000000000000, 1.500000000000000666 ) ) ;
#1770 = ORIENTED_EDGE ( 'NONE', *, *, #4143, .F. ) ;
#1771 = DIRECTION ( 'NONE',  ( 0.000000000000000000, 0.000000000000000000, -1.000000000000000000 ) ) ;
#1772 = LINE ( 'NONE', #1129, #4324 ) ;
#1773 = EDGE_LOOP ( 'NONE', ( #4362, #3105, #229, #2587 ) ) ;
#1774 = VECTOR ( 'NONE', #4222, 1000.000000000000000 ) ;
#1775 = ORIENTED_EDGE ( 'NONE', *, *, #3793, .F. ) ;
#1776 = DIRECTION ( 'NONE',  ( -1.000000000000000000, 0.000000000000000000, -5.782411586589357639E-16 ) ) ;
#1777 = ORIENTED_EDGE ( 'NONE', *, *, #343, .T. ) ;
#1778 = LINE ( 'NONE', #2890, #4261 ) ;
#1779 = ADVANCED_FACE ( 'NONE', ( #2574 ), #3285, .T. ) ;
#1780 = DIRECTION ( 'NONE',  ( 0.000000000000000000, 0.000000000000000000, 1.000000000000000000 ) ) ;
#1781 = ORIENTED_EDGE ( 'NONE', *, *, #4079, .T. ) ;
#1782 = VERTEX_POINT ( 'NONE', #1861 ) ;
#1783 =( LENGTH_UNIT ( ) NAMED_UNIT ( * ) SI_UNIT ( .MILLI., .METRE. ) );
#1784 = ORIENTED_EDGE ( 'NONE', *, *, #1555, .F. ) ;
#1785 = DIRECTION ( 'NONE',  ( 0.000000000000000000, 0.000000000000000000, -1.000000000000000000 ) ) ;
#1786 = CARTESIAN_POINT ( 'NONE',  ( -0.5000000000000004441, 0.5500000000000000444, -9.035018104045886718E-17 ) ) ;
#1787 = ORIENTED_EDGE ( 'NONE', *, *, #3199, .F. ) ;
#1788 = CARTESIAN_POINT ( 'NONE',  ( -4.047688110612549065E-16, 0.000000000000000000, 0.6999999999999999556 ) ) ;
#1789 = DIRECTION ( 'NONE',  ( -0.000000000000000000, -1.000000000000000000, -0.000000000000000000 ) ) ;
#1790 = EDGE_CURVE ( 'NONE', #2279, #773, #3976, .T. ) ;
#1791 = CARTESIAN_POINT ( 'NONE',  ( -1.125000000000000444, 0.7500000000000000000, 1.475000000000000311 ) ) ;
#1792 = DIRECTION ( 'NONE',  ( -1.000000000000000000, 0.000000000000000000, -5.782411586589355667E-16 ) ) ;
#1793 = LINE ( 'NONE', #1841, #1308 ) ;
#1794 = ORIENTED_EDGE ( 'NONE', *, *, #491, .T. ) ;
#1795 = EDGE_CURVE ( 'NONE', #3967, #3307, #2230, .T. ) ;
#1796 = CARTESIAN_POINT ( 'NONE',  ( -0.8250000000000001776, 1.199999999999999956, -1.149999999999999911 ) ) ;
#1797 = CARTESIAN_POINT ( 'NONE',  ( 1.235000000000000986, 0.5500000000000000444, 1.500000000000000666 ) ) ;
#1798 = DIRECTION ( 'NONE',  ( 0.000000000000000000, -3.854941057726241055E-15, 1.000000000000000000 ) ) ;
#1799 = VERTEX_POINT ( 'NONE', #859 ) ;
#1800 = PLANE ( 'NONE',  #1608 ) ;
#1801 = DIRECTION ( 'NONE',  ( 0.000000000000000000, 1.000000000000000000, 0.000000000000000000 ) ) ;
#1802 = VERTEX_POINT ( 'NONE', #3348 ) ;
#1803 = CARTESIAN_POINT ( 'NONE',  ( -1.250000000000000222, 0.000000000000000000, 1.224999999999999423 ) ) ;
#1804 = CARTESIAN_POINT ( 'NONE',  ( 1.249999999999999778, 0.7500000000000000000, -1.224999999999999867 ) ) ;
#1805 = EDGE_CURVE ( 'NONE', #2155, #2487, #2250, .T. ) ;
#1806 = ORIENTED_EDGE ( 'NONE', *, *, #529, .T. ) ;
#1807 = EDGE_CURVE ( 'NONE', #3503, #4506, #4016, .T. ) ;
#1808 = VECTOR ( 'NONE', #2071, 1000.000000000000000 ) ;
#1809 = DIRECTION ( 'NONE',  ( 0.000000000000000000, -1.000000000000000000, 0.000000000000000000 ) ) ;
#1810 = LINE ( 'NONE', #2897, #1915 ) ;
#1811 = DIRECTION ( 'NONE',  ( -0.000000000000000000, -1.000000000000000000, -0.000000000000000000 ) ) ;
#1812 = LINE ( 'NONE', #3859, #2492 ) ;
#1813 = CARTESIAN_POINT ( 'NONE',  ( 0.3375000000000006883, 0.7500000000000000000, 1.524999999999999911 ) ) ;
#1814 = AXIS2_PLACEMENT_3D ( 'NONE', #3125, #2791, #1050 ) ;
#1815 = EDGE_CURVE ( 'NONE', #2496, #4146, #512, .T. ) ;
#1816 = DIRECTION ( 'NONE',  ( -0.000000000000000000, -1.000000000000000000, -0.000000000000000000 ) ) ;
#1817 = ORIENTED_EDGE ( 'NONE', *, *, #2804, .T. ) ;
#1818 = LINE ( 'NONE', #484, #2038 ) ;
#1819 = FACE_OUTER_BOUND ( 'NONE', #3701, .T. ) ;
#1820 = ORIENTED_EDGE ( 'NONE', *, *, #2543, .T. ) ;
#1821 = AXIS2_PLACEMENT_3D ( 'NONE', #2034, #1010, #2408 ) ;
#1822 = EDGE_CURVE ( 'NONE', #623, #872, #1557, .T. ) ;
#1823 = VECTOR ( 'NONE', #4211, 1000.000000000000114 ) ;
#1824 = VECTOR ( 'NONE', #4235, 1000.000000000000000 ) ;
#1825 = ORIENTED_EDGE ( 'NONE', *, *, #1587, .T. ) ;
#1826 = PRESENTATION_STYLE_ASSIGNMENT (( #3904 ) ) ;
#1827 = VERTEX_POINT ( 'NONE', #879 ) ;
#1828 = CARTESIAN_POINT ( 'NONE',  ( -1.000000000000000000, 0.9749999999999998668, 1.324999999999999734 ) ) ;
#1829 = VECTOR ( 'NONE', #2253, 1000.000000000000000 ) ;
#1830 = LINE ( 'NONE', #1490, #4522 ) ;
#1831 = VECTOR ( 'NONE', #3124, 1000.000000000000000 ) ;
#1832 = CARTESIAN_POINT ( 'NONE',  ( 0.4999999999999998890, 0.5500000000000000444, -1.500000000000000222 ) ) ;
#1833 = FACE_OUTER_BOUND ( 'NONE', #1173, .T. ) ;
#1834 = CARTESIAN_POINT ( 'NONE',  ( 0.000000000000000000, 0.5500000000000000444, 0.7000000000000000666 ) ) ;
#1835 = LINE ( 'NONE', #3881, #1471 ) ;
#1836 = ORIENTED_EDGE ( 'NONE', *, *, #877, .T. ) ;
#1837 = CARTESIAN_POINT ( 'NONE',  ( -0.7000000000000016209, 0.5500000000000000444, -0.6999999999999986233 ) ) ;
#1838 = EDGE_CURVE ( 'NONE', #3905, #1463, #1208, .T. ) ;
#1839 = CIRCLE ( 'NONE', #4402, 0.1250000000000001110 ) ;
#1840 = VECTOR ( 'NONE', #2592, 1000.000000000000000 ) ;
#1841 = CARTESIAN_POINT ( 'NONE',  ( 0.000000000000000000, 0.000000000000000000, -1.599999999999999867 ) ) ;
#1842 = ORIENTED_EDGE ( 'NONE', *, *, #3716, .F. ) ;
#1843 = DIRECTION ( 'NONE',  ( 0.000000000000000000, 1.000000000000000000, 0.000000000000000000 ) ) ;
#1844 = FACE_OUTER_BOUND ( 'NONE', #1547, .T. ) ;
#1845 = AXIS2_PLACEMENT_3D ( 'NONE', #1894, #3648, #507 ) ;
#1846 = DIRECTION ( 'NONE',  ( 0.000000000000000000, 0.000000000000000000, 1.000000000000000000 ) ) ;
#1847 = ORIENTED_EDGE ( 'NONE', *, *, #1041, .F. ) ;
#1848 = CIRCLE ( 'NONE', #4415, 0.1749999999999991562 ) ;
#1849 = CARTESIAN_POINT ( 'NONE',  ( -1.000000000000000000, 0.9749999999999998668, -1.324999999999999734 ) ) ;
#1850 = EDGE_CURVE ( 'NONE', #324, #3252, #2268, .T. ) ;
#1851 = ORIENTED_EDGE ( 'NONE', *, *, #22, .T. ) ;
#1852 = VECTOR ( 'NONE', #4075, 1000.000000000000000 ) ;
#1853 = LINE ( 'NONE', #3560, #3826 ) ;
#1854 = ORIENTED_EDGE ( 'NONE', *, *, #1891, .T. ) ;
#1855 = EDGE_CURVE ( 'NONE', #3690, #2751, #4379, .T. ) ;
#1856 = DIRECTION ( 'NONE',  ( -1.000000000000000000, 0.000000000000000000, -5.782411586589357639E-16 ) ) ;
#1857 = CARTESIAN_POINT ( 'NONE',  ( -0.8250000000000001776, 1.149999999999999911, -1.300000000000000044 ) ) ;
#1858 = DIRECTION ( 'NONE',  ( 1.000000000000000000, 0.000000000000000000, 0.000000000000000000 ) ) ;
#1859 = ORIENTED_EDGE ( 'NONE', *, *, #4458, .T. ) ;
#1860 = CARTESIAN_POINT ( 'NONE',  ( 1.249999999999999778, 0.000000000000000000, 0.000000000000000000 ) ) ;
#1861 = CARTESIAN_POINT ( 'NONE',  ( 0.3374999999999996891, 0.7500000000000000000, -1.524999999999999911 ) ) ;
#1862 = PLANE ( 'NONE',  #1462 ) ;
#1863 = ORIENTED_EDGE ( 'NONE', *, *, #1995, .F. ) ;
#1864 = ORIENTED_EDGE ( 'NONE', *, *, #844, .T. ) ;
#1865 = DIRECTION ( 'NONE',  ( -0.9396926207859043201, 0.000000000000000000, -0.3420201433256799817 ) ) ;
#1866 = CARTESIAN_POINT ( 'NONE',  ( 1.000000000000000000, 0.9749999999999998668, 1.324999999999999734 ) ) ;
#1867 = CARTESIAN_POINT ( 'NONE',  ( 1.249999999999999778, 0.5500000000000000444, -1.224999999999999867 ) ) ;
#1868 = CARTESIAN_POINT ( 'NONE',  ( -1.250000000000000222, 0.000000000000000000, -0.000000000000000000 ) ) ;
#1869 = EDGE_CURVE ( 'NONE', #985, #3265, #1573, .T. ) ;
#1870 = ORIENTED_EDGE ( 'NONE', *, *, #1072, .T. ) ;
#1871 = CARTESIAN_POINT ( 'NONE',  ( -1.250000000000000222, 0.000000000000000000, -1.474999999999998979 ) ) ;
#1872 = EDGE_CURVE ( 'NONE', #3265, #1935, #2290, .T. ) ;
#1873 = DIRECTION ( 'NONE',  ( 1.000000000000000000, 0.000000000000000000, 5.782411586589357639E-16 ) ) ;
#1874 = DIRECTION ( 'NONE',  ( -1.000000000000000000, 0.000000000000000000, -0.000000000000000000 ) ) ;
#1875 = FACE_OUTER_BOUND ( 'NONE', #2416, .T. ) ;
#1876 = EDGE_CURVE ( 'NONE', #3833, #1040, #812, .T. ) ;
#1877 = CARTESIAN_POINT ( 'NONE',  ( 0.3102022324300348632, 0.7500000000000000000, -1.599999999999999867 ) ) ;
#1878 = LINE ( 'NONE', #2613, #819 ) ;
#1879 = CARTESIAN_POINT ( 'NONE',  ( -1.250000000000000222, 0.7500000000000000000, 0.000000000000000000 ) ) ;
#1880 = DIRECTION ( 'NONE',  ( -0.000000000000000000, -0.000000000000000000, 1.000000000000000000 ) ) ;
#1881 = EDGE_LOOP ( 'NONE', ( #1994, #256, #1784, #1434 ) ) ;
#1882 = VECTOR ( 'NONE', #3131, 1000.000000000000000 ) ;
#1883 = EDGE_CURVE ( 'NONE', #3874, #885, #3614, .T. ) ;
#1884 = CARTESIAN_POINT ( 'NONE',  ( -1.235000000000000098, 0.5500000000000000444, -0.000000000000000000 ) ) ;
#1885 = ORIENTED_EDGE ( 'NONE', *, *, #53, .F. ) ;
#1886 = CARTESIAN_POINT ( 'NONE',  ( -1.250000000000000222, 0.5500000000000000444, 0.000000000000000000 ) ) ;
#1887 = DIRECTION ( 'NONE',  ( 0.000000000000000000, 1.000000000000000000, 0.000000000000000000 ) ) ;
#1888 = DIRECTION ( 'NONE',  ( 0.000000000000000000, 0.000000000000000000, 1.000000000000000000 ) ) ;
#1889 = EDGE_LOOP ( 'NONE', ( #515, #2605, #16, #3343 ) ) ;
#1890 = CARTESIAN_POINT ( 'NONE',  ( -1.174999999999999156, 0.7500000000000000000, 1.324999999999999734 ) ) ;
#1891 = EDGE_CURVE ( 'NONE', #1388, #271, #1275, .T. ) ;
#1892 =( LENGTH_UNIT ( ) NAMED_UNIT ( * ) SI_UNIT ( .MILLI., .METRE. ) );
#1893 = EDGE_LOOP ( 'NONE', ( #1747, #2115, #2715, #2765, #3663, #4029, #1297, #1158 ) ) ;
#1894 = CARTESIAN_POINT ( 'NONE',  ( -1.000000000000000000, 6.070490430446589869, -1.324999999999999734 ) ) ;
#1895 = ORIENTED_EDGE ( 'NONE', *, *, #3093, .F. ) ;
#1896 = AXIS2_PLACEMENT_3D ( 'NONE', #1495, #477, #130 ) ;
#1897 = LINE ( 'NONE', #1207, #2943 ) ;
#1898 = DIRECTION ( 'NONE',  ( -1.000000000000000000, 0.000000000000000000, 0.000000000000000000 ) ) ;
#1899 = CYLINDRICAL_SURFACE ( 'NONE', #1604, 0.1249999999999996808 ) ;
#1900 = ORIENTED_EDGE ( 'NONE', *, *, #1850, .F. ) ;
#1901 = ORIENTED_EDGE ( 'NONE', *, *, #867, .F. ) ;
#1902 = EDGE_CURVE ( 'NONE', #4266, #2176, #1768, .T. ) ;
#1903 = VECTOR ( 'NONE', #638, 1000.000000000000000 ) ;
#1904 = UNCERTAINTY_MEASURE_WITH_UNIT (LENGTH_MEASURE( 1.000000000000000082E-05 ), #860, 'distance_accuracy_value', 'NONE');
#1905 = CIRCLE ( 'NONE', #4177, 0.1250000000000001110 ) ;
#1906 = CARTESIAN_POINT ( 'NONE',  ( 0.000000000000000000, 0.5500000000000000444, 1.224999999999999201 ) ) ;
#1907 = VECTOR ( 'NONE', #3253, 1000.000000000000000 ) ;
#1908 = PLANE ( 'NONE',  #2134 ) ;
#1909 = CARTESIAN_POINT ( 'NONE',  ( 0.5000000000000000000, 0.5500000000000000444, 0.7000000000000000666 ) ) ;
#1910 = LINE ( 'NONE', #3321, #646 ) ;
#1911 = AXIS2_PLACEMENT_3D ( 'NONE', #2074, #2470, #3485 ) ;
#1912 = AXIS2_PLACEMENT_3D ( 'NONE', #430, #40, #1771 ) ;
#1913 = EDGE_LOOP ( 'NONE', ( #3774, #382, #1153, #3930 ) ) ;
#1914 = DIRECTION ( 'NONE',  ( 0.000000000000000000, 0.000000000000000000, 1.000000000000000000 ) ) ;
#1915 = VECTOR ( 'NONE', #4294, 1000.000000000000000 ) ;
#1916 = ORIENTED_EDGE ( 'NONE', *, *, #269, .F. ) ;
#1917 = AXIS2_PLACEMENT_3D ( 'NONE', #1459, #712, #3162 ) ;
#1918 = PLANE ( 'NONE',  #827 ) ;
#1919 = ADVANCED_FACE ( 'NONE', ( #2306 ), #1319, .F. ) ;
#1920 = VERTEX_POINT ( 'NONE', #3776 ) ;
#1921 = DIRECTION ( 'NONE',  ( -6.776263578034402713E-16, 0.000000000000000000, 1.000000000000000000 ) ) ;
#1922 = ORIENTED_EDGE ( 'NONE', *, *, #588, .F. ) ;
#1923 = AXIS2_PLACEMENT_3D ( 'NONE', #3844, #705, #2814 ) ;
#1924 = EDGE_LOOP ( 'NONE', ( #1513, #4440, #1503, #781, #1076, #752, #374, #3999 ) ) ;
#1925 = ADVANCED_FACE ( 'NONE', ( #273 ), #3395, .F. ) ;
#1926 = DIRECTION ( 'NONE',  ( 0.000000000000000000, -1.000000000000000000, 0.000000000000000000 ) ) ;
#1927 = CARTESIAN_POINT ( 'NONE',  ( -1.235000000000000542, 0.000000000000000000, 0.6999999999999992895 ) ) ;
#1928 =( NAMED_UNIT ( * ) SI_UNIT ( $, .STERADIAN. ) SOLID_ANGLE_UNIT ( ) );
#1929 = VERTEX_POINT ( 'NONE', #3369 ) ;
#1930 = ADVANCED_FACE ( 'NONE', ( #1294 ), #2700, .F. ) ;
#1931 = LINE ( 'NONE', #2235, #82 ) ;
#1932 = DIRECTION ( 'NONE',  ( 1.000000000000000000, 0.000000000000000000, 5.782411586589355667E-16 ) ) ;
#1933 = ORIENTED_EDGE ( 'NONE', *, *, #3562, .F. ) ;
#1934 = DIRECTION ( 'NONE',  ( -0.000000000000000000, -1.000000000000000000, -0.000000000000000000 ) ) ;
#1935 = VERTEX_POINT ( 'NONE', #4144 ) ;
#1936 = CARTESIAN_POINT ( 'NONE',  ( 0.006574447241209677856, 0.7500000000000000000, 0.002392903102553954088 ) ) ;
#1937 = CARTESIAN_POINT ( 'NONE',  ( 1.235000000000000098, 0.7500000000000000000, -0.9750000000000001998 ) ) ;
#1938 = LINE ( 'NONE', #208, #164 ) ;
#1939 = DIRECTION ( 'NONE',  ( 1.000000000000000000, -0.000000000000000000, 0.000000000000000000 ) ) ;
#1940 = CARTESIAN_POINT ( 'NONE',  ( 0.000000000000000000, 0.000000000000000000, 0.000000000000000000 ) ) ;
#1941 = ORIENTED_EDGE ( 'NONE', *, *, #3869, .T. ) ;
#1942 = EDGE_CURVE ( 'NONE', #2593, #3334, #1641, .T. ) ;
#1943 = EDGE_CURVE ( 'NONE', #2409, #4455, #4466, .T. ) ;
#1944 = CARTESIAN_POINT ( 'NONE',  ( 0.000000000000000000, 0.000000000000000000, -1.524999999999999911 ) ) ;
#1945 = ORIENTED_EDGE ( 'NONE', *, *, #3465, .T. ) ;
#1946 = DIRECTION ( 'NONE',  ( 0.000000000000000000, -1.000000000000000000, 0.000000000000000000 ) ) ;
#1947 = LINE ( 'NONE', #821, #3593 ) ;
#1948 = CARTESIAN_POINT ( 'NONE',  ( -0.000000000000000000, 0.5500000000000000444, 0.9749999999999997558 ) ) ;
#1949 = LINE ( 'NONE', #824, #2425 ) ;
#1950 = VECTOR ( 'NONE', #2225, 1000.000000000000000 ) ;
#1951 = ORIENTED_EDGE ( 'NONE', *, *, #3483, .T. ) ;
#1952 = PLANE ( 'NONE',  #1395 ) ;
#1953 = EDGE_CURVE ( 'NONE', #3571, #3903, #3086, .T. ) ;
#1954 = DIRECTION ( 'NONE',  ( 1.000000000000000000, 0.000000000000000000, 0.000000000000000000 ) ) ;
#1955 = PLANE ( 'NONE',  #3352 ) ;
#1956 = ADVANCED_FACE ( 'NONE', ( #3462 ), #975, .F. ) ;
#1957 = DIRECTION ( 'NONE',  ( -1.000000000000000000, 0.000000000000000000, 0.000000000000000000 ) ) ;
#1958 = PLANE ( 'NONE',  #949 ) ;
#1959 = ORIENTED_EDGE ( 'NONE', *, *, #55, .F. ) ;
#1960 = VECTOR ( 'NONE', #3094, 1000.000000000000000 ) ;
#1961 = ORIENTED_EDGE ( 'NONE', *, *, #4458, .F. ) ;
#1962 = VECTOR ( 'NONE', #1718, 1000.000000000000114 ) ;
#1963 = VECTOR ( 'NONE', #3339, 1000.000000000000000 ) ;
#1964 = LINE ( 'NONE', #2357, #1537 ) ;
#1965 = VERTEX_POINT ( 'NONE', #3108 ) ;
#1966 = ADVANCED_FACE ( 'NONE', ( #3736 ), #955, .T. ) ;
#1967 = CARTESIAN_POINT ( 'NONE',  ( 0.000000000000000000, 0.5500000000000000444, 0.000000000000000000 ) ) ;
#1968 = LINE ( 'NONE', #4112, #653 ) ;
#1969 = AXIS2_PLACEMENT_3D ( 'NONE', #3545, #1763, #3168 ) ;
#1970 = MECHANICAL_DESIGN_GEOMETRIC_PRESENTATION_REPRESENTATION (  '', ( #3228 ), #1465 ) ;
#1971 = PLANE ( 'NONE',  #395 ) ;
#1972 = CIRCLE ( 'NONE', #3075, 0.1250000000000001110 ) ;
#1973 = ORIENTED_EDGE ( 'NONE', *, *, #2725, .F. ) ;
#1974 = CARTESIAN_POINT ( 'NONE',  ( -1.000000000000000000, 1.199999999999999734, -1.324999999999999734 ) ) ;
#1975 = DIRECTION ( 'NONE',  ( -0.000000000000000000, -1.000000000000000000, 0.000000000000000000 ) ) ;
#1976 = SURFACE_SIDE_STYLE ('',( #2320 ) ) ;
#1977 = VECTOR ( 'NONE', #1954, 1000.000000000000000 ) ;
#1978 = EDGE_CURVE ( 'NONE', #2931, #267, #2728, .T. ) ;
#1979 = VECTOR ( 'NONE', #770, 1000.000000000000000 ) ;
#1980 = CARTESIAN_POINT ( 'NONE',  ( 0.7881455521623084159, 0.7500000000000000000, -0.2868615212563761507 ) ) ;
#1981 = VERTEX_POINT ( 'NONE', #995 ) ;
#1982 = VECTOR ( 'NONE', #799, 1000.000000000000000 ) ;
#1983 = DIRECTION ( 'NONE',  ( 0.000000000000000000, 0.000000000000000000, 1.000000000000000000 ) ) ;
#1984 = DIRECTION ( 'NONE',  ( -1.000000000000000000, 0.000000000000000000, -0.000000000000000000 ) ) ;
#1985 = ORIENTED_EDGE ( 'NONE', *, *, #3358, .F. ) ;
#1986 = CARTESIAN_POINT ( 'NONE',  ( -1.235000000000000098, 0.5500000000000000444, -0.6999999999999998446 ) ) ;
#1987 = LINE ( 'NONE', #258, #3000 ) ;
#1988 = VERTEX_POINT ( 'NONE', #4061 ) ;
#1989 = CARTESIAN_POINT ( 'NONE',  ( -1.235000000000000542, 0.5500000000000000444, 0.6999999999999992895 ) ) ;
#1990 = CARTESIAN_POINT ( 'NONE',  ( -0.000000000000000000, 0.5500000000000000444, -0.9750000000000001998 ) ) ;
#1991 = CARTESIAN_POINT ( 'NONE',  ( 1.000000000000000000, 0.7500000000000000000, 1.324999999999999734 ) ) ;
#1992 = ORIENTED_EDGE ( 'NONE', *, *, #504, .T. ) ;
#1993 = CARTESIAN_POINT ( 'NONE',  ( 1.235000000000000098, 0.5500000000000000444, -1.500000000000000222 ) ) ;
#1994 = ORIENTED_EDGE ( 'NONE', *, *, #1363, .T. ) ;
#1995 = EDGE_CURVE ( 'NONE', #1334, #2438, #917, .T. ) ;
#1996 = ORIENTED_EDGE ( 'NONE', *, *, #684, .T. ) ;
#1997 = ORIENTED_EDGE ( 'NONE', *, *, #1745, .F. ) ;
#1998 = CARTESIAN_POINT ( 'NONE',  ( -1.235000000000000542, 0.5500000000000000444, 0.9749999999999997558 ) ) ;
#1999 = ORIENTED_EDGE ( 'NONE', *, *, #633, .F. ) ;
#2000 = CARTESIAN_POINT ( 'NONE',  ( -1.250000000000000222, 0.7500000000000000000, -1.474999999999998979 ) ) ;
#2001 = DIRECTION ( 'NONE',  ( 0.000000000000000000, 0.000000000000000000, 1.000000000000000000 ) ) ;
#2002 = DIRECTION ( 'NONE',  ( 0.000000000000000000, 0.000000000000000000, -1.000000000000000000 ) ) ;
#2003 = EDGE_CURVE ( 'NONE', #2176, #4266, #171, .T. ) ;
#2004 = ORIENTED_EDGE ( 'NONE', *, *, #741, .F. ) ;
#2005 = CARTESIAN_POINT ( 'NONE',  ( -1.174999999999999156, 0.7500000000000000000, -1.324999999999999734 ) ) ;
#2006 = CARTESIAN_POINT ( 'NONE',  ( 0.000000000000000000, 0.5500000000000000444, 0.9749999999999997558 ) ) ;
#2007 = FACE_OUTER_BOUND ( 'NONE', #4519, .T. ) ;
#2008 = CARTESIAN_POINT ( 'NONE',  ( 1.235000000000000098, 0.000000000000000000, -1.224999999999999867 ) ) ;
#2009 = DIRECTION ( 'NONE',  ( 0.000000000000000000, 0.000000000000000000, 1.000000000000000000 ) ) ;
#2010 = ADVANCED_FACE ( 'NONE', ( #4128 ), #4446, .F. ) ;
#2011 = DIRECTION ( 'NONE',  ( 1.000000000000000000, 0.000000000000000000, 6.776263578034401726E-16 ) ) ;
#2012 = VERTEX_POINT ( 'NONE', #1343 ) ;
#2013 =( LENGTH_UNIT ( ) NAMED_UNIT ( * ) SI_UNIT ( .MILLI., .METRE. ) );
#2014 = CARTESIAN_POINT ( 'NONE',  ( -1.235000000000000542, 0.5500000000000000444, 0.000000000000000000 ) ) ;
#2015 = VECTOR ( 'NONE', #1639, 1000.000000000000000 ) ;
#2016 = ORIENTED_EDGE ( 'NONE', *, *, #3363, .F. ) ;
#2017 = CARTESIAN_POINT ( 'NONE',  ( 0.5000000000000002220, 0.5500000000000000444, -0.6999999999999998446 ) ) ;
#2018 = CARTESIAN_POINT ( 'NONE',  ( 0.000000000000000000, 0.000000000000000000, -1.599999999999999867 ) ) ;
#2019 = EDGE_CURVE ( 'NONE', #2931, #2153, #2392, .T. ) ;
#2020 = CARTESIAN_POINT ( 'NONE',  ( -0.8250000000000001776, 1.149999999999999911, -1.000000000000000000 ) ) ;
#2021 = ORIENTED_EDGE ( 'NONE', *, *, #4120, .T. ) ;
#2022 = DIRECTION ( 'NONE',  ( -1.000000000000000000, 0.000000000000000000, 4.065758146820640148E-16 ) ) ;
#2023 = DIRECTION ( 'NONE',  ( -1.000000000000000000, 0.000000000000000000, 0.000000000000000000 ) ) ;
#2024 = VERTEX_POINT ( 'NONE', #1442 ) ;
#2025 = EDGE_CURVE ( 'NONE', #839, #992, #440, .T. ) ;
#2026 = FACE_OUTER_BOUND ( 'NONE', #3974, .T. ) ;
#2027 = DIRECTION ( 'NONE',  ( 0.2169304578186523891, 0.9761870601839536254, 0.000000000000000000 ) ) ;
#2028 = FACE_OUTER_BOUND ( 'NONE', #760, .T. ) ;
#2029 = AXIS2_PLACEMENT_3D ( 'NONE', #1514, #1865, #2921 ) ;
#2030 = FACE_OUTER_BOUND ( 'NONE', #2318, .T. ) ;
#2031 = ORIENTED_EDGE ( 'NONE', *, *, #584, .T. ) ;
#2032 = VECTOR ( 'NONE', #4019, 1000.000000000000000 ) ;
#2033 = DIRECTION ( 'NONE',  ( 0.000000000000000000, 0.000000000000000000, 1.000000000000000000 ) ) ;
#2034 = CARTESIAN_POINT ( 'NONE',  ( 1.000000000000000000, 0.9749999999999998668, -1.324999999999999734 ) ) ;
#2035 = ORIENTED_EDGE ( 'NONE', *, *, #2314, .T. ) ;
#2036 = VECTOR ( 'NONE', #3010, 1000.000000000000000 ) ;
#2037 = EDGE_LOOP ( 'NONE', ( #2937, #1220, #4437, #1424 ) ) ;
#2038 = VECTOR ( 'NONE', #3626, 1000.000000000000000 ) ;
#2039 = VECTOR ( 'NONE', #3399, 1000.000000000000000 ) ;
#2040 = ORIENTED_EDGE ( 'NONE', *, *, #2101, .F. ) ;
#2041 = LINE ( 'NONE', #2018, #746 ) ;
#2042 = CARTESIAN_POINT ( 'NONE',  ( -1.235000000000000542, 0.5500000000000000444, 1.224999999999999423 ) ) ;
#2043 = ORIENTED_EDGE ( 'NONE', *, *, #421, .F. ) ;
#2044 = CIRCLE ( 'NONE', #234, 0.1250000000000001110 ) ;
#2045 = ADVANCED_FACE ( 'NONE', ( #2129 ), #3233, .F. ) ;
#2046 = AXIS2_PLACEMENT_3D ( 'NONE', #3546, #1467, #2527 ) ;
#2047 = DIRECTION ( 'NONE',  ( -6.776263578034402713E-16, 0.000000000000000000, 1.000000000000000000 ) ) ;
#2048 = CARTESIAN_POINT ( 'NONE',  ( 1.235000000000000098, 0.7500000000000000000, -1.224999999999999867 ) ) ;
#2049 = CARTESIAN_POINT ( 'NONE',  ( -1.250000000000000222, 0.5500000000000000444, 1.224999999999999423 ) ) ;
#2050 = ORIENTED_EDGE ( 'NONE', *, *, #3515, .F. ) ;
#2051 = VECTOR ( 'NONE', #231, 1000.000000000000000 ) ;
#2052 = ADVANCED_FACE ( 'NONE', ( #2844 ), #1422, .T. ) ;
#2053 = VERTEX_POINT ( 'NONE', #4223 ) ;
#2054 = EDGE_CURVE ( 'NONE', #3874, #3698, #4170, .T. ) ;
#2055 = VECTOR ( 'NONE', #3939, 1000.000000000000000 ) ;
#2056 = ORIENTED_EDGE ( 'NONE', *, *, #4165, .F. ) ;
#2057 = DIRECTION ( 'NONE',  ( -0.000000000000000000, -1.000000000000000000, -0.000000000000000000 ) ) ;
#2058 = ORIENTED_EDGE ( 'NONE', *, *, #402, .T. ) ;
#2059 = CARTESIAN_POINT ( 'NONE',  ( -0.5000000000000003331, 0.000000000000000000, -0.9000000000000006883 ) ) ;
#2060 = CARTESIAN_POINT ( 'NONE',  ( -1.235000000000000542, 0.5500000000000000444, 0.000000000000000000 ) ) ;
#2061 = DIRECTION ( 'NONE',  ( -1.000000000000000000, 0.000000000000000000, -5.782411586589354681E-16 ) ) ;
#2062 = VECTOR ( 'NONE', #601, 1000.000000000000000 ) ;
#2063 = EDGE_CURVE ( 'NONE', #3833, #3451, #2102, .T. ) ;
#2064 = DIRECTION ( 'NONE',  ( -1.000000000000000000, 0.000000000000000000, -0.000000000000000000 ) ) ;
#2065 = ORIENTED_EDGE ( 'NONE', *, *, #3924, .T. ) ;
#2066 = ORIENTED_EDGE ( 'NONE', *, *, #1525, .T. ) ;
#2067 = CARTESIAN_POINT ( 'NONE',  ( 1.235000000000000098, 0.5500000000000000444, 0.000000000000000000 ) ) ;
#2068 = EDGE_LOOP ( 'NONE', ( #3122, #1916, #977, #965 ) ) ;
#2069 = VERTEX_POINT ( 'NONE', #1023 ) ;
#2070 = DIRECTION ( 'NONE',  ( 0.000000000000000000, 0.000000000000000000, 1.000000000000000000 ) ) ;
#2071 = DIRECTION ( 'NONE',  ( 0.000000000000000000, 0.000000000000000000, 1.000000000000000000 ) ) ;
#2072 = ORIENTED_EDGE ( 'NONE', *, *, #3829, .F. ) ;
#2073 = LINE ( 'NONE', #4168, #3751 ) ;
#2074 = CARTESIAN_POINT ( 'NONE',  ( 0.000000000000000000, 0.000000000000000000, 0.000000000000000000 ) ) ;
#2075 = DIRECTION ( 'NONE',  ( 0.9396926207859070956, 0.000000000000000000, -0.3420201433256724322 ) ) ;
#2076 = CARTESIAN_POINT ( 'NONE',  ( -1.235000000000000542, 0.5500000000000000444, 0.000000000000000000 ) ) ;
#2077 = ORIENTED_EDGE ( 'NONE', *, *, #3214, .F. ) ;
#2078 = FACE_OUTER_BOUND ( 'NONE', #4035, .T. ) ;
#2079 = DIRECTION ( 'NONE',  ( 0.000000000000000000, -1.000000000000000000, 0.000000000000000000 ) ) ;
#2080 = ORIENTED_EDGE ( 'NONE', *, *, #1201, .F. ) ;
#2081 = CARTESIAN_POINT ( 'NONE',  ( 0.000000000000000000, 0.000000000000000000, 0.000000000000000000 ) ) ;
#2082 = ADVANCED_FACE ( 'NONE', ( #1097 ), #1368, .T. ) ;
#2083 = CARTESIAN_POINT ( 'NONE',  ( 0.000000000000000000, 0.5500000000000000444, -1.500000000000000222 ) ) ;
#2084 = EDGE_CURVE ( 'NONE', #75, #1487, #1757, .T. ) ;
#2085 = LINE ( 'NONE', #352, #836 ) ;
#2086 = DIRECTION ( 'NONE',  ( -1.000000000000000000, 0.000000000000000000, -0.000000000000000000 ) ) ;
#2087 = DIRECTION ( 'NONE',  ( 0.000000000000000000, 1.000000000000000000, 0.000000000000000000 ) ) ;
#2088 = PLANE ( 'NONE',  #3882 ) ;
#2089 = ORIENTED_EDGE ( 'NONE', *, *, #2936, .F. ) ;
#2090 = ORIENTED_EDGE ( 'NONE', *, *, #4360, .F. ) ;
#2091 = CARTESIAN_POINT ( 'NONE',  ( 1.249999999999999778, 0.000000000000000000, -0.9750000000000001998 ) ) ;
#2092 = ORIENTED_EDGE ( 'NONE', *, *, #3351, .F. ) ;
#2093 = CARTESIAN_POINT ( 'NONE',  ( -1.250000000000000222, 0.7500000000000000000, -0.9750000000000001998 ) ) ;
#2094 = ADVANCED_FACE ( 'NONE', ( #4536 ), #899, .T. ) ;
#2095 = PLANE ( 'NONE',  #930 ) ;
#2096 = ORIENTED_EDGE ( 'NONE', *, *, #3340, .T. ) ;
#2097 = VECTOR ( 'NONE', #1725, 1000.000000000000000 ) ;
#2098 = VERTEX_POINT ( 'NONE', #344 ) ;
#2099 = ORIENTED_EDGE ( 'NONE', *, *, #3156, .F. ) ;
#2100 = VECTOR ( 'NONE', #391, 1000.000000000000000 ) ;
#2101 = EDGE_CURVE ( 'NONE', #3967, #4020, #3511, .T. ) ;
#2102 = LINE ( 'NONE', #3486, #314 ) ;
#2103 = PLANE ( 'NONE',  #92 ) ;
#2104 = ORIENTED_EDGE ( 'NONE', *, *, #4421, .F. ) ;
#2105 = EDGE_LOOP ( 'NONE', ( #1777, #545, #1311, #4010 ) ) ;
#2106 = CARTESIAN_POINT ( 'NONE',  ( -1.174999999999999156, 0.7500000000000000000, -1.324999999999999734 ) ) ;
#2107 = DIRECTION ( 'NONE',  ( 0.3420201433256715440, 0.000000000000000000, -0.9396926207859073177 ) ) ;
#2108 = LINE ( 'NONE', #4208, #386 ) ;
#2109 = DIRECTION ( 'NONE',  ( -0.000000000000000000, 0.000000000000000000, 1.000000000000000000 ) ) ;
#2110 = EDGE_CURVE ( 'NONE', #3058, #2292, #737, .T. ) ;
#2111 = DIRECTION ( 'NONE',  ( -0.000000000000000000, -1.000000000000000000, -0.000000000000000000 ) ) ;
#2112 = ORIENTED_EDGE ( 'NONE', *, *, #3363, .T. ) ;
#2113 = LINE ( 'NONE', #3526, #828 ) ;
#2114 = CARTESIAN_POINT ( 'NONE',  ( 1.249999999999999778, 0.5500000000000000444, -0.9750000000000001998 ) ) ;
#2115 = ORIENTED_EDGE ( 'NONE', *, *, #2557, .T. ) ;
#2116 = VECTOR ( 'NONE', #1666, 1000.000000000000000 ) ;
#2117 = FACE_OUTER_BOUND ( 'NONE', #1773, .T. ) ;
#2118 = VECTOR ( 'NONE', #1472, 1000.000000000000000 ) ;
#2119 = ORIENTED_EDGE ( 'NONE', *, *, #4066, .T. ) ;
#2120 = PLANE ( 'NONE',  #2497 ) ;
#2121 = VECTOR ( 'NONE', #1214, 1000.000000000000000 ) ;
#2122 = CARTESIAN_POINT ( 'NONE',  ( -1.235000000000000098, 0.5500000000000000444, -1.224999999999999867 ) ) ;
#2123 = ORIENTED_EDGE ( 'NONE', *, *, #2601, .T. ) ;
#2124 = VECTOR ( 'NONE', #1164, 1000.000000000000000 ) ;
#2125 = PRESENTATION_LAYER_ASSIGNMENT (  '', '', ( #3966 ) ) ;
#2126 = ADVANCED_FACE ( 'NONE', ( #2871 ), #1053, .T. ) ;
#2127 = LINE ( 'NONE', #3538, #3623 ) ;
#2128 = VECTOR ( 'NONE', #4195, 1000.000000000000000 ) ;
#2129 = FACE_OUTER_BOUND ( 'NONE', #833, .T. ) ;
#2130 = CARTESIAN_POINT ( 'NONE',  ( -1.000000000000000000, 6.070490430446589869, -1.449999999999999956 ) ) ;
#2131 = ORIENTED_EDGE ( 'NONE', *, *, #4072, .T. ) ;
#2132 = ADVANCED_FACE ( 'NONE', ( #2446 ), #3851, .T. ) ;
#2133 = CARTESIAN_POINT ( 'NONE',  ( -1.235000000000000098, 0.000000000000000000, -0.000000000000000000 ) ) ;
#2134 = AXIS2_PLACEMENT_3D ( 'NONE', #2237, #2603, #3319 ) ;
#2135 = FACE_OUTER_BOUND ( 'NONE', #3878, .T. ) ;
#2136 = DIRECTION ( 'NONE',  ( -2.891205793294680298E-16, 0.000000000000000000, 1.000000000000000000 ) ) ;
#2137 = AXIS2_PLACEMENT_3D ( 'NONE', #3906, #2498, #2771 ) ;
#2138 = DIRECTION ( 'NONE',  ( -0.000000000000000000, 1.000000000000000000, 0.000000000000000000 ) ) ;
#2139 = DIRECTION ( 'NONE',  ( 0.000000000000000000, 0.000000000000000000, -1.000000000000000000 ) ) ;
#2140 = CARTESIAN_POINT ( 'NONE',  ( 1.235000000000000986, 0.5500000000000000444, 0.000000000000000000 ) ) ;
#2141 = ORIENTED_EDGE ( 'NONE', *, *, #498, .F. ) ;
#2142 = AXIS2_PLACEMENT_3D ( 'NONE', #2143, #3251, #1478 ) ;
#2143 = CARTESIAN_POINT ( 'NONE',  ( 1.249999999999999778, 0.5500000000000000444, 0.000000000000000000 ) ) ;
#2144 = VERTEX_POINT ( 'NONE', #785 ) ;
#2145 = CARTESIAN_POINT ( 'NONE',  ( -1.124999999999999334, 0.7500000000000000000, -1.324999999999999734 ) ) ;
#2146 = CARTESIAN_POINT ( 'NONE',  ( -0.8250000000000001776, 1.199999999999999956, -1.149999999999999911 ) ) ;
#2147 = VERTEX_POINT ( 'NONE', #4270 ) ;
#2148 = EDGE_CURVE ( 'NONE', #3217, #3799, #3876, .T. ) ;
#2149 = EDGE_CURVE ( 'NONE', #1564, #1182, #3186, .T. ) ;
#2150 = VERTEX_POINT ( 'NONE', #4245 ) ;
#2151 = CARTESIAN_POINT ( 'NONE',  ( -1.250000000000000222, 0.5500000000000000444, 0.9749999999999997558 ) ) ;
#2152 = CARTESIAN_POINT ( 'NONE',  ( -1.124999999999999334, 0.7500000000000000000, 0.000000000000000000 ) ) ;
#2153 = VERTEX_POINT ( 'NONE', #1803 ) ;
#2154 = EDGE_CURVE ( 'NONE', #1609, #1584, #3207, .T. ) ;
#2155 = VERTEX_POINT ( 'NONE', #834 ) ;
#2156 = CARTESIAN_POINT ( 'NONE',  ( -1.174999999999999156, 0.7500000000000000000, 0.000000000000000000 ) ) ;
#2157 = CARTESIAN_POINT ( 'NONE',  ( 0.000000000000000000, 0.5500000000000000444, -0.6999999999999998446 ) ) ;
#2158 = CARTESIAN_POINT ( 'NONE',  ( 1.249999999999999778, 0.000000000000000000, -0.9750000000000001998 ) ) ;
#2159 = CARTESIAN_POINT ( 'NONE',  ( -1.124999999999999334, 0.7500000000000000000, -1.599999999999999867 ) ) ;
#2160 = ADVANCED_FACE ( 'NONE', ( #804 ), #2198, .T. ) ;
#2161 = DIRECTION ( 'NONE',  ( 0.9761870601839536254, -0.2169304578186523891, 0.000000000000000000 ) ) ;
#2162 = ORIENTED_EDGE ( 'NONE', *, *, #2335, .T. ) ;
#2163 = CYLINDRICAL_SURFACE ( 'NONE', #1912, 0.1249999999999998890 ) ;
#2164 = FACE_OUTER_BOUND ( 'NONE', #3604, .T. ) ;
#2165 = EDGE_CURVE ( 'NONE', #2053, #3597, #2594, .T. ) ;
#2166 = FACE_OUTER_BOUND ( 'NONE', #2326, .T. ) ;
#2167 = ORIENTED_EDGE ( 'NONE', *, *, #677, .F. ) ;
#2168 = LINE ( 'NONE', #1482, #4398 ) ;
#2169 = VERTEX_POINT ( 'NONE', #467 ) ;
#2170 = EDGE_LOOP ( 'NONE', ( #2955, #3200, #44, #3705 ) ) ;
#2171 = SURFACE_STYLE_FILL_AREA ( #2518 ) ;
#2172 = ADVANCED_FACE ( 'NONE', ( #855 ), #1489, .F. ) ;
#2173 = ORIENTED_EDGE ( 'NONE', *, *, #722, .F. ) ;
#2174 = CARTESIAN_POINT ( 'NONE',  ( 0.5000000000000002220, 0.5500000000000000444, -0.6999999999999998446 ) ) ;
#2175 = DIRECTION ( 'NONE',  ( 0.000000000000000000, 0.000000000000000000, -1.000000000000000000 ) ) ;
#2176 = VERTEX_POINT ( 'NONE', #4335 ) ;
#2177 = LINE ( 'NONE', #3283, #2727 ) ;
#2178 = ORIENTED_EDGE ( 'NONE', *, *, #4396, .F. ) ;
#2179 = CARTESIAN_POINT ( 'NONE',  ( 1.174999999999999378, 0.7500000000000000000, -1.324999999999999734 ) ) ;
#2180 = DIRECTION ( 'NONE',  ( 1.000000000000000000, 0.000000000000000000, -0.000000000000000000 ) ) ;
#2181 = ORIENTED_EDGE ( 'NONE', *, *, #2154, .F. ) ;
#2182 = CARTESIAN_POINT ( 'NONE',  ( 1.235000000000000098, 0.5500000000000000444, -1.500000000000000222 ) ) ;
#2183 = UNCERTAINTY_MEASURE_WITH_UNIT (LENGTH_MEASURE( 1.000000000000000082E-05 ), #1783, 'distance_accuracy_value', 'NONE');
#2184 = EDGE_CURVE ( 'NONE', #1965, #1827, #100, .T. ) ;
#2185 = DIRECTION ( 'NONE',  ( -0.2169304578186523891, -0.9761870601839536254, 0.000000000000000000 ) ) ;
#2186 = ORIENTED_EDGE ( 'NONE', *, *, #3064, .T. ) ;
#2187 =( LENGTH_UNIT ( ) NAMED_UNIT ( * ) SI_UNIT ( .MILLI., .METRE. ) );
#2188 = DIRECTION ( 'NONE',  ( 1.000000000000000000, 0.000000000000000000, 0.000000000000000000 ) ) ;
#2189 = FACE_OUTER_BOUND ( 'NONE', #3008, .T. ) ;
#2190 = ADVANCED_FACE ( 'NONE', ( #3257 ), #2224, .F. ) ;
#2191 = EDGE_LOOP ( 'NONE', ( #3575, #2104, #3909, #3341 ) ) ;
#2192 = CARTESIAN_POINT ( 'NONE',  ( 0.000000000000000000, 0.7500000000000000000, -1.599999999999999867 ) ) ;
#2193 = ORIENTED_EDGE ( 'NONE', *, *, #3127, .F. ) ;
#2194 = VECTOR ( 'NONE', #2109, 1000.000000000000000 ) ;
#2195 = CLOSED_SHELL ( 'NONE', ( #1541, #2160, #551, #4389, #110, #4183, #2530, #156, #2995, #575, #1619, #3557, #1429 ) ) ;
#2196 = VECTOR ( 'NONE', #3703, 1000.000000000000000 ) ;
#2197 = ORIENTED_EDGE ( 'NONE', *, *, #1382, .T. ) ;
#2198 = CYLINDRICAL_SURFACE ( 'NONE', #1845, 0.1250000000000001110 ) ;
#2199 = VECTOR ( 'NONE', #1320, 1000.000000000000000 ) ;
#2200 = ADVANCED_FACE ( 'NONE', ( #3947 ), #2564, .T. ) ;
#2201 = VECTOR ( 'NONE', #3386, 1000.000000000000000 ) ;
#2202 = LINE ( 'NONE', #3610, #2588 ) ;
#2203 = VERTEX_POINT ( 'NONE', #123 ) ;
#2204 = DIRECTION ( 'NONE',  ( 1.000000000000000000, 0.000000000000000000, 5.782411586589356653E-16 ) ) ;
#2205 = DIRECTION ( 'NONE',  ( -1.000000000000000000, -0.000000000000000000, -0.000000000000000000 ) ) ;
#2206 = SURFACE_SIDE_STYLE ('',( #2548 ) ) ;
#2207 = VERTEX_POINT ( 'NONE', #3279 ) ;
#2208 = CARTESIAN_POINT ( 'NONE',  ( 1.000000000000000000, 6.070490430446589869, -1.449999999999999956 ) ) ;
#2209 = EDGE_CURVE ( 'NONE', #166, #935, #1526, .T. ) ;
#2210 = AXIS2_PLACEMENT_3D ( 'NONE', #763, #1524, #3277 ) ;
#2211 = AXIS2_PLACEMENT_3D ( 'NONE', #4048, #4385, #1234 ) ;
#2212 = CARTESIAN_POINT ( 'NONE',  ( -0.5000000000000003331, 0.5500000000000000444, -0.9000000000000006883 ) ) ;
#2213 = DIRECTION ( 'NONE',  ( 0.000000000000000000, 1.000000000000000000, 0.000000000000000000 ) ) ;
#2214 = CARTESIAN_POINT ( 'NONE',  ( 0.000000000000000000, 0.5500000000000000444, -1.500000000000000222 ) ) ;
#2215 = VECTOR ( 'NONE', #2471, 1000.000000000000000 ) ;
#2216 = ORIENTED_EDGE ( 'NONE', *, *, #710, .F. ) ;
#2217 = VECTOR ( 'NONE', #3787, 1000.000000000000000 ) ;
#2218 = DIRECTION ( 'NONE',  ( -1.058384131403680457E-16, -0.2169304578186523891, 0.9761870601839536254 ) ) ;
#2219 = ORIENTED_EDGE ( 'NONE', *, *, #615, .F. ) ;
#2220 = EDGE_CURVE ( 'NONE', #4535, #3355, #2938, .T. ) ;
#2221 = VECTOR ( 'NONE', #3301, 1000.000000000000000 ) ;
#2222 = LINE ( 'NONE', #3206, #3607 ) ;
#2223 = EDGE_LOOP ( 'NONE', ( #3741, #3647 ) ) ;
#2224 = PLANE ( 'NONE',  #3239 ) ;
#2225 = DIRECTION ( 'NONE',  ( 3.854941057726241055E-15, 1.000000000000000000, 0.000000000000000000 ) ) ;
#2226 = EDGE_CURVE ( 'NONE', #3978, #1929, #65, .T. ) ;
#2227 = LINE ( 'NONE', #3586, #3911 ) ;
#2228 = ORIENTED_EDGE ( 'NONE', *, *, #2209, .F. ) ;
#2229 = CARTESIAN_POINT ( 'NONE',  ( 1.174999999999999378, 0.7500000000000000000, -1.324999999999999734 ) ) ;
#2230 = LINE ( 'NONE', #1879, #3455 ) ;
#2231 =( LENGTH_UNIT ( ) NAMED_UNIT ( * ) SI_UNIT ( .MILLI., .METRE. ) );
#2232 = ORIENTED_EDGE ( 'NONE', *, *, #2226, .F. ) ;
#2233 = EDGE_LOOP ( 'NONE', ( #2908, #349, #359, #3865 ) ) ;
#2234 = UNCERTAINTY_MEASURE_WITH_UNIT (LENGTH_MEASURE( 1.000000000000000082E-05 ), #1892, 'distance_accuracy_value', 'NONE');
#2235 = CARTESIAN_POINT ( 'NONE',  ( 1.235000000000000098, 0.5500000000000000444, 0.000000000000000000 ) ) ;
#2236 = EDGE_CURVE ( 'NONE', #219, #1827, #2512, .T. ) ;
#2237 = CARTESIAN_POINT ( 'NONE',  ( -0.8250000000000001776, 1.149999999999999911, -1.149999999999999911 ) ) ;
#2238 = DIRECTION ( 'NONE',  ( 0.000000000000000000, 1.000000000000000000, -3.854941057726241055E-15 ) ) ;
#2239 = ORIENTED_EDGE ( 'NONE', *, *, #1525, .F. ) ;
#2240 = DIRECTION ( 'NONE',  ( 0.000000000000000000, 1.000000000000000000, -0.000000000000000000 ) ) ;
#2241 = VERTEX_POINT ( 'NONE', #755 ) ;
#2242 = CARTESIAN_POINT ( 'NONE',  ( -0.5000000000000001110, 0.5500000000000000444, -1.500000000000000222 ) ) ;
#2243 = ORIENTED_EDGE ( 'NONE', *, *, #2643, .T. ) ;
#2244 = ADVANCED_FACE ( 'NONE', ( #3866 ), #3177, .T. ) ;
#2245 = CARTESIAN_POINT ( 'NONE',  ( -0.5897977675699658251, 0.7500000000000000000, -1.599999999999999867 ) ) ;
#2246 = DIRECTION ( 'NONE',  ( 0.000000000000000000, -0.000000000000000000, 1.000000000000000000 ) ) ;
#2247 = DIRECTION ( 'NONE',  ( -0.3420201433256800372, 0.000000000000000000, 0.9396926207859043201 ) ) ;
#2248 = EDGE_CURVE ( 'NONE', #970, #3488, #460, .T. ) ;
#2249 = PLANE ( 'NONE',  #2336 ) ;
#2250 = LINE ( 'NONE', #3263, #236 ) ;
#2251 = CARTESIAN_POINT ( 'NONE',  ( -1.250000000000000222, 0.5500000000000000444, 0.9749999999999997558 ) ) ;
#2252 = ORIENTED_EDGE ( 'NONE', *, *, #2824, .T. ) ;
#2253 = DIRECTION ( 'NONE',  ( 0.000000000000000000, 0.000000000000000000, -1.000000000000000000 ) ) ;
#2254 = ORIENTED_EDGE ( 'NONE', *, *, #4421, .T. ) ;
#2255 = CARTESIAN_POINT ( 'NONE',  ( 0.000000000000000000, 0.000000000000000000, -1.599999999999999867 ) ) ;
#2256 = DIRECTION ( 'NONE',  ( 1.084202172485504434E-16, -3.854941057726241055E-15, -1.000000000000000000 ) ) ;
#2257 = EDGE_CURVE ( 'NONE', #90, #2412, #3920, .T. ) ;
#2258 = VERTEX_POINT ( 'NONE', #89 ) ;
#2259 = PLANE ( 'NONE',  #2714 ) ;
#2260 = EDGE_LOOP ( 'NONE', ( #3732, #2813, #3385, #3988 ) ) ;
#2261 = EDGE_CURVE ( 'NONE', #1799, #2825, #776, .T. ) ;
#2262 = LINE ( 'NONE', #3668, #590 ) ;
#2263 = ORIENTED_EDGE ( 'NONE', *, *, #1719, .F. ) ;
#2264 = ADVANCED_FACE ( 'NONE', ( #2189 ), #1502, .T. ) ;
#2265 = VECTOR ( 'NONE', #1380, 1000.000000000000000 ) ;
#2266 = VECTOR ( 'NONE', #1211, 1000.000000000000000 ) ;
#2267 = DIRECTION ( 'NONE',  ( 0.000000000000000000, -1.000000000000000000, 0.000000000000000000 ) ) ;
#2268 = LINE ( 'NONE', #3333, #2507 ) ;
#2269 = DIRECTION ( 'NONE',  ( -0.000000000000000000, 0.000000000000000000, 1.000000000000000000 ) ) ;
#2270 = ORIENTED_EDGE ( 'NONE', *, *, #4210, .T. ) ;
#2271 = AXIS2_PLACEMENT_3D ( 'NONE', #641, #1003, #2027 ) ;
#2272 = EDGE_LOOP ( 'NONE', ( #1200, #682, #639, #3287 ) ) ;
#2273 = VECTOR ( 'NONE', #4161, 1000.000000000000000 ) ;
#2274 = PRESENTATION_LAYER_ASSIGNMENT (  '', '', ( #3228 ) ) ;
#2275 = CARTESIAN_POINT ( 'NONE',  ( -0.5624999999999991118, 0.7500000000000000000, 1.525000000000000133 ) ) ;
#2276 = VECTOR ( 'NONE', #3572, 1000.000000000000000 ) ;
#2277 = DIRECTION ( 'NONE',  ( 0.000000000000000000, -1.000000000000000000, 0.000000000000000000 ) ) ;
#2278 = DIRECTION ( 'NONE',  ( 1.000000000000000000, 0.000000000000000000, 0.000000000000000000 ) ) ;
#2279 = VERTEX_POINT ( 'NONE', #116 ) ;
#2280 = PLANE ( 'NONE',  #1026 ) ;
#2281 = VECTOR ( 'NONE', #3114, 1000.000000000000000 ) ;
#2282 = ORIENTED_EDGE ( 'NONE', *, *, #2149, .F. ) ;
#2283 = VECTOR ( 'NONE', #3582, 1000.000000000000000 ) ;
#2284 = LINE ( 'NONE', #3691, #245 ) ;
#2285 = EDGE_CURVE ( 'NONE', #2830, #166, #4192, .T. ) ;
#2286 = ADVANCED_FACE ( 'NONE', ( #1047 ), #2835, .F. ) ;
#2287 = LINE ( 'NONE', #3694, #2386 ) ;
#2288 = VECTOR ( 'NONE', #1816, 1000.000000000000000 ) ;
#2289 = CARTESIAN_POINT ( 'NONE',  ( 1.235000000000000986, 0.5500000000000000444, 1.500000000000000666 ) ) ;
#2290 = LINE ( 'NONE', #3952, #1618 ) ;
#2291 = SURFACE_STYLE_USAGE ( .BOTH. , #2206 ) ;
#2292 = VERTEX_POINT ( 'NONE', #2091 ) ;
#2293 = DIRECTION ( 'NONE',  ( 1.000000000000000000, -0.000000000000000000, 0.000000000000000000 ) ) ;
#2294 = EDGE_LOOP ( 'NONE', ( #2173, #1425, #47, #1337 ) ) ;
#2295 = ADVANCED_FACE ( 'NONE', ( #2166 ), #2514, .T. ) ;
#2296 = DIRECTION ( 'NONE',  ( 1.000000000000000000, 0.000000000000000000, 0.000000000000000000 ) ) ;
#2297 = DIRECTION ( 'NONE',  ( 0.000000000000000000, 0.000000000000000000, -1.000000000000000000 ) ) ;
#2298 = ORIENTED_EDGE ( 'NONE', *, *, #343, .F. ) ;
#2299 = EDGE_CURVE ( 'NONE', #2153, #4287, #433, .T. ) ;
#2300 = DIRECTION ( 'NONE',  ( 0.000000000000000000, -0.000000000000000000, -1.000000000000000000 ) ) ;
#2301 = ORIENTED_EDGE ( 'NONE', *, *, #2054, .T. ) ;
#2302 = DIRECTION ( 'NONE',  ( 0.000000000000000000, 0.000000000000000000, 1.000000000000000000 ) ) ;
#2303 = FACE_OUTER_BOUND ( 'NONE', #2746, .T. ) ;
#2304 = EDGE_CURVE ( 'NONE', #2241, #3223, #358, .T. ) ;
#2305 = CARTESIAN_POINT ( 'NONE',  ( 1.235000000000000986, 0.5500000000000000444, -0.000000000000000000 ) ) ;
#2306 = FACE_OUTER_BOUND ( 'NONE', #3055, .T. ) ;
#2307 = LINE ( 'NONE', #2324, #1392 ) ;
#2308 = EDGE_LOOP ( 'NONE', ( #3464, #1290, #3119, #174, #843 ) ) ;
#2309 = VERTEX_POINT ( 'NONE', #4284 ) ;
#2310 = DIRECTION ( 'NONE',  ( -0.000000000000000000, -1.000000000000000000, -0.000000000000000000 ) ) ;
#2311 = ORIENTED_EDGE ( 'NONE', *, *, #3678, .F. ) ;
#2312 = DIRECTION ( 'NONE',  ( 1.000000000000000000, 0.000000000000000000, 0.000000000000000000 ) ) ;
#2313 = CARTESIAN_POINT ( 'NONE',  ( 1.000000000000000000, 6.070490430446589869, 1.324999999999999734 ) ) ;
#2314 = EDGE_CURVE ( 'NONE', #434, #2979, #903, .T. ) ;
#2315 = CARTESIAN_POINT ( 'NONE',  ( -1.000000000000000000, 0.7500000000000000000, -1.449999999999999956 ) ) ;
#2316 = ORIENTED_EDGE ( 'NONE', *, *, #3133, .T. ) ;
#2317 = DIRECTION ( 'NONE',  ( 0.000000000000000000, 0.000000000000000000, 1.000000000000000000 ) ) ;
#2318 = EDGE_LOOP ( 'NONE', ( #1354, #1922, #1895, #1565 ) ) ;
#2319 = VECTOR ( 'NONE', #3820, 1000.000000000000000 ) ;
#2320 = SURFACE_STYLE_FILL_AREA ( #583 ) ;
#2321 = LINE ( 'NONE', #251, #431 ) ;
#2322 = EDGE_LOOP ( 'NONE', ( #787, #3164, #2656, #518 ) ) ;
#2323 = CARTESIAN_POINT ( 'NONE',  ( 0.5897977675699657141, 0.7500000000000000000, -1.599999999999999867 ) ) ;
#2324 = CARTESIAN_POINT ( 'NONE',  ( 1.235000000000000986, 0.7500000000000000000, 0.9749999999999995337 ) ) ;
#2325 = AXIS2_PLACEMENT_3D ( 'NONE', #1721, #3121, #4525 ) ;
#2326 = EDGE_LOOP ( 'NONE', ( #3346, #3912, #1870, #66, #1732, #4412 ) ) ;
#2327 = CARTESIAN_POINT ( 'NONE',  ( -0.3374999999999999112, 0.7500000000000000000, 1.524999999999999911 ) ) ;
#2328 = AXIS2_PLACEMENT_3D ( 'NONE', #1150, #3840, #1411 ) ;
#2329 = DIRECTION ( 'NONE',  ( 0.000000000000000000, -0.000000000000000000, 1.000000000000000000 ) ) ;
#2330 = ORIENTED_EDGE ( 'NONE', *, *, #4320, .T. ) ;
#2331 = LINE ( 'NONE', #3417, #3679 ) ;
#2332 = DIRECTION ( 'NONE',  ( 0.000000000000000000, 0.000000000000000000, -1.000000000000000000 ) ) ;
#2333 = ADVANCED_FACE ( 'NONE', ( #2117 ), #1746, .F. ) ;
#2334 = DIRECTION ( 'NONE',  ( -0.000000000000000000, -1.000000000000000000, -0.000000000000000000 ) ) ;
#2335 = EDGE_CURVE ( 'NONE', #3853, #326, #43, .T. ) ;
#2336 = AXIS2_PLACEMENT_3D ( 'NONE', #1142, #1926, #3238 ) ;
#2337 =( GEOMETRIC_REPRESENTATION_CONTEXT ( 3 ) GLOBAL_UNCERTAINTY_ASSIGNED_CONTEXT ( ( #1904 ) ) GLOBAL_UNIT_ASSIGNED_CONTEXT ( ( #860, #2615, #107 ) ) REPRESENTATION_CONTEXT ( 'NONE', 'WORKASPACE' ) );
#2338 = CARTESIAN_POINT ( 'NONE',  ( -1.125000000000000222, 1.199999999999999734, -1.324999999999999734 ) ) ;
#2339 = CIRCLE ( 'NONE', #4036, 0.1249999999999998890 ) ;
#2340 = ORIENTED_EDGE ( 'NONE', *, *, #2718, .T. ) ;
#2341 = CARTESIAN_POINT ( 'NONE',  ( -0.5000000000000003331, 0.5500000000000000444, -6.776263578034402713E-17 ) ) ;
#2342 = EDGE_LOOP ( 'NONE', ( #1065, #2692, #3431, #129 ) ) ;
#2343 = ADVANCED_FACE ( 'NONE', ( #1435 ), #3894, .F. ) ;
#2344 = STYLED_ITEM ( 'NONE', ( #796 ), #1306 ) ;
#2345 = ORIENTED_EDGE ( 'NONE', *, *, #4113, .F. ) ;
#2346 = AXIS2_PLACEMENT_3D ( 'NONE', #1300, #3743, #4520 ) ;
#2347 = CARTESIAN_POINT ( 'NONE',  ( 1.235000000000000986, 0.000000000000000000, 0.9749999999999995337 ) ) ;
#2348 = ORIENTED_EDGE ( 'NONE', *, *, #1480, .T. ) ;
#2349 = VECTOR ( 'NONE', #4356, 1000.000000000000000 ) ;
#2350 = CARTESIAN_POINT ( 'NONE',  ( -0.000000000000000000, 0.000000000000000000, 0.9749999999999997558 ) ) ;
#2351 = ADVANCED_FACE ( 'NONE', ( #4369 ), #1216, .F. ) ;
#2352 = VECTOR ( 'NONE', #4007, 1000.000000000000000 ) ;
#2353 = DIRECTION ( 'NONE',  ( -1.000000000000000000, 0.000000000000000000, -0.000000000000000000 ) ) ;
#2354 = DIRECTION ( 'NONE',  ( 1.000000000000000000, 0.000000000000000000, 0.000000000000000000 ) ) ;
#2355 = ORIENTED_EDGE ( 'NONE', *, *, #2665, .T. ) ;
#2356 = DIRECTION ( 'NONE',  ( -0.000000000000000000, -1.000000000000000000, -0.000000000000000000 ) ) ;
#2357 = CARTESIAN_POINT ( 'NONE',  ( 0.000000000000000000, 0.000000000000000000, -1.524999999999999911 ) ) ;
#2358 = EDGE_LOOP ( 'NONE', ( #2080, #95, #1653, #2441 ) ) ;
#2359 = CARTESIAN_POINT ( 'NONE',  ( -0.8250000000000001776, 1.149999999999999911, -1.300000000000000044 ) ) ;
#2360 = DIRECTION ( 'NONE',  ( -0.000000000000000000, -1.000000000000000000, -0.000000000000000000 ) ) ;
#2361 = PLANE ( 'NONE',  #2634 ) ;
#2362 = DIRECTION ( 'NONE',  ( -0.000000000000000000, 1.000000000000000000, -0.000000000000000000 ) ) ;
#2363 = ADVANCED_FACE ( 'NONE', ( #3273 ), #4025, .F. ) ;
#2364 = LINE ( 'NONE', #4154, #220 ) ;
#2365 = VERTEX_POINT ( 'NONE', #159 ) ;
#2366 = CARTESIAN_POINT ( 'NONE',  ( -1.000000000000000000, 0.7500000000000000000, -1.499999999999998890 ) ) ;
#2367 = EDGE_LOOP ( 'NONE', ( #2444, #3247, #3025, #275 ) ) ;
#2368 = FACE_OUTER_BOUND ( 'NONE', #1218, .T. ) ;
#2369 = VERTEX_POINT ( 'NONE', #889 ) ;
#2370 = EDGE_CURVE ( 'NONE', #128, #3571, #1949, .T. ) ;
#2371 = CARTESIAN_POINT ( 'NONE',  ( -0.3375000000000003553, 0.7500000000000000000, -1.524999999999999911 ) ) ;
#2372 = CARTESIAN_POINT ( 'NONE',  ( 0.5000000000000005551, 0.5500000000000000444, -2.032879073410322293E-16 ) ) ;
#2373 = CARTESIAN_POINT ( 'NONE',  ( -1.124999999999999334, 0.7500000000000000000, 0.000000000000000000 ) ) ;
#2374 = ORIENTED_EDGE ( 'NONE', *, *, #4079, .F. ) ;
#2375 = EDGE_CURVE ( 'NONE', #2830, #3516, #2586, .T. ) ;
#2376 = DIRECTION ( 'NONE',  ( 0.000000000000000000, 0.000000000000000000, -1.000000000000000000 ) ) ;
#2377 = FACE_OUTER_BOUND ( 'NONE', #1258, .T. ) ;
#2378 = CARTESIAN_POINT ( 'NONE',  ( 1.249999999999999778, 0.5500000000000000444, -1.224999999999999867 ) ) ;
#2379 = CARTESIAN_POINT ( 'NONE',  ( -0.7000000000000001776, 0.000000000000000000, -0.6999999999999998446 ) ) ;
#2380 = DIRECTION ( 'NONE',  ( -0.000000000000000000, 0.000000000000000000, 1.000000000000000000 ) ) ;
#2381 = VERTEX_POINT ( 'NONE', #2555 ) ;
#2382 = LINE ( 'NONE', #1309, #3448 ) ;
#2383 = DIRECTION ( 'NONE',  ( -1.000000000000000000, 0.000000000000000000, 0.000000000000000000 ) ) ;
#2384 = ORIENTED_EDGE ( 'NONE', *, *, #1473, .F. ) ;
#2385 = EDGE_CURVE ( 'NONE', #1782, #347, #499, .T. ) ;
#2386 = VECTOR ( 'NONE', #2633, 1000.000000000000000 ) ;
#2387 = VERTEX_POINT ( 'NONE', #2338 ) ;
#2388 = CARTESIAN_POINT ( 'NONE',  ( -1.235000000000000098, 0.5500000000000000444, -1.224999999999999867 ) ) ;
#2389 = LINE ( 'NONE', #3847, #2100 ) ;
#2390 = ADVANCED_FACE ( 'NONE', ( #2030 ), #264, .F. ) ;
#2391 = DIRECTION ( 'NONE',  ( -1.000000000000000000, -0.000000000000000000, -0.000000000000000000 ) ) ;
#2392 = LINE ( 'NONE', #3539, #675 ) ;
#2393 = FACE_OUTER_BOUND ( 'NONE', #3550, .T. ) ;
#2394 = EDGE_CURVE ( 'NONE', #4173, #3940, #4416, .T. ) ;
#2395 = ORIENTED_EDGE ( 'NONE', *, *, #3413, .F. ) ;
#2396 = CARTESIAN_POINT ( 'NONE',  ( 0.000000000000000000, 0.5500000000000000444, -0.9750000000000001998 ) ) ;
#2397 = DIRECTION ( 'NONE',  ( -0.000000000000000000, 0.000000000000000000, 1.000000000000000000 ) ) ;
#2398 = EDGE_LOOP ( 'NONE', ( #3830, #1933, #3969, #919 ) ) ;
#2399 = LINE ( 'NONE', #2685, #1403 ) ;
#2400 = DIRECTION ( 'NONE',  ( 1.000000000000000000, 0.000000000000000000, 5.782411586589355667E-16 ) ) ;
#2401 = VECTOR ( 'NONE', #3170, 1000.000000000000000 ) ;
#2402 = CARTESIAN_POINT ( 'NONE',  ( 0.5000000000000000000, 0.000000000000000000, 0.7000000000000000666 ) ) ;
#2403 = EDGE_CURVE ( 'NONE', #3307, #3964, #3096, .T. ) ;
#2404 = VECTOR ( 'NONE', #2400, 1000.000000000000000 ) ;
#2405 = CARTESIAN_POINT ( 'NONE',  ( 1.125000000000000444, 6.070490430446589869, 1.324999999999999734 ) ) ;
#2406 = ORIENTED_EDGE ( 'NONE', *, *, #3432, .F. ) ;
#2407 = VECTOR ( 'NONE', #4085, 1000.000000000000000 ) ;
#2408 = DIRECTION ( 'NONE',  ( 0.000000000000000000, 0.000000000000000000, -1.000000000000000000 ) ) ;
#2409 = VERTEX_POINT ( 'NONE', #3014 ) ;
#2410 = AXIS2_PLACEMENT_3D ( 'NONE', #3065, #3089, #1322 ) ;
#2411 = VECTOR ( 'NONE', #2606, 1000.000000000000000 ) ;
#2412 = VERTEX_POINT ( 'NONE', #2315 ) ;
#2413 = DIRECTION ( 'NONE',  ( 1.000000000000000000, 0.000000000000000000, 0.000000000000000000 ) ) ;
#2414 = MECHANICAL_DESIGN_GEOMETRIC_PRESENTATION_REPRESENTATION (  '', ( #2500 ), #1469 ) ;
#2415 = LINE ( 'NONE', #708, #3421 ) ;
#2416 = EDGE_LOOP ( 'NONE', ( #3044, #2043, #1031, #4226 ) ) ;
#2417 = MECHANICAL_DESIGN_GEOMETRIC_PRESENTATION_REPRESENTATION (  '', ( #2793 ), #3393 ) ;
#2418 = ORIENTED_EDGE ( 'NONE', *, *, #205, .T. ) ;
#2419 = PLANE ( 'NONE',  #3619 ) ;
#2420 = EDGE_CURVE ( 'NONE', #1567, #3181, #1650, .T. ) ;
#2421 = EDGE_CURVE ( 'NONE', #3657, #4450, #1606, .T. ) ;
#2422 = CARTESIAN_POINT ( 'NONE',  ( -0.006574447241220594471, 0.7500000000000000000, 0.002392903102557876732 ) ) ;
#2423 = DIRECTION ( 'NONE',  ( -1.000000000000000000, 0.000000000000000000, 0.000000000000000000 ) ) ;
#2424 = VERTEX_POINT ( 'NONE', #1993 ) ;
#2425 = VECTOR ( 'NONE', #1583, 1000.000000000000000 ) ;
#2426 = ORIENTED_EDGE ( 'NONE', *, *, #2480, .T. ) ;
#2427 = CARTESIAN_POINT ( 'NONE',  ( -0.5897977675699654920, 0.000000000000000000, 1.600000000000000311 ) ) ;
#2428 = ORIENTED_EDGE ( 'NONE', *, *, #2420, .T. ) ;
#2429 = DIRECTION ( 'NONE',  ( 0.000000000000000000, 0.000000000000000000, 1.000000000000000000 ) ) ;
#2430 = DIRECTION ( 'NONE',  ( 0.000000000000000000, 1.000000000000000000, 0.000000000000000000 ) ) ;
#2431 = DIRECTION ( 'NONE',  ( 0.000000000000000000, 1.000000000000000000, -0.000000000000000000 ) ) ;
#2432 = AXIS2_PLACEMENT_3D ( 'NONE', #2630, #853, #4056 ) ;
#2433 = CARTESIAN_POINT ( 'NONE',  ( -0.000000000000000000, 0.000000000000000000, -1.500000000000000222 ) ) ;
#2434 = EDGE_CURVE ( 'NONE', #3978, #315, #964, .T. ) ;
#2435 = CARTESIAN_POINT ( 'NONE',  ( 0.5000000000000002220, 0.5500000000000000444, -0.6999999999999998446 ) ) ;
#2436 = DIRECTION ( 'NONE',  ( 0.000000000000000000, 0.000000000000000000, 1.000000000000000000 ) ) ;
#2437 = CARTESIAN_POINT ( 'NONE',  ( 1.249999999999999778, 0.5500000000000000444, 0.000000000000000000 ) ) ;
#2438 = VERTEX_POINT ( 'NONE', #3404 ) ;
#2439 = DIRECTION ( 'NONE',  ( 1.000000000000000000, 0.000000000000000000, 0.000000000000000000 ) ) ;
#2440 = EDGE_CURVE ( 'NONE', #494, #3804, #311, .T. ) ;
#2441 = ORIENTED_EDGE ( 'NONE', *, *, #2165, .F. ) ;
#2442 = LINE ( 'NONE', #3846, #2273 ) ;
#2443 = CARTESIAN_POINT ( 'NONE',  ( 0.5624999999999996669, 0.000000000000000000, -1.524999999999999911 ) ) ;
#2444 = ORIENTED_EDGE ( 'NONE', *, *, #1555, .T. ) ;
#2445 = DIRECTION ( 'NONE',  ( -0.3420201433256638279, 0.000000000000000000, -0.9396926207859102043 ) ) ;
#2446 = FACE_OUTER_BOUND ( 'NONE', #3727, .T. ) ;
#2447 = CARTESIAN_POINT ( 'NONE',  ( -1.250000000000000222, 0.5500000000000000444, -1.224999999999999867 ) ) ;
#2448 = VERTEX_POINT ( 'NONE', #4454 ) ;
#2449 = EDGE_CURVE ( 'NONE', #2424, #3335, #4116, .T. ) ;
#2450 = EDGE_LOOP ( 'NONE', ( #1683, #1370 ) ) ;
#2451 = ORIENTED_EDGE ( 'NONE', *, *, #4401, .T. ) ;
#2452 = DIRECTION ( 'NONE',  ( -1.807003620809175618E-16, 0.000000000000000000, 1.000000000000000000 ) ) ;
#2453 = FACE_OUTER_BOUND ( 'NONE', #3046, .T. ) ;
#2454 = PLANE ( 'NONE',  #1095 ) ;
#2455 = LINE ( 'NONE', #2371, #1695 ) ;
#2456 = DIRECTION ( 'NONE',  ( 0.000000000000000000, 0.000000000000000000, -1.000000000000000000 ) ) ;
#2457 = LINE ( 'NONE', #3861, #1181 ) ;
#2458 = CARTESIAN_POINT ( 'NONE',  ( -1.000000000000000000, 0.9749999999999998668, -1.324999999999999734 ) ) ;
#2459 = ORIENTED_EDGE ( 'NONE', *, *, #2892, .T. ) ;
#2460 = EDGE_CURVE ( 'NONE', #4148, #2899, #3422, .T. ) ;
#2461 = ORIENTED_EDGE ( 'NONE', *, *, #4283, .F. ) ;
#2462 = DIRECTION ( 'NONE',  ( 0.000000000000000000, -0.000000000000000000, -1.000000000000000000 ) ) ;
#2463 = EDGE_LOOP ( 'NONE', ( #3768, #194, #2863, #4431 ) ) ;
#2464 = DIRECTION ( 'NONE',  ( 0.000000000000000000, 0.000000000000000000, 1.000000000000000000 ) ) ;
#2465 = DIRECTION ( 'NONE',  ( -0.000000000000000000, 1.000000000000000000, -0.000000000000000000 ) ) ;
#2466 = ORIENTED_EDGE ( 'NONE', *, *, #4428, .T. ) ;
#2467 = ORIENTED_EDGE ( 'NONE', *, *, #2624, .T. ) ;
#2468 = FACE_OUTER_BOUND ( 'NONE', #4488, .T. ) ;
#2469 = ORIENTED_EDGE ( 'NONE', *, *, #1178, .T. ) ;
#2470 = DIRECTION ( 'NONE',  ( 0.000000000000000000, 0.000000000000000000, 1.000000000000000000 ) ) ;
#2471 = DIRECTION ( 'NONE',  ( 0.000000000000000000, 0.000000000000000000, -1.000000000000000000 ) ) ;
#2472 = CARTESIAN_POINT ( 'NONE',  ( 1.000000000000000000, 0.7500000000000000000, 1.449999999999999067 ) ) ;
#2473 = ORIENTED_EDGE ( 'NONE', *, *, #3946, .T. ) ;
#2474 = FACE_OUTER_BOUND ( 'NONE', #3944, .T. ) ;
#2475 = DIRECTION ( 'NONE',  ( 1.000000000000000000, 0.000000000000000000, -0.000000000000000000 ) ) ;
#2476 = CARTESIAN_POINT ( 'NONE',  ( -1.250000000000000222, 0.5500000000000000444, -0.9750000000000001998 ) ) ;
#2477 = CARTESIAN_POINT ( 'NONE',  ( 0.000000000000000000, 0.7500000000000000000, -1.524999999999999911 ) ) ;
#2478 = EDGE_CURVE ( 'NONE', #1802, #2751, #1668, .T. ) ;
#2479 = ORIENTED_EDGE ( 'NONE', *, *, #914, .F. ) ;
#2480 = EDGE_CURVE ( 'NONE', #1965, #4508, #4436, .T. ) ;
#2481 = DIRECTION ( 'NONE',  ( 0.000000000000000000, 0.000000000000000000, 1.000000000000000000 ) ) ;
#2482 = FACE_OUTER_BOUND ( 'NONE', #3126, .T. ) ;
#2483 = ORIENTED_EDGE ( 'NONE', *, *, #450, .T. ) ;
#2484 = AXIS2_PLACEMENT_3D ( 'NONE', #262, #2711, #4477 ) ;
#2485 = ORIENTED_EDGE ( 'NONE', *, *, #2928, .T. ) ;
#2486 = DIRECTION ( 'NONE',  ( -0.000000000000000000, -0.000000000000000000, -1.000000000000000000 ) ) ;
#2487 = VERTEX_POINT ( 'NONE', #2671 ) ;
#2488 = DIRECTION ( 'NONE',  ( -0.000000000000000000, -1.000000000000000000, -0.000000000000000000 ) ) ;
#2489 = CIRCLE ( 'NONE', #4101, 0.1249999999999992506 ) ;
#2490 = DIRECTION ( 'NONE',  ( -1.000000000000000000, 0.000000000000000000, -0.000000000000000000 ) ) ;
#2491 = VERTEX_POINT ( 'NONE', #4134 ) ;
#2492 = VECTOR ( 'NONE', #721, 1000.000000000000000 ) ;
#2493 = VECTOR ( 'NONE', #4447, 1000.000000000000000 ) ;
#2494 = ORIENTED_EDGE ( 'NONE', *, *, #2101, .T. ) ;
#2495 = DIRECTION ( 'NONE',  ( -1.000000000000000000, 0.000000000000000000, 0.000000000000000000 ) ) ;
#2496 = VERTEX_POINT ( 'NONE', #3383 ) ;
#2497 = AXIS2_PLACEMENT_3D ( 'NONE', #1455, #119, #1438 ) ;
#2498 = DIRECTION ( 'NONE',  ( 1.000000000000000000, 0.000000000000000000, 1.355252715606879556E-16 ) ) ;
#2499 = DIRECTION ( 'NONE',  ( 0.3420201433256724322, 0.000000000000000000, 0.9396926207859069846 ) ) ;
#2500 = STYLED_ITEM ( 'NONE', ( #644 ), #1217 ) ;
#2501 = EDGE_LOOP ( 'NONE', ( #768, #4358, #3059, #3984 ) ) ;
#2502 = EDGE_CURVE ( 'NONE', #2593, #927, #642, .T. ) ;
#2503 = LINE ( 'NONE', #4207, #1391 ) ;
#2504 = VECTOR ( 'NONE', #1002, 1000.000000000000000 ) ;
#2505 = PLANE ( 'NONE',  #1615 ) ;
#2506 = CARTESIAN_POINT ( 'NONE',  ( 1.000000000000000000, 1.199999999999999734, -1.449999999999999956 ) ) ;
#2507 = VECTOR ( 'NONE', #4404, 1000.000000000000000 ) ;
#2508 = CARTESIAN_POINT ( 'NONE',  ( -1.250000000000000222, 0.000000000000000000, -0.000000000000000000 ) ) ;
#2509 = EDGE_LOOP ( 'NONE', ( #1286, #3042, #697, #706 ) ) ;
#2510 = FACE_OUTER_BOUND ( 'NONE', #3636, .T. ) ;
#2511 = CARTESIAN_POINT ( 'NONE',  ( -1.235000000000000542, 0.5500000000000000444, 0.000000000000000000 ) ) ;
#2512 = CIRCLE ( 'NONE', #540, 0.1249999999999992506 ) ;
#2513 = ADVANCED_FACE ( 'NONE', ( #2713 ), #1971, .F. ) ;
#2514 = PLANE ( 'NONE',  #2959 ) ;
#2515 = VERTEX_POINT ( 'NONE', #4153 ) ;
#2516 = CARTESIAN_POINT ( 'NONE',  ( -0.5000000000000003331, 0.5500000000000000444, -0.9000000000000006883 ) ) ;
#2517 = ORIENTED_EDGE ( 'NONE', *, *, #2957, .F. ) ;
#2518 = FILL_AREA_STYLE ('',( #3254 ) ) ;
#2519 = ORIENTED_EDGE ( 'NONE', *, *, #1072, .F. ) ;
#2520 = DIRECTION ( 'NONE',  ( -0.000000000000000000, -1.000000000000000000, -0.000000000000000000 ) ) ;
#2521 = FACE_OUTER_BOUND ( 'NONE', #651, .T. ) ;
#2522 = ADVANCED_FACE ( 'NONE', ( #4092 ), #1006, .F. ) ;
#2523 = ORIENTED_EDGE ( 'NONE', *, *, #3567, .T. ) ;
#2524 = FACE_OUTER_BOUND ( 'NONE', #189, .T. ) ;
#2525 = EDGE_LOOP ( 'NONE', ( #4093, #3136, #3203, #715 ) ) ;
#2526 = FACE_OUTER_BOUND ( 'NONE', #1924, .T. ) ;
#2527 = DIRECTION ( 'NONE',  ( 0.000000000000000000, 0.000000000000000000, 1.000000000000000000 ) ) ;
#2528 = CARTESIAN_POINT ( 'NONE',  ( 0.5000000000000004441, 0.000000000000000000, 3.388131789017204315E-16 ) ) ;
#2529 = DIRECTION ( 'NONE',  ( -0.7071067811865491270, 0.000000000000000000, -0.7071067811865459074 ) ) ;
#2530 = ADVANCED_FACE ( 'NONE', ( #4500 ), #1352, .F. ) ;
#2531 = DIRECTION ( 'NONE',  ( 0.000000000000000000, 0.000000000000000000, -1.000000000000000000 ) ) ;
#2532 = LINE ( 'NONE', #1499, #4474 ) ;
#2533 = CARTESIAN_POINT ( 'NONE',  ( 0.000000000000000000, 0.000000000000000000, 0.7000000000000000666 ) ) ;
#2534 = CARTESIAN_POINT ( 'NONE',  ( -1.000000000000000000, 0.7500000000000000000, -1.449999999999999956 ) ) ;
#2535 = VERTEX_POINT ( 'NONE', #1877 ) ;
#2536 = FACE_OUTER_BOUND ( 'NONE', #1633, .T. ) ;
#2537 = EDGE_CURVE ( 'NONE', #2931, #4300, #2177, .T. ) ;
#2538 = ORIENTED_EDGE ( 'NONE', *, *, #3771, .F. ) ;
#2539 = ORIENTED_EDGE ( 'NONE', *, *, #1449, .T. ) ;
#2540 = CARTESIAN_POINT ( 'NONE',  ( -1.235000000000000542, 0.000000000000000000, 0.000000000000000000 ) ) ;
#2541 = ORIENTED_EDGE ( 'NONE', *, *, #4528, .F. ) ;
#2542 = EDGE_CURVE ( 'NONE', #3335, #992, #1717, .T. ) ;
#2543 = EDGE_CURVE ( 'NONE', #3978, #2147, #2572, .T. ) ;
#2544 = DIRECTION ( 'NONE',  ( 0.000000000000000000, 0.000000000000000000, -1.000000000000000000 ) ) ;
#2545 = DIRECTION ( 'NONE',  ( 0.000000000000000000, -1.000000000000000000, 0.000000000000000000 ) ) ;
#2546 = LINE ( 'NONE', #3951, #2939 ) ;
#2547 = DIRECTION ( 'NONE',  ( 0.000000000000000000, 0.000000000000000000, 1.000000000000000000 ) ) ;
#2548 = SURFACE_STYLE_FILL_AREA ( #880 ) ;
#2549 = ORIENTED_EDGE ( 'NONE', *, *, #3447, .T. ) ;
#2550 = CARTESIAN_POINT ( 'NONE',  ( -1.125000000000000444, 0.000000000000000000, 1.475000000000000311 ) ) ;
#2551 = DIRECTION ( 'NONE',  ( 0.000000000000000000, 0.000000000000000000, 1.000000000000000000 ) ) ;
#2552 = VERTEX_POINT ( 'NONE', #3259 ) ;
#2553 = EDGE_CURVE ( 'NONE', #2258, #989, #2085, .T. ) ;
#2554 = LINE ( 'NONE', #1868, #1100 ) ;
#2555 = CARTESIAN_POINT ( 'NONE',  ( 1.125000000000000444, 0.7500000000000000000, -1.324999999999999734 ) ) ;
#2556 = EDGE_LOOP ( 'NONE', ( #2966, #4516, #3871, #3185 ) ) ;
#2557 = EDGE_CURVE ( 'NONE', #893, #265, #2595, .T. ) ;
#2558 = LINE ( 'NONE', #2145, #1907 ) ;
#2559 = ORIENTED_EDGE ( 'NONE', *, *, #3548, .T. ) ;
#2560 = AXIS2_PLACEMENT_3D ( 'NONE', #2828, #2136, #3547 ) ;
#2561 = VECTOR ( 'NONE', #1932, 1000.000000000000000 ) ;
#2562 =( NAMED_UNIT ( * ) SI_UNIT ( $, .STERADIAN. ) SOLID_ANGLE_UNIT ( ) );
#2563 = ORIENTED_EDGE ( 'NONE', *, *, #754, .F. ) ;
#2564 = CYLINDRICAL_SURFACE ( 'NONE', #3167, 0.1499999999999999667 ) ;
#2565 = VECTOR ( 'NONE', #1789, 1000.000000000000000 ) ;
#2566 = CARTESIAN_POINT ( 'NONE',  ( 1.124999999999999334, 0.7500000000000000000, -1.324999999999999734 ) ) ;
#2567 = ORIENTED_EDGE ( 'NONE', *, *, #149, .F. ) ;
#2568 = AXIS2_PLACEMENT_3D ( 'NONE', #1494, #3312, #4342 ) ;
#2569 = ORIENTED_EDGE ( 'NONE', *, *, #987, .T. ) ;
#2570 = EDGE_CURVE ( 'NONE', #161, #2491, #2202, .T. ) ;
#2571 = AXIS2_PLACEMENT_3D ( 'NONE', #3975, #3674, #2964 ) ;
#2572 = LINE ( 'NONE', #837, #2658 ) ;
#2573 = CARTESIAN_POINT ( 'NONE',  ( 1.000000000000000000, 0.9749999999999998668, -1.449999999999999734 ) ) ;
#2574 = FACE_OUTER_BOUND ( 'NONE', #2170, .T. ) ;
#2575 = DIRECTION ( 'NONE',  ( 0.000000000000000000, 0.000000000000000000, -1.000000000000000000 ) ) ;
#2576 = EDGE_LOOP ( 'NONE', ( #182, #1277, #4176, #4012, #2089, #2219, #1314, #3 ) ) ;
#2577 = VERTEX_POINT ( 'NONE', #3996 ) ;
#2578 = PLANE ( 'NONE',  #1528 ) ;
#2579 = STYLED_ITEM ( 'NONE', ( #2978 ), #2834 ) ;
#2580 = VECTOR ( 'NONE', #1946, 1000.000000000000000 ) ;
#2581 = DIRECTION ( 'NONE',  ( -0.000000000000000000, -1.000000000000000000, -0.000000000000000000 ) ) ;
#2582 = ORIENTED_EDGE ( 'NONE', *, *, #200, .F. ) ;
#2583 = CARTESIAN_POINT ( 'NONE',  ( 1.235000000000000986, 0.5500000000000000444, 1.224999999999999201 ) ) ;
#2584 = CARTESIAN_POINT ( 'NONE',  ( 0.000000000000000000, 0.000000000000000000, -1.500000000000000222 ) ) ;
#2585 = EDGE_CURVE ( 'NONE', #846, #2787, #857, .T. ) ;
#2586 = LINE ( 'NONE', #135, #2352 ) ;
#2587 = ORIENTED_EDGE ( 'NONE', *, *, #3260, .T. ) ;
#2588 = VECTOR ( 'NONE', #3973, 1000.000000000000000 ) ;
#2589 = CARTESIAN_POINT ( 'NONE',  ( 1.000000000000000000, 0.7500000000000000000, -1.324999999999999734 ) ) ;
#2590 = EDGE_LOOP ( 'NONE', ( #3015, #2942, #2395, #1859, #69, #4526, #461, #4221 ) ) ;
#2591 = EDGE_CURVE ( 'NONE', #4123, #2309, #1848, .T. ) ;
#2592 = DIRECTION ( 'NONE',  ( -0.3420201433256788159, 0.000000000000000000, 0.9396926207859047642 ) ) ;
#2593 = VERTEX_POINT ( 'NONE', #3631 ) ;
#2594 = LINE ( 'NONE', #3305, #3686 ) ;
#2595 = LINE ( 'NONE', #2915, #683 ) ;
#2596 = LINE ( 'NONE', #2573, #2124 ) ;
#2597 = LINE ( 'NONE', #1256, #1183 ) ;
#2598 = SURFACE_STYLE_USAGE ( .BOTH. , #475 ) ;
#2599 = EDGE_LOOP ( 'NONE', ( #714, #1951, #3376, #514 ) ) ;
#2600 = EDGE_LOOP ( 'NONE', ( #2815, #3927, #2812, #1378 ) ) ;
#2601 = EDGE_CURVE ( 'NONE', #4155, #413, #1509, .T. ) ;
#2602 = PLANE ( 'NONE',  #948 ) ;
#2603 = DIRECTION ( 'NONE',  ( 0.000000000000000000, 1.000000000000000000, 0.000000000000000000 ) ) ;
#2604 = DIRECTION ( 'NONE',  ( 0.000000000000000000, -0.000000000000000000, 1.000000000000000000 ) ) ;
#2605 = ORIENTED_EDGE ( 'NONE', *, *, #2789, .F. ) ;
#2606 = DIRECTION ( 'NONE',  ( 0.000000000000000000, 0.000000000000000000, -1.000000000000000000 ) ) ;
#2607 = EDGE_CURVE ( 'NONE', #1988, #3255, #2227, .T. ) ;
#2608 = VERTEX_POINT ( 'NONE', #1162 ) ;
#2609 = CARTESIAN_POINT ( 'NONE',  ( -0.5000000000000004441, 0.000000000000000000, -9.035018104045886718E-17 ) ) ;
#2610 = ORIENTED_EDGE ( 'NONE', *, *, #2063, .T. ) ;
#2611 = EDGE_CURVE ( 'NONE', #1307, #1373, #2782, .T. ) ;
#2612 = ORIENTED_EDGE ( 'NONE', *, *, #2154, .T. ) ;
#2613 = CARTESIAN_POINT ( 'NONE',  ( 1.249999999999999778, 0.000000000000000000, 0.000000000000000000 ) ) ;
#2614 = CARTESIAN_POINT ( 'NONE',  ( -0.5000000000000003331, 0.000000000000000000, -6.776263578034402713E-17 ) ) ;
#2615 =( NAMED_UNIT ( * ) PLANE_ANGLE_UNIT ( ) SI_UNIT ( $, .RADIAN. ) );
#2616 = ORIENTED_EDGE ( 'NONE', *, *, #807, .F. ) ;
#2617 = CIRCLE ( 'NONE', #141, 0.1499999999999999667 ) ;
#2618 = DIRECTION ( 'NONE',  ( 0.000000000000000000, 0.000000000000000000, -1.000000000000000000 ) ) ;
#2619 = DIRECTION ( 'NONE',  ( 0.000000000000000000, 0.000000000000000000, -1.000000000000000000 ) ) ;
#2620 = CARTESIAN_POINT ( 'NONE',  ( -1.000000000000000000, 0.7500000000000000000, -1.449999999999999067 ) ) ;
#2621 = DIRECTION ( 'NONE',  ( -0.000000000000000000, -1.000000000000000000, 0.000000000000000000 ) ) ;
#2622 = VERTEX_POINT ( 'NONE', #1529 ) ;
#2623 = ADVANCED_FACE ( 'NONE', ( #1740 ), #3494, .F. ) ;
#2624 = EDGE_CURVE ( 'NONE', #4026, #1090, #1039, .T. ) ;
#2625 = ORIENTED_EDGE ( 'NONE', *, *, #3093, .T. ) ;
#2626 = LINE ( 'NONE', #3689, #1318 ) ;
#2627 = CIRCLE ( 'NONE', #1814, 0.1249999999999998890 ) ;
#2628 = ORIENTED_EDGE ( 'NONE', *, *, #2, .T. ) ;
#2629 = EDGE_CURVE ( 'NONE', #1001, #4146, #1408, .T. ) ;
#2630 = CARTESIAN_POINT ( 'NONE',  ( 1.125000000000000000, 0.7500000000000000000, 1.475000000000000311 ) ) ;
#2631 = ORIENTED_EDGE ( 'NONE', *, *, #3843, .T. ) ;
#2632 = VECTOR ( 'NONE', #308, 1000.000000000000000 ) ;
#2633 = DIRECTION ( 'NONE',  ( 1.000000000000000000, 0.000000000000000000, 1.084202172485504434E-16 ) ) ;
#2634 = AXIS2_PLACEMENT_3D ( 'NONE', #1648, #282, #2061 ) ;
#2635 = EDGE_CURVE ( 'NONE', #2448, #1085, #2455, .T. ) ;
#2636 = VECTOR ( 'NONE', #84, 1000.000000000000000 ) ;
#2637 = CARTESIAN_POINT ( 'NONE',  ( 0.3102022324300344192, 0.7500000000000000000, 1.600000000000000311 ) ) ;
#2638 = CARTESIAN_POINT ( 'NONE',  ( -1.235000000000000098, 0.5500000000000000444, -0.9750000000000001998 ) ) ;
#2639 = DIRECTION ( 'NONE',  ( 1.000000000000000000, 0.000000000000000000, -0.000000000000000000 ) ) ;
#2640 = VERTEX_POINT ( 'NONE', #4464 ) ;
#2641 = VECTOR ( 'NONE', #3919, 1000.000000000000000 ) ;
#2642 = VECTOR ( 'NONE', #390, 1000.000000000000000 ) ;
#2643 = EDGE_CURVE ( 'NONE', #3874, #2409, #1393, .T. ) ;
#2644 = AXIS2_PLACEMENT_3D ( 'NONE', #2875, #3237, #4292 ) ;
#2645 = DIRECTION ( 'NONE',  ( 0.000000000000000000, 0.000000000000000000, 1.000000000000000000 ) ) ;
#2646 = VERTEX_POINT ( 'NONE', #3775 ) ;
#2647 = CIRCLE ( 'NONE', #1761, 0.1749999999999991562 ) ;
#2648 = FACE_OUTER_BOUND ( 'NONE', #3392, .T. ) ;
#2649 = CARTESIAN_POINT ( 'NONE',  ( -1.235000000000000098, 0.7500000000000000000, -1.224999999999999867 ) ) ;
#2650 = MECHANICAL_DESIGN_GEOMETRIC_PRESENTATION_REPRESENTATION (  '', ( #1247 ), #3006 ) ;
#2651 = VECTOR ( 'NONE', #1024, 1000.000000000000000 ) ;
#2652 = VERTEX_POINT ( 'NONE', #2769 ) ;
#2653 = CARTESIAN_POINT ( 'NONE',  ( -1.124999999999999334, 0.7500000000000000000, 1.600000000000000311 ) ) ;
#2654 = ORIENTED_EDGE ( 'NONE', *, *, #542, .F. ) ;
#2655 = AXIS2_PLACEMENT_3D ( 'NONE', #2372, #2022, #4490 ) ;
#2656 = ORIENTED_EDGE ( 'NONE', *, *, #2948, .F. ) ;
#2657 = EDGE_CURVE ( 'NONE', #335, #3713, #3824, .T. ) ;
#2658 = VECTOR ( 'NONE', #3949, 1000.000000000000000 ) ;
#2659 = DIRECTION ( 'NONE',  ( 1.000000000000000000, 0.000000000000000000, 5.782411586589356653E-16 ) ) ;
#2660 = CARTESIAN_POINT ( 'NONE',  ( 1.000000000000000000, 0.7500000000000000000, 1.324999999999999734 ) ) ;
#2661 = AXIS2_PLACEMENT_3D ( 'NONE', #3580, #2911, #1156 ) ;
#2662 = DIRECTION ( 'NONE',  ( 0.000000000000000000, 0.000000000000000000, -1.000000000000000000 ) ) ;
#2663 = CARTESIAN_POINT ( 'NONE',  ( -0.000000000000000000, 0.5500000000000000444, 1.224999999999999423 ) ) ;
#2664 = VERTEX_POINT ( 'NONE', #4534 ) ;
#2665 = EDGE_CURVE ( 'NONE', #3698, #3236, #2073, .T. ) ;
#2666 = CARTESIAN_POINT ( 'NONE',  ( 1.235000000000000986, 0.5500000000000000444, 0.9749999999999995337 ) ) ;
#2667 = ORIENTED_EDGE ( 'NONE', *, *, #10, .F. ) ;
#2668 = CARTESIAN_POINT ( 'NONE',  ( 1.124999999999998890, 0.7500000000000000000, 1.600000000000000311 ) ) ;
#2669 = LINE ( 'NONE', #4433, #3439 ) ;
#2670 = EDGE_CURVE ( 'NONE', #4020, #4492, #297, .T. ) ;
#2671 = CARTESIAN_POINT ( 'NONE',  ( -1.235000000000000098, 0.5500000000000000444, -1.500000000000000222 ) ) ;
#2672 = ORIENTED_EDGE ( 'NONE', *, *, #1178, .F. ) ;
#2673 = CARTESIAN_POINT ( 'NONE',  ( 1.235000000000000986, 0.5500000000000000444, 0.000000000000000000 ) ) ;
#2674 = LINE ( 'NONE', #4422, #3381 ) ;
#2675 = DIRECTION ( 'NONE',  ( 0.000000000000000000, -0.9761870601839536254, 0.2169304578186523891 ) ) ;
#2676 = CARTESIAN_POINT ( 'NONE',  ( 0.000000000000000000, 0.5500000000000000444, -0.6999999999999998446 ) ) ;
#2677 = ORIENTED_EDGE ( 'NONE', *, *, #2248, .F. ) ;
#2678 = EDGE_CURVE ( 'NONE', #48, #315, #993, .T. ) ;
#2679 = DIRECTION ( 'NONE',  ( 0.000000000000000000, 1.000000000000000000, 0.000000000000000000 ) ) ;
#2680 = ORIENTED_EDGE ( 'NONE', *, *, #3011, .F. ) ;
#2681 = EDGE_LOOP ( 'NONE', ( #2065, #1825, #596, #2193 ) ) ;
#2682 = DIRECTION ( 'NONE',  ( 3.854941057726241055E-15, -1.000000000000000000, 0.000000000000000000 ) ) ;
#2683 = CARTESIAN_POINT ( 'NONE',  ( -4.047688110612549065E-16, 0.5500000000000000444, 0.6999999999999999556 ) ) ;
#2684 = EDGE_LOOP ( 'NONE', ( #3942, #679, #4205, #2724 ) ) ;
#2685 = CARTESIAN_POINT ( 'NONE',  ( 1.000000000000000000, 0.7500000000000000000, -1.499999999999998668 ) ) ;
#2686 = CARTESIAN_POINT ( 'NONE',  ( -4.047688110612549065E-16, 0.000000000000000000, 0.6999999999999999556 ) ) ;
#2687 = CARTESIAN_POINT ( 'NONE',  ( -1.250000000000000666, 0.7500000000000000000, 1.224999999999999423 ) ) ;
#2688 = VECTOR ( 'NONE', #1921, 1000.000000000000000 ) ;
#2689 = VERTEX_POINT ( 'NONE', #3796 ) ;
#2690 = CARTESIAN_POINT ( 'NONE',  ( -0.5000000000000004441, 0.000000000000000000, -9.035018104045886718E-17 ) ) ;
#2691 = ADVANCED_FACE ( 'NONE', ( #654 ), #2419, .T. ) ;
#2692 = ORIENTED_EDGE ( 'NONE', *, *, #2019, .F. ) ;
#2693 = CARTESIAN_POINT ( 'NONE',  ( -8.673617379884037444E-16, 0.5500000000000000444, 1.500000000000000000 ) ) ;
#2694 = LINE ( 'NONE', #4095, #3298 ) ;
#2695 = PRODUCT_DEFINITION_SHAPE ( 'NONE', 'NONE',  #121 ) ;
#2696 = EDGE_CURVE ( 'NONE', #347, #2689, #1754, .T. ) ;
#2697 = ORIENTED_EDGE ( 'NONE', *, *, #915, .T. ) ;
#2698 = LINE ( 'NONE', #1937, #3649 ) ;
#2699 = VERTEX_POINT ( 'NONE', #2000 ) ;
#2700 = PLANE ( 'NONE',  #96 ) ;
#2701 = CARTESIAN_POINT ( 'NONE',  ( -1.000000000000000000, 6.070490430446589869, 1.324999999999999734 ) ) ;
#2702 = AXIS2_PLACEMENT_3D ( 'NONE', #266, #3790, #3077 ) ;
#2703 = ADVANCED_FACE ( 'NONE', ( #3850 ), #3508, .F. ) ;
#2704 = ORIENTED_EDGE ( 'NONE', *, *, #4410, .F. ) ;
#2705 = VECTOR ( 'NONE', #2111, 1000.000000000000000 ) ;
#2706 = ORIENTED_EDGE ( 'NONE', *, *, #2557, .F. ) ;
#2707 = VECTOR ( 'NONE', #673, 1000.000000000000000 ) ;
#2708 = PLANE ( 'NONE',  #4253 ) ;
#2709 = CARTESIAN_POINT ( 'NONE',  ( -0.8250000000000001776, 1.149999999999999911, -1.149999999999999911 ) ) ;
#2710 = LINE ( 'NONE', #939, #1749 ) ;
#2711 = DIRECTION ( 'NONE',  ( -0.000000000000000000, 1.000000000000000000, -0.000000000000000000 ) ) ;
#2712 = AXIS2_PLACEMENT_3D ( 'NONE', #3587, #1372, #3913 ) ;
#2713 = FACE_OUTER_BOUND ( 'NONE', #2191, .T. ) ;
#2714 = AXIS2_PLACEMENT_3D ( 'NONE', #3016, #2960, #3326 ) ;
#2715 = ORIENTED_EDGE ( 'NONE', *, *, #844, .F. ) ;
#2716 = LINE ( 'NONE', #2014, #1744 ) ;
#2717 = VERTEX_POINT ( 'NONE', #3183 ) ;
#2718 = EDGE_CURVE ( 'NONE', #2839, #3181, #2222, .T. ) ;
#2719 = COLOUR_RGB ( '',0.7921568627450980005, 0.8196078431372548767, 0.9333333333333333481 ) ;
#2720 = MANIFOLD_SOLID_BREP ( 'Boss-Extrude3[4]', #3521 ) ;
#2721 = EDGE_LOOP ( 'NONE', ( #1209, #3767, #1274, #4130 ) ) ;
#2722 = VECTOR ( 'NONE', #4347, 1000.000000000000000 ) ;
#2723 = LINE ( 'NONE', #2020, #1078 ) ;
#2724 = ORIENTED_EDGE ( 'NONE', *, *, #458, .T. ) ;
#2725 = EDGE_CURVE ( 'NONE', #1307, #3503, #1853, .T. ) ;
#2726 = AXIS2_PLACEMENT_3D ( 'NONE', #1828, #3827, #30 ) ;
#2727 = VECTOR ( 'NONE', #809, 1000.000000000000000 ) ;
#2728 = LINE ( 'NONE', #2663, #1689 ) ;
#2729 = ORIENTED_EDGE ( 'NONE', *, *, #4257, .F. ) ;
#2730 = CARTESIAN_POINT ( 'NONE',  ( 1.235000000000000986, 0.000000000000000000, -0.000000000000000000 ) ) ;
#2731 = CARTESIAN_POINT ( 'NONE',  ( -0.5897977675699654920, 0.7500000000000000000, 1.600000000000000311 ) ) ;
#2732 = EDGE_CURVE ( 'NONE', #495, #2098, #1120, .T. ) ;
#2733 = DIRECTION ( 'NONE',  ( 0.000000000000000000, -1.000000000000000000, 0.000000000000000000 ) ) ;
#2734 = DIRECTION ( 'NONE',  ( 1.000000000000000000, 0.000000000000000000, 0.000000000000000000 ) ) ;
#2735 = PLANE ( 'NONE',  #3437 ) ;
#2736 = CARTESIAN_POINT ( 'NONE',  ( 0.000000000000000000, 0.000000000000000000, 0.9749999999999995337 ) ) ;
#2737 = DIRECTION ( 'NONE',  ( 0.3420201433256715440, 0.000000000000000000, -0.9396926207859073177 ) ) ;
#2738 = ADVANCED_FACE ( 'NONE', ( #832 ), #1441, .F. ) ;
#2739 = ORIENTED_EDGE ( 'NONE', *, *, #633, .T. ) ;
#2740 = FILL_AREA_STYLE ('',( #4094 ) ) ;
#2741 = CARTESIAN_POINT ( 'NONE',  ( -1.000000000000000000, 0.9749999999999998668, 1.449999999999999956 ) ) ;
#2742 = ORIENTED_EDGE ( 'NONE', *, *, #2732, .F. ) ;
#2743 = ADVANCED_FACE ( 'NONE', ( #1458 ), #2867, .F. ) ;
#2744 = CARTESIAN_POINT ( 'NONE',  ( -1.000000000000000000, 1.199999999999999734, 1.449999999999999956 ) ) ;
#2745 = CARTESIAN_POINT ( 'NONE',  ( -1.250000000000000222, 0.7500000000000000000, -0.9750000000000001998 ) ) ;
#2746 = EDGE_LOOP ( 'NONE', ( #2311, #3616, #4285, #2984 ) ) ;
#2747 = CARTESIAN_POINT ( 'NONE',  ( 1.235000000000000098, 0.5500000000000000444, -1.224999999999999867 ) ) ;
#2748 = EDGE_CURVE ( 'NONE', #970, #3516, #122, .T. ) ;
#2749 = DIRECTION ( 'NONE',  ( 0.000000000000000000, 0.000000000000000000, 1.000000000000000000 ) ) ;
#2750 = SURFACE_STYLE_USAGE ( .BOTH. , #4103 ) ;
#2751 = VERTEX_POINT ( 'NONE', #3926 ) ;
#2752 = ORIENTED_EDGE ( 'NONE', *, *, #3742, .T. ) ;
#2753 = ORIENTED_EDGE ( 'NONE', *, *, #4072, .F. ) ;
#2754 = FACE_OUTER_BOUND ( 'NONE', #570, .T. ) ;
#2755 = EDGE_LOOP ( 'NONE', ( #3229, #2181, #523, #204 ) ) ;
#2756 = FACE_BOUND ( 'NONE', #398, .T. ) ;
#2757 = CARTESIAN_POINT ( 'NONE',  ( 0.4999999999999994449, 0.5500000000000000444, 1.500000000000000222 ) ) ;
#2758 = CARTESIAN_POINT ( 'NONE',  ( 1.249999999999999778, 0.5500000000000000444, 0.000000000000000000 ) ) ;
#2759 = ORIENTED_EDGE ( 'NONE', *, *, #1902, .F. ) ;
#2760 = SURFACE_SIDE_STYLE ('',( #3144 ) ) ;
#2761 = PLANE ( 'NONE',  #3590 ) ;
#2762 = ORIENTED_EDGE ( 'NONE', *, *, #1953, .T. ) ;
#2763 = EDGE_CURVE ( 'NONE', #3449, #2369, #1249, .T. ) ;
#2764 = ADVANCED_FACE ( 'NONE', ( #2468 ), #1137, .T. ) ;
#2765 = ORIENTED_EDGE ( 'NONE', *, *, #4165, .T. ) ;
#2766 = DIRECTION ( 'NONE',  ( 0.000000000000000000, 0.000000000000000000, 1.000000000000000000 ) ) ;
#2767 = LINE ( 'NONE', #4162, #2319 ) ;
#2768 = ORIENTED_EDGE ( 'NONE', *, *, #4066, .F. ) ;
#2769 = CARTESIAN_POINT ( 'NONE',  ( 1.235000000000000986, 0.000000000000000000, 0.7000000000000000666 ) ) ;
#2770 = VERTEX_POINT ( 'NONE', #2894 ) ;
#2771 = DIRECTION ( 'NONE',  ( 1.355252715606879556E-16, 0.000000000000000000, -1.000000000000000000 ) ) ;
#2772 = DIRECTION ( 'NONE',  ( 0.3420201433256800372, 0.000000000000000000, -0.9396926207859043201 ) ) ;
#2773 = EDGE_CURVE ( 'NONE', #4287, #989, #4288, .T. ) ;
#2774 = DIRECTION ( 'NONE',  ( -0.000000000000000000, -1.000000000000000000, 0.000000000000000000 ) ) ;
#2775 = CARTESIAN_POINT ( 'NONE',  ( 1.249999999999999778, 0.000000000000000000, 1.474999999999999423 ) ) ;
#2776 = ORIENTED_EDGE ( 'NONE', *, *, #1822, .T. ) ;
#2777 = CARTESIAN_POINT ( 'NONE',  ( 0.000000000000000000, 0.000000000000000000, 1.600000000000000311 ) ) ;
#2778 = VECTOR ( 'NONE', #4133, 1000.000000000000000 ) ;
#2779 = LINE ( 'NONE', #2083, #2401 ) ;
#2780 = ADVANCED_FACE ( 'NONE', ( #3873 ), #2935, .T. ) ;
#2781 = VECTOR ( 'NONE', #4414, 1000.000000000000000 ) ;
#2782 = LINE ( 'NONE', #144, #3085 ) ;
#2783 = ORIENTED_EDGE ( 'NONE', *, *, #2148, .T. ) ;
#2784 = AXIS2_PLACEMENT_3D ( 'NONE', #748, #2138, #3549 ) ;
#2785 = CARTESIAN_POINT ( 'NONE',  ( 1.124999999999999334, 0.7500000000000000000, -1.324999999999999734 ) ) ;
#2786 = AXIS2_PLACEMENT_3D ( 'NONE', #186, #850, #2300 ) ;
#2787 = VERTEX_POINT ( 'NONE', #734 ) ;
#2788 = LINE ( 'NONE', #318, #3309 ) ;
#2789 = EDGE_CURVE ( 'NONE', #3451, #219, #2127, .T. ) ;
#2790 = PRESENTATION_LAYER_ASSIGNMENT (  '', '', ( #2500 ) ) ;
#2791 = DIRECTION ( 'NONE',  ( -0.000000000000000000, -1.000000000000000000, 0.000000000000000000 ) ) ;
#2792 = EDGE_LOOP ( 'NONE', ( #664, #3022, #3172, #1854 ) ) ;
#2793 = STYLED_ITEM ( 'NONE', ( #1826 ), #2720 ) ;
#2794 = AXIS2_PLACEMENT_3D ( 'NONE', #1796, #1843, #113 ) ;
#2795 = PRODUCT_CONTEXT ( 'NONE', #4507, 'mechanical' ) ;
#2796 = DIRECTION ( 'NONE',  ( -0.9396926207859043201, 0.000000000000000000, 0.3420201433256799817 ) ) ;
#2797 = LINE ( 'NONE', #2447, #3501 ) ;
#2798 = EDGE_LOOP ( 'NONE', ( #3329, #1400, #1552, #2802 ) ) ;
#2799 = AXIS2_PLACEMENT_3D ( 'NONE', #3043, #4514, #2353 ) ;
#2800 = ORIENTED_EDGE ( 'NONE', *, *, #2226, .T. ) ;
#2801 = VECTOR ( 'NONE', #1696, 1000.000000000000000 ) ;
#2802 = ORIENTED_EDGE ( 'NONE', *, *, #4115, .T. ) ;
#2803 = CARTESIAN_POINT ( 'NONE',  ( -1.124999999999999334, 0.000000000000000000, 1.600000000000000311 ) ) ;
#2804 = EDGE_CURVE ( 'NONE', #3681, #623, #4202, .T. ) ;
#2805 = DIRECTION ( 'NONE',  ( -0.000000000000000000, -1.000000000000000000, 0.000000000000000000 ) ) ;
#2806 = DIRECTION ( 'NONE',  ( 0.000000000000000000, -0.000000000000000000, 1.000000000000000000 ) ) ;
#2807 = COLOUR_RGB ( '',1.000000000000000000, 0.8117647058823529438, 0.5019607843137254832 ) ;
#2808 = DIRECTION ( 'NONE',  ( 0.000000000000000000, -1.000000000000000000, 0.000000000000000000 ) ) ;
#2809 = LINE ( 'NONE', #3245, #3072 ) ;
#2810 = FILL_AREA_STYLE_COLOUR ( '', #4334 ) ;
#2811 = CARTESIAN_POINT ( 'NONE',  ( -0.5000000000000004441, 0.000000000000000000, 0.6999999999999996225 ) ) ;
#2812 = ORIENTED_EDGE ( 'NONE', *, *, #1330, .T. ) ;
#2813 = ORIENTED_EDGE ( 'NONE', *, *, #1790, .F. ) ;
#2814 = DIRECTION ( 'NONE',  ( 0.000000000000000000, 0.000000000000000000, -1.000000000000000000 ) ) ;
#2815 = ORIENTED_EDGE ( 'NONE', *, *, #1107, .F. ) ;
#2816 = CARTESIAN_POINT ( 'NONE',  ( -1.000000000000000000, 0.9749999999999998668, -1.449999999999999956 ) ) ;
#2817 = DIRECTION ( 'NONE',  ( 1.000000000000000000, 0.000000000000000000, -0.000000000000000000 ) ) ;
#2818 = ORIENTED_EDGE ( 'NONE', *, *, #4410, .T. ) ;
#2819 = CARTESIAN_POINT ( 'NONE',  ( -1.000000000000000000, 0.7500000000000000000, -1.324999999999999734 ) ) ;
#2820 = LINE ( 'NONE', #322, #3157 ) ;
#2821 = EDGE_LOOP ( 'NONE', ( #861, #3123, #1617, #2112 ) ) ;
#2822 = EDGE_CURVE ( 'NONE', #2365, #2886, #3729, .T. ) ;
#2823 = ORIENTED_EDGE ( 'NONE', *, *, #4444, .F. ) ;
#2824 = EDGE_CURVE ( 'NONE', #1388, #4392, #4374, .T. ) ;
#2825 = VERTEX_POINT ( 'NONE', #2242 ) ;
#2826 = CARTESIAN_POINT ( 'NONE',  ( 0.000000000000000000, 0.000000000000000000, -0.9750000000000001998 ) ) ;
#2827 = DIRECTION ( 'NONE',  ( 0.3420201433256724322, 0.000000000000000000, 0.9396926207859069846 ) ) ;
#2828 = CARTESIAN_POINT ( 'NONE',  ( 2.023844055306276258E-16, 0.5500000000000000444, -0.6999999999999999556 ) ) ;
#2829 = DIRECTION ( 'NONE',  ( -1.355252715606879556E-16, 0.000000000000000000, 1.000000000000000000 ) ) ;
#2830 = VERTEX_POINT ( 'NONE', #874 ) ;
#2831 = CARTESIAN_POINT ( 'NONE',  ( -1.235000000000000098, 0.5500000000000000444, -0.6999999999999998446 ) ) ;
#2832 = CARTESIAN_POINT ( 'NONE',  ( 0.7881455521623259575, 0.7500000000000000000, 0.2868615212563979111 ) ) ;
#2833 = EDGE_LOOP ( 'NONE', ( #2167, #3950, #2987, #201 ) ) ;
#2834 = MANIFOLD_SOLID_BREP ( 'Boss-Extrude4', #3299 ) ;
#2835 = PLANE ( 'NONE',  #3461 ) ;
#2836 = ORIENTED_EDGE ( 'NONE', *, *, #2804, .F. ) ;
#2837 = DIRECTION ( 'NONE',  ( 0.000000000000000000, 0.000000000000000000, -1.000000000000000000 ) ) ;
#2838 = DIRECTION ( 'NONE',  ( 0.000000000000000000, 0.000000000000000000, 1.000000000000000000 ) ) ;
#2839 = VERTEX_POINT ( 'NONE', #1248 ) ;
#2840 = AXIS2_PLACEMENT_3D ( 'NONE', #2660, #566, #630 ) ;
#2841 = ADVANCED_FACE ( 'NONE', ( #3646 ), #1269, .T. ) ;
#2842 = ORIENTED_EDGE ( 'NONE', *, *, #637, .T. ) ;
#2843 =( NAMED_UNIT ( * ) PLANE_ANGLE_UNIT ( ) SI_UNIT ( $, .RADIAN. ) );
#2844 = FACE_OUTER_BOUND ( 'NONE', #539, .T. ) ;
#2845 = PLANE ( 'NONE',  #1260 ) ;
#2846 = EDGE_LOOP ( 'NONE', ( #2990, #1900, #3842, #3559 ) ) ;
#2847 = ORIENTED_EDGE ( 'NONE', *, *, #2570, .T. ) ;
#2848 = PLANE ( 'NONE',  #1170 ) ;
#2849 = PLANE ( 'NONE',  #3012 ) ;
#2850 = PLANE ( 'NONE',  #2932 ) ;
#2851 = EDGE_CURVE ( 'NONE', #392, #4506, #1589, .T. ) ;
#2852 = LINE ( 'NONE', #2508, #3367 ) ;
#2853 = LINE ( 'NONE', #1867, #2276 ) ;
#2854 = LINE ( 'NONE', #457, #1824 ) ;
#2855 = VECTOR ( 'NONE', #1004, 1000.000000000000000 ) ;
#2856 = CARTESIAN_POINT ( 'NONE',  ( 0.000000000000000000, 0.5500000000000000444, -1.500000000000000222 ) ) ;
#2857 = VECTOR ( 'NONE', #3656, 1000.000000000000000 ) ;
#2858 = ORIENTED_EDGE ( 'NONE', *, *, #561, .T. ) ;
#2859 = FACE_OUTER_BOUND ( 'NONE', #3113, .T. ) ;
#2860 = VECTOR ( 'NONE', #3622, 1000.000000000000000 ) ;
#2861 = ADVANCED_FACE ( 'NONE', ( #4333 ), #188, .F. ) ;
#2862 = DIRECTION ( 'NONE',  ( 1.000000000000000000, -0.000000000000000000, 0.000000000000000000 ) ) ;
#2863 = ORIENTED_EDGE ( 'NONE', *, *, #767, .F. ) ;
#2864 = VECTOR ( 'NONE', #4015, 1000.000000000000000 ) ;
#2865 = MECHANICAL_DESIGN_GEOMETRIC_PRESENTATION_REPRESENTATION (  '', ( #1238 ), #88 ) ;
#2866 = ORIENTED_EDGE ( 'NONE', *, *, #882, .T. ) ;
#2867 = PLANE ( 'NONE',  #2210 ) ;
#2868 = VERTEX_POINT ( 'NONE', #1568 ) ;
#2869 = VECTOR ( 'NONE', #701, 1000.000000000000000 ) ;
#2870 = EDGE_CURVE ( 'NONE', #1586, #4429, #2994, .T. ) ;
#2871 = FACE_OUTER_BOUND ( 'NONE', #4393, .T. ) ;
#2872 = DIRECTION ( 'NONE',  ( -0.000000000000000000, 1.000000000000000000, 0.000000000000000000 ) ) ;
#2873 = VECTOR ( 'NONE', #3639, 1000.000000000000000 ) ;
#2874 = EDGE_LOOP ( 'NONE', ( #487, #901, #1155, #4117 ) ) ;
#2875 = CARTESIAN_POINT ( 'NONE',  ( 2.023844055306276258E-16, 0.5500000000000000444, -0.6999999999999999556 ) ) ;
#2876 = CARTESIAN_POINT ( 'NONE',  ( -1.125000000000000222, 6.070490430446589869, 1.324999999999999734 ) ) ;
#2877 = VECTOR ( 'NONE', #146, 1000.000000000000000 ) ;
#2878 = CARTESIAN_POINT ( 'NONE',  ( -1.125000000000000222, 1.199999999999999734, 1.324999999999999734 ) ) ;
#2879 = FACE_OUTER_BOUND ( 'NONE', #4142, .T. ) ;
#2880 = UNCERTAINTY_MEASURE_WITH_UNIT (LENGTH_MEASURE( 1.000000000000000082E-05 ), #2187, 'distance_accuracy_value', 'NONE');
#2881 = VECTOR ( 'NONE', #2520, 1000.000000000000000 ) ;
#2882 = EDGE_CURVE ( 'NONE', #2207, #4193, #1551, .T. ) ;
#2883 = CARTESIAN_POINT ( 'NONE',  ( 1.249999999999999778, 0.5500000000000000444, 0.9749999999999995337 ) ) ;
#2884 = LINE ( 'NONE', #4282, #1232 ) ;
#2885 = VECTOR ( 'NONE', #1186, 1000.000000000000000 ) ;
#2886 = VERTEX_POINT ( 'NONE', #4397 ) ;
#2887 = EDGE_CURVE ( 'NONE', #3597, #2381, #2674, .T. ) ;
#2888 = CARTESIAN_POINT ( 'NONE',  ( 1.235000000000000986, 0.5500000000000000444, 1.500000000000000666 ) ) ;
#2889 = ORIENTED_EDGE ( 'NONE', *, *, #3529, .F. ) ;
#2890 = CARTESIAN_POINT ( 'NONE',  ( -0.7000000000000016209, 0.5500000000000000444, -0.6999999999999986233 ) ) ;
#2891 = ORIENTED_EDGE ( 'NONE', *, *, #1473, .T. ) ;
#2892 = EDGE_CURVE ( 'NONE', #244, #108, #2262, .T. ) ;
#2893 = ORIENTED_EDGE ( 'NONE', *, *, #784, .F. ) ;
#2894 = CARTESIAN_POINT ( 'NONE',  ( 1.174999999999999378, 0.7500000000000000000, 1.324999999999999734 ) ) ;
#2895 = CARTESIAN_POINT ( 'NONE',  ( 1.235000000000000986, 0.5500000000000000444, 0.000000000000000000 ) ) ;
#2896 = LINE ( 'NONE', #858, #3673 ) ;
#2897 = CARTESIAN_POINT ( 'NONE',  ( 1.249999999999999778, 0.5500000000000000444, -0.9750000000000001998 ) ) ;
#2898 = FACE_OUTER_BOUND ( 'NONE', #3210, .T. ) ;
#2899 = VERTEX_POINT ( 'NONE', #911 ) ;
#2900 = PLANE ( 'NONE',  #1161 ) ;
#2901 = CARTESIAN_POINT ( 'NONE',  ( -0.5000000000000005551, 0.5500000000000000444, 1.500000000000000222 ) ) ;
#2902 = ORIENTED_EDGE ( 'NONE', *, *, #2968, .T. ) ;
#2903 = LINE ( 'NONE', #481, #895 ) ;
#2904 = LINE ( 'NONE', #1451, #4033 ) ;
#2905 = DIRECTION ( 'NONE',  ( 1.000000000000000000, 0.000000000000000000, -0.000000000000000000 ) ) ;
#2906 = ORIENTED_EDGE ( 'NONE', *, *, #754, .T. ) ;
#2907 = DIRECTION ( 'NONE',  ( -0.000000000000000000, -0.000000000000000000, 1.000000000000000000 ) ) ;
#2908 = ORIENTED_EDGE ( 'NONE', *, *, #2909, .F. ) ;
#2909 = EDGE_CURVE ( 'NONE', #4193, #1597, #2284, .T. ) ;
#2910 = ADVANCED_FACE ( 'NONE', ( #3708 ), #1918, .T. ) ;
#2911 = DIRECTION ( 'NONE',  ( -0.000000000000000000, -1.000000000000000000, 0.000000000000000000 ) ) ;
#2912 = ORIENTED_EDGE ( 'NONE', *, *, #2478, .T. ) ;
#2913 = DIRECTION ( 'NONE',  ( -0.000000000000000000, -1.000000000000000000, -0.000000000000000000 ) ) ;
#2914 = VECTOR ( 'NONE', #4461, 1000.000000000000000 ) ;
#2915 = CARTESIAN_POINT ( 'NONE',  ( -0.000000000000000000, 0.000000000000000000, 0.9749999999999997558 ) ) ;
#2916 = ORIENTED_EDGE ( 'NONE', *, *, #868, .T. ) ;
#2917 = CARTESIAN_POINT ( 'NONE',  ( 1.235000000000000098, 0.5500000000000000444, 0.000000000000000000 ) ) ;
#2918 = LINE ( 'NONE', #3002, #4267 ) ;
#2919 = ORIENTED_EDGE ( 'NONE', *, *, #4350, .T. ) ;
#2920 = ORIENTED_EDGE ( 'NONE', *, *, #3786, .F. ) ;
#2921 = DIRECTION ( 'NONE',  ( -0.3420201433256799817, 0.000000000000000000, 0.9396926207859043201 ) ) ;
#2922 = ADVANCED_FACE ( 'NONE', ( #2521 ), #2103, .F. ) ;
#2923 = UNCERTAINTY_MEASURE_WITH_UNIT (LENGTH_MEASURE( 1.000000000000000082E-05 ), #1009, 'distance_accuracy_value', 'NONE');
#2924 = CARTESIAN_POINT ( 'NONE',  ( -0.000000000000000000, 0.5500000000000000444, -1.224999999999999867 ) ) ;
#2925 = ORIENTED_EDGE ( 'NONE', *, *, #4527, .T. ) ;
#2926 = PLANE ( 'NONE',  #1764 ) ;
#2927 = CARTESIAN_POINT ( 'NONE',  ( 1.235000000000000986, 0.5500000000000000444, 0.7000000000000000666 ) ) ;
#2928 = EDGE_CURVE ( 'NONE', #4373, #1640, #4271, .T. ) ;
#2929 = ORIENTED_EDGE ( 'NONE', *, *, #3408, .T. ) ;
#2930 = CARTESIAN_POINT ( 'NONE',  ( 0.000000000000000000, 0.7500000000000000000, -1.599999999999999867 ) ) ;
#2931 = VERTEX_POINT ( 'NONE', #2049 ) ;
#2932 = AXIS2_PLACEMENT_3D ( 'NONE', #1837, #2529, #407 ) ;
#2933 = CLOSED_SHELL ( 'NONE', ( #488, #4003, #4225, #1966, #309, #2522, #3324, #1303, #3980, #2351, #4338 ) ) ;
#2934 = VECTOR ( 'NONE', #982, 1000.000000000000000 ) ;
#2935 = PLANE ( 'NONE',  #3250 ) ;
#2936 = EDGE_CURVE ( 'NONE', #4471, #3597, #2044, .T. ) ;
#2937 = ORIENTED_EDGE ( 'NONE', *, *, #4013, .F. ) ;
#2938 = LINE ( 'NONE', #1506, #2885 ) ;
#2939 = VECTOR ( 'NONE', #4378, 1000.000000000000000 ) ;
#2940 = EDGE_LOOP ( 'NONE', ( #1483, #3013, #1709, #4108 ) ) ;
#2941 = AXIS2_PLACEMENT_3D ( 'NONE', #1276, #232, #300 ) ;
#2942 = ORIENTED_EDGE ( 'NONE', *, *, #1767, .T. ) ;
#2943 = VECTOR ( 'NONE', #170, 1000.000000000000000 ) ;
#2944 = DIRECTION ( 'NONE',  ( 0.000000000000000000, 0.000000000000000000, -1.000000000000000000 ) ) ;
#2945 = LINE ( 'NONE', #534, #9 ) ;
#2946 = CARTESIAN_POINT ( 'NONE',  ( -0.5000000000000005551, 0.5500000000000000444, 1.500000000000000222 ) ) ;
#2947 = ORIENTED_EDGE ( 'NONE', *, *, #1760, .F. ) ;
#2948 = EDGE_CURVE ( 'NONE', #413, #2365, #1099, .T. ) ;
#2949 = AXIS2_PLACEMENT_3D ( 'NONE', #672, #1349, #4149 ) ;
#2950 = LINE ( 'NONE', #3007, #2857 ) ;
#2951 = CARTESIAN_POINT ( 'NONE',  ( 0.006574447241207942265, 0.000000000000000000, -0.002392903102553331756 ) ) ;
#2952 = CARTESIAN_POINT ( 'NONE',  ( -1.000000000000000000, 0.7500000000000000000, 1.499999999999998890 ) ) ;
#2953 = LINE ( 'NONE', #4366, #4251 ) ;
#2954 = AXIS2_PLACEMENT_3D ( 'NONE', #1707, #635, #253 ) ;
#2955 = ORIENTED_EDGE ( 'NONE', *, *, #2718, .F. ) ;
#2956 = CARTESIAN_POINT ( 'NONE',  ( 0.000000000000000000, 0.5500000000000000444, 0.9749999999999995337 ) ) ;
#2957 = EDGE_CURVE ( 'NONE', #2424, #3355, #2820, .T. ) ;
#2958 = ORIENTED_EDGE ( 'NONE', *, *, #117, .T. ) ;
#2959 = AXIS2_PLACEMENT_3D ( 'NONE', #3574, #387, #2462 ) ;
#2960 = DIRECTION ( 'NONE',  ( 0.000000000000000000, 0.000000000000000000, -1.000000000000000000 ) ) ;
#2961 = ORIENTED_EDGE ( 'NONE', *, *, #2870, .T. ) ;
#2962 = EDGE_LOOP ( 'NONE', ( #1582, #3276 ) ) ;
#2963 = DIRECTION ( 'NONE',  ( 0.000000000000000000, 0.000000000000000000, 1.000000000000000000 ) ) ;
#2964 = DIRECTION ( 'NONE',  ( -1.000000000000000000, 0.000000000000000000, -0.000000000000000000 ) ) ;
#2965 = CARTESIAN_POINT ( 'NONE',  ( 1.249999999999999778, 0.7500000000000000000, 0.000000000000000000 ) ) ;
#2966 = ORIENTED_EDGE ( 'NONE', *, *, #140, .T. ) ;
#2967 = ORIENTED_EDGE ( 'NONE', *, *, #3133, .F. ) ;
#2968 = EDGE_CURVE ( 'NONE', #3451, #3217, #345, .T. ) ;
#2969 = ADVANCED_FACE ( 'NONE', ( #1708 ), #2845, .T. ) ;
#2970 = LINE ( 'NONE', #4345, #160 ) ;
#2971 = ORIENTED_EDGE ( 'NONE', *, *, #55, .T. ) ;
#2972 = CARTESIAN_POINT ( 'NONE',  ( -0.7000000000000001776, 0.5500000000000000444, -0.6999999999999998446 ) ) ;
#2973 = FACE_OUTER_BOUND ( 'NONE', #2272, .T. ) ;
#2974 = ORIENTED_EDGE ( 'NONE', *, *, #971, .T. ) ;
#2975 = DIRECTION ( 'NONE',  ( 0.000000000000000000, -0.000000000000000000, -1.000000000000000000 ) ) ;
#2976 = ORIENTED_EDGE ( 'NONE', *, *, #4113, .T. ) ;
#2977 = EDGE_CURVE ( 'NONE', #1679, #2024, #3877, .T. ) ;
#2978 = PRESENTATION_STYLE_ASSIGNMENT (( #224 ) ) ;
#2979 = VERTEX_POINT ( 'NONE', #423 ) ;
#2980 = EDGE_CURVE ( 'NONE', #2203, #1185, #1758, .T. ) ;
#2981 = DIRECTION ( 'NONE',  ( 0.000000000000000000, -1.000000000000000000, 0.000000000000000000 ) ) ;
#2982 = DIRECTION ( 'NONE',  ( -1.355252715606879556E-16, 0.000000000000000000, 1.000000000000000000 ) ) ;
#2983 = DIRECTION ( 'NONE',  ( 0.7071067811865460184, 0.000000000000000000, -0.7071067811865490160 ) ) ;
#2984 = ORIENTED_EDGE ( 'NONE', *, *, #1005, .T. ) ;
#2985 = AXIS2_PLACEMENT_3D ( 'NONE', #4511, #1017, #3457 ) ;
#2986 = FACE_OUTER_BOUND ( 'NONE', #388, .T. ) ;
#2987 = ORIENTED_EDGE ( 'NONE', *, *, #2394, .T. ) ;
#2988 = ADVANCED_FACE ( 'NONE', ( #3512 ), #4171, .F. ) ;
#2989 = DIRECTION ( 'NONE',  ( 0.000000000000000000, -1.000000000000000000, 0.000000000000000000 ) ) ;
#2990 = ORIENTED_EDGE ( 'NONE', *, *, #4496, .T. ) ;
#2991 = FACE_OUTER_BOUND ( 'NONE', #888, .T. ) ;
#2992 = ORIENTED_EDGE ( 'NONE', *, *, #2611, .F. ) ;
#2993 = EDGE_LOOP ( 'NONE', ( #2056, #1588, #1781, #569 ) ) ;
#2994 = LINE ( 'NONE', #2609, #2221 ) ;
#2995 = ADVANCED_FACE ( 'NONE', ( #4515 ), #1369, .F. ) ;
#2996 = CIRCLE ( 'NONE', #1012, 0.1249999999999998890 ) ;
#2997 = CARTESIAN_POINT ( 'NONE',  ( -1.235000000000000542, 0.5500000000000000444, 0.6999999999999992895 ) ) ;
#2998 = CONICAL_SURFACE ( 'NONE', #3522, 0.1250000000000001110, 0.2186689458739380920 ) ;
#2999 = EDGE_CURVE ( 'NONE', #190, #3690, #401, .T. ) ;
#3000 = VECTOR ( 'NONE', #959, 1000.000000000000000 ) ;
#3001 = FACE_OUTER_BOUND ( 'NONE', #3845, .T. ) ;
#3002 = CARTESIAN_POINT ( 'NONE',  ( 0.000000000000000000, 0.7500000000000000000, 1.600000000000000311 ) ) ;
#3003 = CARTESIAN_POINT ( 'NONE',  ( 1.125000000000000444, 0.9749999999999998668, 1.324999999999999734 ) ) ;
#3004 = ORIENTED_EDGE ( 'NONE', *, *, #1016, .T. ) ;
#3005 = VECTOR ( 'NONE', #916, 1000.000000000000000 ) ;
#3006 =( GEOMETRIC_REPRESENTATION_CONTEXT ( 3 ) GLOBAL_UNCERTAINTY_ASSIGNED_CONTEXT ( ( #3018 ) ) GLOBAL_UNIT_ASSIGNED_CONTEXT ( ( #658, #1022, #3825 ) ) REPRESENTATION_CONTEXT ( 'NONE', 'WORKASPACE' ) );
#3007 = CARTESIAN_POINT ( 'NONE',  ( 0.4999999999999994449, 0.5500000000000000444, 1.500000000000000222 ) ) ;
#3008 = EDGE_LOOP ( 'NONE', ( #1056, #4052, #3242, #3482 ) ) ;
#3009 = CARTESIAN_POINT ( 'NONE',  ( -0.8250000000000001776, 1.199999999999999956, -1.300000000000000044 ) ) ;
#3010 = DIRECTION ( 'NONE',  ( 1.000000000000000000, 0.000000000000000000, 0.000000000000000000 ) ) ;
#3011 = EDGE_CURVE ( 'NONE', #3524, #4503, #1054, .T. ) ;
#3012 = AXIS2_PLACEMENT_3D ( 'NONE', #719, #3856, #36 ) ;
#3013 = ORIENTED_EDGE ( 'NONE', *, *, #626, .F. ) ;
#3014 = CARTESIAN_POINT ( 'NONE',  ( 1.235000000000000098, 0.7500000000000000000, -1.224999999999999867 ) ) ;
#3015 = ORIENTED_EDGE ( 'NONE', *, *, #677, .T. ) ;
#3016 = CARTESIAN_POINT ( 'NONE',  ( 0.000000000000000000, 0.7500000000000000000, -1.524999999999999911 ) ) ;
#3017 = EDGE_CURVE ( 'NONE', #1609, #3661, #1398, .T. ) ;
#3018 = UNCERTAINTY_MEASURE_WITH_UNIT (LENGTH_MEASURE( 1.000000000000000082E-05 ), #658, 'distance_accuracy_value', 'NONE');
#3019 = VECTOR ( 'NONE', #2391, 1000.000000000000000 ) ;
#3020 = DIRECTION ( 'NONE',  ( 0.000000000000000000, 0.000000000000000000, -1.000000000000000000 ) ) ;
#3021 = FACE_OUTER_BOUND ( 'NONE', #803, .T. ) ;
#3022 = ORIENTED_EDGE ( 'NONE', *, *, #338, .F. ) ;
#3023 = DIRECTION ( 'NONE',  ( 0.000000000000000000, 1.000000000000000000, -0.000000000000000000 ) ) ;
#3024 = PLANE ( 'NONE',  #1539 ) ;
#3025 = ORIENTED_EDGE ( 'NONE', *, *, #4527, .F. ) ;
#3026 = ORIENTED_EDGE ( 'NONE', *, *, #1883, .F. ) ;
#3027 = DIRECTION ( 'NONE',  ( -0.000000000000000000, -1.000000000000000000, -0.000000000000000000 ) ) ;
#3028 = ORIENTED_EDGE ( 'NONE', *, *, #2624, .F. ) ;
#3029 = PLANE ( 'NONE',  #2949 ) ;
#3030 = CARTESIAN_POINT ( 'NONE',  ( 1.249999999999999778, 0.7500000000000000000, 0.000000000000000000 ) ) ;
#3031 = CARTESIAN_POINT ( 'NONE',  ( -1.250000000000000222, 0.7500000000000000000, 0.000000000000000000 ) ) ;
#3032 = EDGE_CURVE ( 'NONE', #185, #1334, #2797, .T. ) ;
#3033 = DIRECTION ( 'NONE',  ( 0.000000000000000000, 0.000000000000000000, -1.000000000000000000 ) ) ;
#3034 = DIRECTION ( 'NONE',  ( -1.000000000000000000, 0.000000000000000000, 0.000000000000000000 ) ) ;
#3035 = LINE ( 'NONE', #4009, #4265 ) ;
#3036 = FACE_OUTER_BOUND ( 'NONE', #133, .T. ) ;
#3037 = ORIENTED_EDGE ( 'NONE', *, *, #2892, .F. ) ;
#3038 = VERTEX_POINT ( 'NONE', #1804 ) ;
#3039 = LINE ( 'NONE', #4423, #661 ) ;
#3040 = ADVANCED_FACE ( 'NONE', ( #713 ), #74, .F. ) ;
#3041 = PLANE ( 'NONE',  #3578 ) ;
#3042 = ORIENTED_EDGE ( 'NONE', *, *, #561, .F. ) ;
#3043 = CARTESIAN_POINT ( 'NONE',  ( 0.000000000000000000, 0.5500000000000000444, -1.224999999999999867 ) ) ;
#3044 = ORIENTED_EDGE ( 'NONE', *, *, #3956, .F. ) ;
#3045 = CARTESIAN_POINT ( 'NONE',  ( 2.023844055306276258E-16, 0.000000000000000000, -0.6999999999999999556 ) ) ;
#3046 = EDGE_LOOP ( 'NONE', ( #3479, #2092, #2517, #233 ) ) ;
#3047 = FACE_OUTER_BOUND ( 'NONE', #1645, .T. ) ;
#3048 = ORIENTED_EDGE ( 'NONE', *, *, #4058, .T. ) ;
#3049 = EDGE_CURVE ( 'NONE', #3661, #2448, #531, .T. ) ;
#3050 = DIRECTION ( 'NONE',  ( 0.000000000000000000, -0.000000000000000000, -1.000000000000000000 ) ) ;
#3051 = DIRECTION ( 'NONE',  ( 0.000000000000000000, -1.000000000000000000, 0.000000000000000000 ) ) ;
#3052 = CARTESIAN_POINT ( 'NONE',  ( -0.5000000000000004441, 0.5500000000000000444, 0.6999999999999996225 ) ) ;
#3053 = VECTOR ( 'NONE', #31, 1000.000000000000000 ) ;
#3054 = CARTESIAN_POINT ( 'NONE',  ( -0.006574447241207126945, 0.000000000000000000, -0.002392903102553035552 ) ) ;
#3055 = EDGE_LOOP ( 'NONE', ( #4370, #3749, #2031, #2842 ) ) ;
#3056 = DIRECTION ( 'NONE',  ( -0.000000000000000000, -1.000000000000000000, 0.000000000000000000 ) ) ;
#3057 = LINE ( 'NONE', #1336, #218 ) ;
#3058 = VERTEX_POINT ( 'NONE', #4336 ) ;
#3059 = ORIENTED_EDGE ( 'NONE', *, *, #2220, .T. ) ;
#3060 = CARTESIAN_POINT ( 'NONE',  ( 0.006574447241209677856, 0.000000000000000000, 0.002392903102553954088 ) ) ;
#3061 = EDGE_CURVE ( 'NONE', #2412, #3295, #3204, .T. ) ;
#3062 = CARTESIAN_POINT ( 'NONE',  ( 1.249999999999999778, 0.7500000000000000000, 0.000000000000000000 ) ) ;
#3063 = VECTOR ( 'NONE', #1716, 1000.000000000000000 ) ;
#3064 = EDGE_CURVE ( 'NONE', #2012, #2207, #1830, .T. ) ;
#3065 = CARTESIAN_POINT ( 'NONE',  ( -8.673617379884037444E-16, 0.5500000000000000444, 1.500000000000000444 ) ) ;
#3066 = CIRCLE ( 'NONE', #1386, 0.1499999999999999667 ) ;
#3067 = CARTESIAN_POINT ( 'NONE',  ( 0.000000000000000000, 0.5500000000000000444, -1.224999999999999867 ) ) ;
#3068 = ORIENTED_EDGE ( 'NONE', *, *, #1953, .F. ) ;
#3069 = DIRECTION ( 'NONE',  ( -0.000000000000000000, 0.000000000000000000, 1.000000000000000000 ) ) ;
#3070 = FACE_OUTER_BOUND ( 'NONE', #1569, .T. ) ;
#3071 = CYLINDRICAL_SURFACE ( 'NONE', #2484, 0.1499999999999999667 ) ;
#3072 = VECTOR ( 'NONE', #2185, 1000.000000000000000 ) ;
#3073 = ADVANCED_FACE ( 'NONE', ( #3948 ), #168, .T. ) ;
#3074 = CARTESIAN_POINT ( 'NONE',  ( -1.174999999999999156, 0.7500000000000000000, 1.324999999999999734 ) ) ;
#3075 = AXIS2_PLACEMENT_3D ( 'NONE', #1974, #1199, #2317 ) ;
#3076 = ORIENTED_EDGE ( 'NONE', *, *, #2670, .F. ) ;
#3077 = DIRECTION ( 'NONE',  ( -0.000000000000000000, 0.000000000000000000, 1.000000000000000000 ) ) ;
#3078 = VECTOR ( 'NONE', #2139, 1000.000000000000000 ) ;
#3079 = ORIENTED_EDGE ( 'NONE', *, *, #1206, .T. ) ;
#3080 = AXIS2_PLACEMENT_3D ( 'NONE', #2081, #7, #1165 ) ;
#3081 = CARTESIAN_POINT ( 'NONE',  ( -1.124999999999999334, 0.7500000000000000000, 1.324999999999999734 ) ) ;
#3082 = DIRECTION ( 'NONE',  ( 1.000000000000000000, 0.000000000000000000, -0.000000000000000000 ) ) ;
#3083 = ORIENTED_EDGE ( 'NONE', *, *, #3627, .F. ) ;
#3084 = VECTOR ( 'NONE', #2913, 1000.000000000000000 ) ;
#3085 = VECTOR ( 'NONE', #490, 1000.000000000000000 ) ;
#3086 = LINE ( 'NONE', #4102, #535 ) ;
#3087 = CARTESIAN_POINT ( 'NONE',  ( 1.000000000000000000, 0.9749999999999998668, 1.324999999999999734 ) ) ;
#3088 = ORIENTED_EDGE ( 'NONE', *, *, #4444, .T. ) ;
#3089 = DIRECTION ( 'NONE',  ( 5.782411586589355667E-16, 0.000000000000000000, -1.000000000000000000 ) ) ;
#3090 = PLANE ( 'NONE',  #451 ) ;
#3091 = CARTESIAN_POINT ( 'NONE',  ( 1.125000000000000444, 6.070490430446589869, -1.324999999999999734 ) ) ;
#3092 = LINE ( 'NONE', #2060, #370 ) ;
#3093 = EDGE_CURVE ( 'NONE', #3660, #326, #3606, .T. ) ;
#3094 = DIRECTION ( 'NONE',  ( -0.000000000000000000, -1.000000000000000000, -0.000000000000000000 ) ) ;
#3095 = EDGE_CURVE ( 'NONE', #2622, #2176, #3671, .T. ) ;
#3096 = LINE ( 'NONE', #942, #4344 ) ;
#3097 = EDGE_LOOP ( 'NONE', ( #506, #3371, #211, #4311 ) ) ;
#3098 = DIRECTION ( 'NONE',  ( 1.000000000000000000, 0.000000000000000000, 5.782411586589357639E-16 ) ) ;
#3099 = FACE_OUTER_BOUND ( 'NONE', #3226, .T. ) ;
#3100 = ORIENTED_EDGE ( 'NONE', *, *, #3935, .T. ) ;
#3101 = EDGE_LOOP ( 'NONE', ( #2667, #1068, #2466, #2467 ) ) ;
#3102 = LINE ( 'NONE', #687, #3005 ) ;
#3103 = EDGE_CURVE ( 'NONE', #4280, #2292, #124, .T. ) ;
#3104 = CARTESIAN_POINT ( 'NONE',  ( 1.235000000000000098, 0.000000000000000000, -1.500000000000000222 ) ) ;
#3105 = ORIENTED_EDGE ( 'NONE', *, *, #2968, .F. ) ;
#3106 = ORIENTED_EDGE ( 'NONE', *, *, #2763, .F. ) ;
#3107 = EDGE_CURVE ( 'NONE', #3747, #2369, #1160, .T. ) ;
#3108 = CARTESIAN_POINT ( 'NONE',  ( -1.174999999999999156, 0.7500000000000000000, 1.324999999999999734 ) ) ;
#3109 = DIRECTION ( 'NONE',  ( 0.000000000000000000, -0.000000000000000000, 1.000000000000000000 ) ) ;
#3110 = ORIENTED_EDGE ( 'NONE', *, *, #2635, .F. ) ;
#3111 = CARTESIAN_POINT ( 'NONE',  ( 0.3375000000000006883, 0.7500000000000000000, 1.524999999999999911 ) ) ;
#3112 = LINE ( 'NONE', #3566, #2565 ) ;
#3113 = EDGE_LOOP ( 'NONE', ( #1325, #3537, #2483, #2858 ) ) ;
#3114 = DIRECTION ( 'NONE',  ( 1.000000000000000000, -0.000000000000000000, 0.000000000000000000 ) ) ;
#3115 = DIRECTION ( 'NONE',  ( -1.000000000000000000, 0.000000000000000000, 0.000000000000000000 ) ) ;
#3116 = DIRECTION ( 'NONE',  ( 0.000000000000000000, -1.000000000000000000, 0.000000000000000000 ) ) ;
#3117 = CARTESIAN_POINT ( 'NONE',  ( 1.000000000000000000, 0.7500000000000000000, -1.324999999999999734 ) ) ;
#3118 = ADVANCED_FACE ( 'NONE', ( #1875 ), #3281, .T. ) ;
#3119 = ORIENTED_EDGE ( 'NONE', *, *, #1706, .T. ) ;
#3120 =( NAMED_UNIT ( * ) PLANE_ANGLE_UNIT ( ) SI_UNIT ( $, .RADIAN. ) );
#3121 = DIRECTION ( 'NONE',  ( 0.000000000000000000, -0.2169304578186523891, -0.9761870601839536254 ) ) ;
#3122 = ORIENTED_EDGE ( 'NONE', *, *, #4291, .F. ) ;
#3123 = ORIENTED_EDGE ( 'NONE', *, *, #1272, .F. ) ;
#3124 = DIRECTION ( 'NONE',  ( 0.000000000000000000, 0.000000000000000000, 1.000000000000000000 ) ) ;
#3125 = CARTESIAN_POINT ( 'NONE',  ( 1.125000000000000000, 0.7500000000000000000, -1.474999999999999867 ) ) ;
#3126 = EDGE_LOOP ( 'NONE', ( #2823, #2282, #1341, #24 ) ) ;
#3127 = EDGE_CURVE ( 'NONE', #187, #669, #2723, .T. ) ;
#3128 = DIRECTION ( 'NONE',  ( -0.3420201433256715995, 0.000000000000000000, 0.9396926207859073177 ) ) ;
#3129 = ORIENTED_EDGE ( 'NONE', *, *, #3692, .F. ) ;
#3130 = DIRECTION ( 'NONE',  ( -0.3420201433256723766, 0.000000000000000000, -0.9396926207859069846 ) ) ;
#3131 = DIRECTION ( 'NONE',  ( -1.355252715606879556E-16, 0.000000000000000000, 1.000000000000000000 ) ) ;
#3132 = ORIENTED_EDGE ( 'NONE', *, *, #626, .T. ) ;
#3133 = EDGE_CURVE ( 'NONE', #592, #4506, #292, .T. ) ;
#3134 = DIRECTION ( 'NONE',  ( -1.000000000000000000, -3.854941057726241055E-15, 0.000000000000000000 ) ) ;
#3135 = LINE ( 'NONE', #788, #4174 ) ;
#3136 = ORIENTED_EDGE ( 'NONE', *, *, #3478, .T. ) ;
#3137 = CARTESIAN_POINT ( 'NONE',  ( 0.000000000000000000, 0.5500000000000000444, 0.7000000000000000666 ) ) ;
#3138 = VECTOR ( 'NONE', #2862, 1000.000000000000000 ) ;
#3139 = CARTESIAN_POINT ( 'NONE',  ( -0.5000000000000005551, 0.000000000000000000, 1.500000000000000222 ) ) ;
#3140 = VECTOR ( 'NONE', #2360, 1000.000000000000000 ) ;
#3141 = DIRECTION ( 'NONE',  ( -1.000000000000000000, 0.000000000000000000, -0.000000000000000000 ) ) ;
#3142 = LINE ( 'NONE', #59, #522 ) ;
#3143 = VECTOR ( 'NONE', #4228, 1000.000000000000000 ) ;
#3144 = SURFACE_STYLE_FILL_AREA ( #4481 ) ;
#3145 = DIRECTION ( 'NONE',  ( -0.000000000000000000, -1.000000000000000000, 0.000000000000000000 ) ) ;
#3146 = EDGE_LOOP ( 'NONE', ( #723, #1223, #1702, #1574 ) ) ;
#3147 = CIRCLE ( 'NONE', #2568, 0.1249999999999998890 ) ;
#3148 = VECTOR ( 'NONE', #1091, 1000.000000000000000 ) ;
#3149 = CARTESIAN_POINT ( 'NONE',  ( 1.000000000000000000, 0.7500000000000000000, 1.449999999999999067 ) ) ;
#3150 = ORIENTED_EDGE ( 'NONE', *, *, #3368, .T. ) ;
#3151 = LINE ( 'NONE', #2744, #1542 ) ;
#3152 =( GEOMETRIC_REPRESENTATION_CONTEXT ( 3 ) GLOBAL_UNCERTAINTY_ASSIGNED_CONTEXT ( ( #2923 ) ) GLOBAL_UNIT_ASSIGNED_CONTEXT ( ( #1009, #3120, #605 ) ) REPRESENTATION_CONTEXT ( 'NONE', 'WORKASPACE' ) );
#3153 = CARTESIAN_POINT ( 'NONE',  ( 0.4999999999999998890, 0.5500000000000000444, -1.500000000000000222 ) ) ;
#3154 = ORIENTED_EDGE ( 'NONE', *, *, #115, .F. ) ;
#3155 = EDGE_CURVE ( 'NONE', #2608, #2150, #586, .T. ) ;
#3156 = EDGE_CURVE ( 'NONE', #3255, #3967, #4077, .T. ) ;
#3157 = VECTOR ( 'NONE', #2423, 1000.000000000000000 ) ;
#3158 = VECTOR ( 'NONE', #2312, 1000.000000000000000 ) ;
#3159 = ORIENTED_EDGE ( 'NONE', *, *, #10, .T. ) ;
#3160 = CARTESIAN_POINT ( 'NONE',  ( -8.673617379884037444E-16, 0.5500000000000000444, 1.500000000000000000 ) ) ;
#3161 = EDGE_LOOP ( 'NONE', ( #2800, #728, #3330, #3669, #3353, #285 ) ) ;
#3162 = DIRECTION ( 'NONE',  ( -1.000000000000000000, 0.000000000000000000, -0.000000000000000000 ) ) ;
#3163 = DIRECTION ( 'NONE',  ( 0.000000000000000000, 1.000000000000000000, 3.854941057726241055E-15 ) ) ;
#3164 = ORIENTED_EDGE ( 'NONE', *, *, #196, .F. ) ;
#3165 = VECTOR ( 'NONE', #765, 1000.000000000000000 ) ;
#3166 = ORIENTED_EDGE ( 'NONE', *, *, #4031, .F. ) ;
#3167 = AXIS2_PLACEMENT_3D ( 'NONE', #489, #3970, #3605 ) ;
#3168 = DIRECTION ( 'NONE',  ( 0.000000000000000000, -0.000000000000000000, -1.000000000000000000 ) ) ;
#3169 = PLANE ( 'NONE',  #3902 ) ;
#3170 = DIRECTION ( 'NONE',  ( 1.000000000000000000, 0.000000000000000000, 0.000000000000000000 ) ) ;
#3171 = CARTESIAN_POINT ( 'NONE',  ( 1.000000000000000000, 0.7500000000000000000, -1.449999999999999956 ) ) ;
#3172 = ORIENTED_EDGE ( 'NONE', *, *, #2824, .F. ) ;
#3173 = DIRECTION ( 'NONE',  ( 0.000000000000000000, 0.000000000000000000, -1.000000000000000000 ) ) ;
#3174 = PLANE ( 'NONE',  #4172 ) ;
#3175 = ORIENTED_EDGE ( 'NONE', *, *, #1033, .F. ) ;
#3176 = ADVANCED_FACE ( 'NONE', ( #4098 ), #3041, .T. ) ;
#3177 = PLANE ( 'NONE',  #4050 ) ;
#3178 = ORIENTED_EDGE ( 'NONE', *, *, #93, .T. ) ;
#3179 = CARTESIAN_POINT ( 'NONE',  ( -0.000000000000000000, 0.000000000000000000, -0.9750000000000001998 ) ) ;
#3180 = PLANE ( 'NONE',  #1667 ) ;
#3181 = VERTEX_POINT ( 'NONE', #2347 ) ;
#3182 = ORIENTED_EDGE ( 'NONE', *, *, #1745, .T. ) ;
#3183 = CARTESIAN_POINT ( 'NONE',  ( -1.000000000000000000, 1.199999999999999734, 1.449999999999999956 ) ) ;
#3184 = ADVANCED_FACE ( 'NONE', ( #2303 ), #3754, .T. ) ;
#3185 = ORIENTED_EDGE ( 'NONE', *, *, #1850, .T. ) ;
#3186 = LINE ( 'NONE', #51, #20 ) ;
#3187 = DIRECTION ( 'NONE',  ( 0.2169304578186523891, -0.9761870601839536254, 0.000000000000000000 ) ) ;
#3188 = ORIENTED_EDGE ( 'NONE', *, *, #115, .T. ) ;
#3189 = ORIENTED_EDGE ( 'NONE', *, *, #3483, .F. ) ;
#3190 = FACE_OUTER_BOUND ( 'NONE', #3101, .T. ) ;
#3191 = FACE_OUTER_BOUND ( 'NONE', #454, .T. ) ;
#3192 = CARTESIAN_POINT ( 'NONE',  ( 0.5000000000000000000, 0.5500000000000000444, 0.7000000000000000666 ) ) ;
#3193 = ADVANCED_FACE ( 'NONE', ( #931 ), #4442, .F. ) ;
#3194 = LINE ( 'NONE', #700, #1823 ) ;
#3195 = ORIENTED_EDGE ( 'NONE', *, *, #767, .T. ) ;
#3196 = CARTESIAN_POINT ( 'NONE',  ( -0.8250000000000001776, 1.149999999999999911, -1.300000000000000044 ) ) ;
#3197 = CARTESIAN_POINT ( 'NONE',  ( -1.250000000000000222, 0.000000000000000000, -0.9750000000000001998 ) ) ;
#3198 = CARTESIAN_POINT ( 'NONE',  ( -1.250000000000000222, 0.7500000000000000000, 0.000000000000000000 ) ) ;
#3199 = EDGE_CURVE ( 'NONE', #271, #3313, #270, .T. ) ;
#3200 = ORIENTED_EDGE ( 'NONE', *, *, #4115, .F. ) ;
#3201 = DIRECTION ( 'NONE',  ( -1.000000000000000000, 0.000000000000000000, -0.000000000000000000 ) ) ;
#3202 = DIRECTION ( 'NONE',  ( -0.000000000000000000, 1.000000000000000000, -0.000000000000000000 ) ) ;
#3203 = ORIENTED_EDGE ( 'NONE', *, *, #3496, .T. ) ;
#3204 = CIRCLE ( 'NONE', #1652, 0.1250000000000001110 ) ;
#3205 = ORIENTED_EDGE ( 'NONE', *, *, #1795, .T. ) ;
#3206 = CARTESIAN_POINT ( 'NONE',  ( 1.235000000000000986, 0.000000000000000000, -0.000000000000000000 ) ) ;
#3207 = LINE ( 'NONE', #2245, #3084 ) ;
#3208 = DIRECTION ( 'NONE',  ( -0.000000000000000000, -1.000000000000000000, -0.000000000000000000 ) ) ;
#3209 = EDGE_CURVE ( 'NONE', #2279, #336, #2287, .T. ) ;
#3210 = EDGE_LOOP ( 'NONE', ( #3106, #686, #1941, #3841 ) ) ;
#3211 = DIRECTION ( 'NONE',  ( 0.000000000000000000, 0.000000000000000000, -1.000000000000000000 ) ) ;
#3212 = LINE ( 'NONE', #698, #956 ) ;
#3213 = DIRECTION ( 'NONE',  ( 1.000000000000000000, 0.000000000000000000, -0.000000000000000000 ) ) ;
#3214 = EDGE_CURVE ( 'NONE', #2899, #777, #3430, .T. ) ;
#3215 = AXIS2_PLACEMENT_3D ( 'NONE', #1215, #2621, #4023 ) ;
#3216 = LINE ( 'NONE', #1944, #1102 ) ;
#3217 = VERTEX_POINT ( 'NONE', #1316 ) ;
#3218 = DIRECTION ( 'NONE',  ( 0.000000000000000000, 0.000000000000000000, 1.000000000000000000 ) ) ;
#3219 = EDGE_CURVE ( 'NONE', #2515, #610, #2321, .T. ) ;
#3220 = PRESENTATION_LAYER_ASSIGNMENT (  '', '', ( #1238 ) ) ;
#3221 = CARTESIAN_POINT ( 'NONE',  ( -1.000000000000000000, 0.7500000000000000000, 1.324999999999999734 ) ) ;
#3222 = VECTOR ( 'NONE', #2310, 1000.000000000000000 ) ;
#3223 = VERTEX_POINT ( 'NONE', #1998 ) ;
#3224 = CARTESIAN_POINT ( 'NONE',  ( 1.235000000000000098, 0.5500000000000000444, -1.224999999999999867 ) ) ;
#3225 = COLOUR_RGB ( '',1.000000000000000000, 0.8117647058823529438, 0.5019607843137254832 ) ;
#3226 = EDGE_LOOP ( 'NONE', ( #2178, #293, #2301, #2355 ) ) ;
#3227 = VECTOR ( 'NONE', #91, 1000.000000000000000 ) ;
#3228 = STYLED_ITEM ( 'NONE', ( #4491 ), #4348 ) ;
#3229 = ORIENTED_EDGE ( 'NONE', *, *, #1625, .F. ) ;
#3230 = DIRECTION ( 'NONE',  ( -0.000000000000000000, -1.000000000000000000, -0.000000000000000000 ) ) ;
#3231 = ORIENTED_EDGE ( 'NONE', *, *, #2732, .T. ) ;
#3232 = MECHANICAL_DESIGN_GEOMETRIC_PRESENTATION_REPRESENTATION (  '', ( #4040 ), #3152 ) ;
#3233 = CYLINDRICAL_SURFACE ( 'NONE', #1323, 0.1249999999999996808 ) ;
#3234 = VECTOR ( 'NONE', #1505, 1000.000000000000000 ) ;
#3235 = VECTOR ( 'NONE', #1262, 1000.000000000000000 ) ;
#3236 = VERTEX_POINT ( 'NONE', #549 ) ;
#3237 = DIRECTION ( 'NONE',  ( -2.891205793294680298E-16, 0.000000000000000000, 1.000000000000000000 ) ) ;
#3238 = DIRECTION ( 'NONE',  ( 0.000000000000000000, -0.000000000000000000, -1.000000000000000000 ) ) ;
#3239 = AXIS2_PLACEMENT_3D ( 'NONE', #2895, #4290, #3630 ) ;
#3240 = FACE_OUTER_BOUND ( 'NONE', #3579, .T. ) ;
#3241 =( NAMED_UNIT ( * ) PLANE_ANGLE_UNIT ( ) SI_UNIT ( $, .RADIAN. ) );
#3242 = ORIENTED_EDGE ( 'NONE', *, *, #3692, .T. ) ;
#3243 = CARTESIAN_POINT ( 'NONE',  ( -0.5000000000000001110, 0.5500000000000000444, -1.500000000000000222 ) ) ;
#3244 = VECTOR ( 'NONE', #2808, 1000.000000000000000 ) ;
#3245 = CARTESIAN_POINT ( 'NONE',  ( -1.125000000000000222, 0.9749999999999998668, 1.324999999999999734 ) ) ;
#3246 = EDGE_CURVE ( 'NONE', #4455, #4280, #2698, .T. ) ;
#3247 = ORIENTED_EDGE ( 'NONE', *, *, #3209, .F. ) ;
#3248 = ADVANCED_FACE ( 'NONE', ( #3731 ), #1955, .F. ) ;
#3249 = FACE_OUTER_BOUND ( 'NONE', #2223, .T. ) ;
#3250 = AXIS2_PLACEMENT_3D ( 'NONE', #486, #3945, #1073 ) ;
#3251 = DIRECTION ( 'NONE',  ( 1.000000000000000000, 0.000000000000000000, 0.000000000000000000 ) ) ;
#3252 = VERTEX_POINT ( 'NONE', #3345 ) ;
#3253 = DIRECTION ( 'NONE',  ( -3.854941057726241055E-15, 1.000000000000000000, 0.000000000000000000 ) ) ;
#3254 = FILL_AREA_STYLE_COLOUR ( '', #2807 ) ;
#3255 = VERTEX_POINT ( 'NONE', #972 ) ;
#3256 = ADVANCED_FACE ( 'NONE', ( #2368 ), #3391, .F. ) ;
#3257 = FACE_OUTER_BOUND ( 'NONE', #143, .T. ) ;
#3258 = DIRECTION ( 'NONE',  ( -0.000000000000000000, 1.000000000000000000, -0.000000000000000000 ) ) ;
#3259 = CARTESIAN_POINT ( 'NONE',  ( 1.249999999999999778, 0.000000000000000000, -1.224999999999999867 ) ) ;
#3260 = EDGE_CURVE ( 'NONE', #219, #3799, #1591, .T. ) ;
#3261 = ORIENTED_EDGE ( 'NONE', *, *, #4159, .T. ) ;
#3262 = DIRECTION ( 'NONE',  ( -0.000000000000000000, 0.000000000000000000, 1.000000000000000000 ) ) ;
#3263 = CARTESIAN_POINT ( 'NONE',  ( -1.235000000000000098, 0.5500000000000000444, 0.000000000000000000 ) ) ;
#3264 = CARTESIAN_POINT ( 'NONE',  ( 1.249999999999999778, 0.7500000000000000000, -0.9750000000000001998 ) ) ;
#3265 = VERTEX_POINT ( 'NONE', #3364 ) ;
#3266 = EDGE_LOOP ( 'NONE', ( #1123, #1192, #4289, #214 ) ) ;
#3267 = LINE ( 'NONE', #2208, #3664 ) ;
#3268 = CARTESIAN_POINT ( 'NONE',  ( 0.000000000000000000, 0.5500000000000000444, 1.224999999999999201 ) ) ;
#3269 = VERTEX_POINT ( 'NONE', #228 ) ;
#3270 = FACE_OUTER_BOUND ( 'NONE', #2342, .T. ) ;
#3271 = CARTESIAN_POINT ( 'NONE',  ( -1.174999999999999156, 0.7500000000000000000, -1.324999999999999734 ) ) ;
#3272 = ADVANCED_FACE ( 'NONE', ( #3021 ), #1418, .F. ) ;
#3273 = FACE_OUTER_BOUND ( 'NONE', #1057, .T. ) ;
#3274 = ORIENTED_EDGE ( 'NONE', *, *, #1157, .T. ) ;
#3275 = LINE ( 'NONE', #801, #4470 ) ;
#3276 = ORIENTED_EDGE ( 'NONE', *, *, #3331, .T. ) ;
#3277 = DIRECTION ( 'NONE',  ( -1.000000000000000000, 0.000000000000000000, -0.000000000000000000 ) ) ;
#3278 = ORIENTED_EDGE ( 'NONE', *, *, #4291, .T. ) ;
#3279 = CARTESIAN_POINT ( 'NONE',  ( -1.250000000000000222, 0.000000000000000000, 1.224999999999999423 ) ) ;
#3280 = VECTOR ( 'NONE', #1731, 1000.000000000000000 ) ;
#3281 = PLANE ( 'NONE',  #716 ) ;
#3282 = EDGE_CURVE ( 'NONE', #2652, #2147, #1361, .T. ) ;
#3283 = CARTESIAN_POINT ( 'NONE',  ( -1.250000000000000222, 0.5500000000000000444, -0.000000000000000000 ) ) ;
#3284 = FACE_OUTER_BOUND ( 'NONE', #891, .T. ) ;
#3285 = PLANE ( 'NONE',  #4121 ) ;
#3286 = CARTESIAN_POINT ( 'NONE',  ( 1.000000000000000000, 0.7500000000000000000, -1.324999999999999734 ) ) ;
#3287 = ORIENTED_EDGE ( 'NONE', *, *, #3529, .T. ) ;
#3288 = EDGE_CURVE ( 'NONE', #3933, #4047, #4531, .T. ) ;
#3289 = UNCERTAINTY_MEASURE_WITH_UNIT (LENGTH_MEASURE( 1.000000000000000082E-05 ), #2231, 'distance_accuracy_value', 'NONE');
#3290 = CARTESIAN_POINT ( 'NONE',  ( -1.125000000000000222, 0.9749999999999998668, 1.324999999999999734 ) ) ;
#3291 = ORIENTED_EDGE ( 'NONE', *, *, #3895, .F. ) ;
#3292 = DIRECTION ( 'NONE',  ( -0.000000000000000000, 0.000000000000000000, 1.000000000000000000 ) ) ;
#3293 = CARTESIAN_POINT ( 'NONE',  ( -1.125000000000000222, 0.9749999999999998668, -1.324999999999999734 ) ) ;
#3294 = PLANE ( 'NONE',  #4387 ) ;
#3295 = VERTEX_POINT ( 'NONE', #3899 ) ;
#3296 = DIRECTION ( 'NONE',  ( 0.000000000000000000, 0.000000000000000000, -1.000000000000000000 ) ) ;
#3297 = ORIENTED_EDGE ( 'NONE', *, *, #3655, .T. ) ;
#3298 = VECTOR ( 'NONE', #945, 1000.000000000000000 ) ;
#3299 = CLOSED_SHELL ( 'NONE', ( #2200, #1548, #3981, #414 ) ) ;
#3300 = AXIS2_PLACEMENT_3D ( 'NONE', #1036, #2430, #1738 ) ;
#3301 = DIRECTION ( 'NONE',  ( 1.807003620809175618E-16, 0.000000000000000000, -1.000000000000000000 ) ) ;
#3302 = ORIENTED_EDGE ( 'NONE', *, *, #165, .F. ) ;
#3303 = ADVANCED_FACE ( 'NONE', ( #418 ), #2095, .T. ) ;
#3304 = EDGE_CURVE ( 'NONE', #4343, #2770, #2389, .T. ) ;
#3305 = CARTESIAN_POINT ( 'NONE',  ( 1.125000000000000222, 6.070490430446589869, 1.324999999999999734 ) ) ;
#3306 = VECTOR ( 'NONE', #2107, 1000.000000000000114 ) ;
#3307 = VERTEX_POINT ( 'NONE', #2745 ) ;
#3308 = ORIENTED_EDGE ( 'NONE', *, *, #3156, .T. ) ;
#3309 = VECTOR ( 'NONE', #3429, 1000.000000000000000 ) ;
#3310 = DIRECTION ( 'NONE',  ( -1.000000000000000000, 0.000000000000000000, 0.000000000000000000 ) ) ;
#3311 = CARTESIAN_POINT ( 'NONE',  ( 1.235000000000000986, 0.5500000000000000444, 0.000000000000000000 ) ) ;
#3312 = DIRECTION ( 'NONE',  ( -0.000000000000000000, -1.000000000000000000, 0.000000000000000000 ) ) ;
#3313 = VERTEX_POINT ( 'NONE', #2443 ) ;
#3314 = ORIENTED_EDGE ( 'NONE', *, *, #3095, .F. ) ;
#3315 = VECTOR ( 'NONE', #1432, 1000.000000000000000 ) ;
#3316 = VECTOR ( 'NONE', #4497, 1000.000000000000000 ) ;
#3317 = LINE ( 'NONE', #2275, #4032 ) ;
#3318 = EDGE_CURVE ( 'NONE', #1751, #265, #2415, .T. ) ;
#3319 = DIRECTION ( 'NONE',  ( 0.000000000000000000, -0.000000000000000000, 1.000000000000000000 ) ) ;
#3320 = CARTESIAN_POINT ( 'NONE',  ( 1.235000000000000986, 0.5500000000000000444, -0.000000000000000000 ) ) ;
#3321 = CARTESIAN_POINT ( 'NONE',  ( 0.7881455521623259575, 0.7500000000000000000, 0.2868615212563979111 ) ) ;
#3322 = AXIS2_PLACEMENT_3D ( 'NONE', #1074, #2796, #4203 ) ;
#3323 = ORIENTED_EDGE ( 'NONE', *, *, #928, .F. ) ;
#3324 = ADVANCED_FACE ( 'NONE', ( #3481 ), #4196, .T. ) ;
#3325 = VECTOR ( 'NONE', #1632, 1000.000000000000000 ) ;
#3326 = DIRECTION ( 'NONE',  ( -1.000000000000000000, 0.000000000000000000, -0.000000000000000000 ) ) ;
#3327 = ORIENTED_EDGE ( 'NONE', *, *, #1706, .F. ) ;
#3328 =( NAMED_UNIT ( * ) PLANE_ANGLE_UNIT ( ) SI_UNIT ( $, .RADIAN. ) );
#3329 = ORIENTED_EDGE ( 'NONE', *, *, #1580, .T. ) ;
#3330 = ORIENTED_EDGE ( 'NONE', *, *, #2375, .T. ) ;
#3331 = EDGE_CURVE ( 'NONE', #1419, #669, #2617, .T. ) ;
#3332 = CARTESIAN_POINT ( 'NONE',  ( -1.125000000000000222, 0.9749999999999998668, -1.324999999999999734 ) ) ;
#3333 = CARTESIAN_POINT ( 'NONE',  ( -0.5000000000000004441, 0.5500000000000000444, 0.6999999999999996225 ) ) ;
#3334 = VERTEX_POINT ( 'NONE', #4241 ) ;
#3335 = VERTEX_POINT ( 'NONE', #3104 ) ;
#3336 = DIRECTION ( 'NONE',  ( 0.000000000000000000, 1.000000000000000000, 0.000000000000000000 ) ) ;
#3337 = EDGE_LOOP ( 'NONE', ( #3917, #1198, #854, #2567 ) ) ;
#3338 = CARTESIAN_POINT ( 'NONE',  ( 0.5897977675699657141, 0.7500000000000000000, -1.599999999999999867 ) ) ;
#3339 = DIRECTION ( 'NONE',  ( 1.000000000000000000, 0.000000000000000000, 0.000000000000000000 ) ) ;
#3340 = EDGE_CURVE ( 'NONE', #4503, #1463, #3506, .T. ) ;
#3341 = ORIENTED_EDGE ( 'NONE', *, *, #196, .T. ) ;
#3342 = LINE ( 'NONE', #546, #3968 ) ;
#3343 = ORIENTED_EDGE ( 'NONE', *, *, #1876, .T. ) ;
#3344 = FILL_AREA_STYLE_COLOUR ( '', #471 ) ;
#3345 = CARTESIAN_POINT ( 'NONE',  ( -0.5000000000000004441, 0.000000000000000000, 0.6999999999999996225 ) ) ;
#3346 = ORIENTED_EDGE ( 'NONE', *, *, #1883, .T. ) ;
#3347 = DIRECTION ( 'NONE',  ( -1.000000000000000000, 0.000000000000000000, 0.000000000000000000 ) ) ;
#3348 = CARTESIAN_POINT ( 'NONE',  ( -0.5000000000000003331, 0.000000000000000000, -0.9000000000000006883 ) ) ;
#3349 = DIRECTION ( 'NONE',  ( 0.000000000000000000, -1.000000000000000000, 0.000000000000000000 ) ) ;
#3350 = ORIENTED_EDGE ( 'NONE', *, *, #2607, .F. ) ;
#3351 = EDGE_CURVE ( 'NONE', #3355, #992, #3794, .T. ) ;
#3352 = AXIS2_PLACEMENT_3D ( 'NONE', #1980, #4424, #3410 ) ;
#3353 = ORIENTED_EDGE ( 'NONE', *, *, #632, .F. ) ;
#3354 = CARTESIAN_POINT ( 'NONE',  ( -0.7000000000000001776, 0.000000000000000000, -0.6999999999999998446 ) ) ;
#3355 = VERTEX_POINT ( 'NONE', #23 ) ;
#3356 = CARTESIAN_POINT ( 'NONE',  ( 1.235000000000000098, 0.000000000000000000, 0.000000000000000000 ) ) ;
#3357 = DIRECTION ( 'NONE',  ( 0.000000000000000000, -1.000000000000000000, 0.000000000000000000 ) ) ;
#3358 = EDGE_CURVE ( 'NONE', #927, #1044, #46, .T. ) ;
#3359 = EDGE_CURVE ( 'NONE', #2155, #4106, #1070, .T. ) ;
#3360 = ORIENTED_EDGE ( 'NONE', *, *, #4143, .T. ) ;
#3361 = DIRECTION ( 'NONE',  ( -0.000000000000000000, -1.000000000000000000, -0.000000000000000000 ) ) ;
#3362 = VECTOR ( 'NONE', #3785, 1000.000000000000000 ) ;
#3363 = EDGE_CURVE ( 'NONE', #2241, #1988, #3534, .T. ) ;
#3364 = CARTESIAN_POINT ( 'NONE',  ( -1.235000000000000098, 0.5500000000000000444, -0.9750000000000001998 ) ) ;
#3365 = VECTOR ( 'NONE', #3034, 1000.000000000000000 ) ;
#3366 = AXIS2_PLACEMENT_3D ( 'NONE', #180, #3986, #1235 ) ;
#3367 = VECTOR ( 'NONE', #2531, 1000.000000000000000 ) ;
#3368 = EDGE_CURVE ( 'NONE', #3265, #2155, #2767, .T. ) ;
#3369 = CARTESIAN_POINT ( 'NONE',  ( 1.235000000000000986, 0.5500000000000000444, 1.224999999999999201 ) ) ;
#3370 = DIRECTION ( 'NONE',  ( 0.000000000000000000, 0.000000000000000000, 1.000000000000000000 ) ) ;
#3371 = ORIENTED_EDGE ( 'NONE', *, *, #4320, .F. ) ;
#3372 = VECTOR ( 'NONE', #1880, 1000.000000000000000 ) ;
#3373 = VECTOR ( 'NONE', #3696, 1000.000000000000000 ) ;
#3374 = ORIENTED_EDGE ( 'NONE', *, *, #1838, .F. ) ;
#3375 = DIRECTION ( 'NONE',  ( 0.000000000000000000, 0.000000000000000000, 1.000000000000000000 ) ) ;
#3376 = ORIENTED_EDGE ( 'NONE', *, *, #974, .T. ) ;
#3377 = PRESENTATION_LAYER_ASSIGNMENT (  '', '', ( #4040 ) ) ;
#3378 = CARTESIAN_POINT ( 'NONE',  ( -1.000000000000000000, 6.070490430446589869, 1.449999999999999956 ) ) ;
#3379 = CARTESIAN_POINT ( 'NONE',  ( -1.235000000000000098, 0.5500000000000000444, -1.500000000000000222 ) ) ;
#3380 = LINE ( 'NONE', #1351, #2632 ) ;
#3381 = VECTOR ( 'NONE', #894, 1000.000000000000000 ) ;
#3382 = AXIS2_PLACEMENT_3D ( 'NONE', #78, #3588, #1081 ) ;
#3383 = CARTESIAN_POINT ( 'NONE',  ( 1.249999999999999778, 0.000000000000000000, -1.224999999999999867 ) ) ;
#3384 = EDGE_CURVE ( 'NONE', #3933, #1679, #2627, .T. ) ;
#3385 = ORIENTED_EDGE ( 'NONE', *, *, #3209, .T. ) ;
#3386 = DIRECTION ( 'NONE',  ( -0.000000000000000000, -1.000000000000000000, -0.000000000000000000 ) ) ;
#3387 = DIRECTION ( 'NONE',  ( 0.000000000000000000, 0.000000000000000000, 1.000000000000000000 ) ) ;
#3388 = EDGE_LOOP ( 'NONE', ( #1498, #625, #881, #2916, #3037, #3900 ) ) ;
#3389 = AXIS2_PLACEMENT_3D ( 'NONE', #4425, #2679, #1983 ) ;
#3390 = VECTOR ( 'NONE', #2380, 1000.000000000000000 ) ;
#3391 = CYLINDRICAL_SURFACE ( 'NONE', #2840, 0.1249999999999996808 ) ;
#3392 = EDGE_LOOP ( 'NONE', ( #2893, #1412, #2451, #4074 ) ) ;
#3393 =( GEOMETRIC_REPRESENTATION_CONTEXT ( 3 ) GLOBAL_UNCERTAINTY_ASSIGNED_CONTEXT ( ( #2183 ) ) GLOBAL_UNIT_ASSIGNED_CONTEXT ( ( #1783, #2843, #2562 ) ) REPRESENTATION_CONTEXT ( 'NONE', 'WORKASPACE' ) );
#3394 = ADVANCED_FACE ( 'NONE', ( #1340 ), #3180, .F. ) ;
#3395 = PLANE ( 'NONE',  #831 ) ;
#3396 = FACE_OUTER_BOUND ( 'NONE', #733, .T. ) ;
#3397 = EDGE_LOOP ( 'NONE', ( #112, #1997, #538, #3308, #2494 ) ) ;
#3398 = EDGE_CURVE ( 'NONE', #4392, #1782, #991, .T. ) ;
#3399 = DIRECTION ( 'NONE',  ( 0.000000000000000000, -1.000000000000000000, 0.000000000000000000 ) ) ;
#3400 = DIRECTION ( 'NONE',  ( 5.782411586589354681E-16, 0.000000000000000000, -1.000000000000000000 ) ) ;
#3401 = DIRECTION ( 'NONE',  ( -1.000000000000000000, 0.000000000000000000, 0.000000000000000000 ) ) ;
#3402 = FACE_OUTER_BOUND ( 'NONE', #2358, .T. ) ;
#3403 = CARTESIAN_POINT ( 'NONE',  ( -1.125000000000000222, 0.7500000000000000000, 1.324999999999999734 ) ) ;
#3404 = CARTESIAN_POINT ( 'NONE',  ( -1.235000000000000098, 0.000000000000000000, -1.224999999999999867 ) ) ;
#3405 = VERTEX_POINT ( 'NONE', #1236 ) ;
#3406 = DIRECTION ( 'NONE',  ( -5.782411586589357639E-16, 0.000000000000000000, 1.000000000000000000 ) ) ;
#3407 = LINE ( 'NONE', #1699, #2265 ) ;
#3408 = EDGE_CURVE ( 'NONE', #4300, #1751, #1264, .T. ) ;
#3409 = ORIENTED_EDGE ( 'NONE', *, *, #1041, .T. ) ;
#3410 = DIRECTION ( 'NONE',  ( 0.3420201433256638279, 0.000000000000000000, 0.9396926207859102043 ) ) ;
#3411 = EDGE_CURVE ( 'NONE', #483, #494, #3723, .T. ) ;
#3412 = DIRECTION ( 'NONE',  ( 0.000000000000000000, 1.000000000000000000, 0.000000000000000000 ) ) ;
#3413 = EDGE_CURVE ( 'NONE', #3334, #1044, #908, .T. ) ;
#3414 = ORIENTED_EDGE ( 'NONE', *, *, #3107, .F. ) ;
#3415 = CARTESIAN_POINT ( 'NONE',  ( 1.235000000000000098, 0.000000000000000000, -0.9750000000000001998 ) ) ;
#3416 = PLANE ( 'NONE',  #1237 ) ;
#3417 = CARTESIAN_POINT ( 'NONE',  ( 1.469696278258133075E-15, 0.000000000000000000, 1.524999999999999467 ) ) ;
#3418 = DIRECTION ( 'NONE',  ( -0.000000000000000000, -1.000000000000000000, -0.000000000000000000 ) ) ;
#3419 = LINE ( 'NONE', #4453, #2855 ) ;
#3420 = ADVANCED_FACE ( 'NONE', ( #1819 ), #3294, .F. ) ;
#3421 = VECTOR ( 'NONE', #1387, 1000.000000000000000 ) ;
#3422 = LINE ( 'NONE', #1305, #3688 ) ;
#3423 = ORIENTED_EDGE ( 'NONE', *, *, #1625, .T. ) ;
#3424 = ORIENTED_EDGE ( 'NONE', *, *, #1444, .T. ) ;
#3425 = CARTESIAN_POINT ( 'NONE',  ( 1.124999999999998890, 0.000000000000000000, 1.600000000000000311 ) ) ;
#3426 = CARTESIAN_POINT ( 'NONE',  ( 0.000000000000000000, 0.000000000000000000, -1.500000000000000222 ) ) ;
#3427 = EDGE_LOOP ( 'NONE', ( #1051, #756, #1163, #1671, #1722 ) ) ;
#3428 = EDGE_LOOP ( 'NONE', ( #403, #3891, #1025, #3004 ) ) ;
#3429 = DIRECTION ( 'NONE',  ( -0.000000000000000000, -0.000000000000000000, -1.000000000000000000 ) ) ;
#3430 = LINE ( 'NONE', #609, #2914 ) ;
#3431 = ORIENTED_EDGE ( 'NONE', *, *, #2537, .T. ) ;
#3432 = EDGE_CURVE ( 'NONE', #2150, #4492, #2953, .T. ) ;
#3433 = EDGE_CURVE ( 'NONE', #3903, #555, #1910, .T. ) ;
#3434 = SHAPE_DEFINITION_REPRESENTATION ( #2695, #730 ) ;
#3435 = DIRECTION ( 'NONE',  ( 1.000000000000000000, 0.000000000000000000, 0.000000000000000000 ) ) ;
#3436 = CARTESIAN_POINT ( 'NONE',  ( 0.000000000000000000, 0.7500000000000000000, -1.599999999999999867 ) ) ;
#3437 = AXIS2_PLACEMENT_3D ( 'NONE', #1283, #1302, #330 ) ;
#3438 = EDGE_LOOP ( 'NONE', ( #2866, #3791, #2958, #1020, #4353 ) ) ;
#3439 = VECTOR ( 'NONE', #4132, 1000.000000000000000 ) ;
#3440 = DIRECTION ( 'NONE',  ( -1.000000000000000000, 0.000000000000000000, 0.000000000000000000 ) ) ;
#3441 = CARTESIAN_POINT ( 'NONE',  ( 0.000000000000000000, 0.000000000000000000, 0.7000000000000000666 ) ) ;
#3442 = CARTESIAN_POINT ( 'NONE',  ( -1.000000000000000000, 0.7500000000000000000, -1.324999999999999734 ) ) ;
#3443 = LINE ( 'NONE', #674, #3063 ) ;
#3444 = VECTOR ( 'NONE', #2204, 1000.000000000000000 ) ;
#3445 = MECHANICAL_DESIGN_GEOMETRIC_PRESENTATION_REPRESENTATION (  '', ( #3966 ), #2337 ) ;
#3446 = DIRECTION ( 'NONE',  ( 0.000000000000000000, -1.000000000000000000, 0.000000000000000000 ) ) ;
#3447 = EDGE_CURVE ( 'NONE', #3799, #2577, #649, .T. ) ;
#3448 = VECTOR ( 'NONE', #966, 1000.000000000000000 ) ;
#3449 = VERTEX_POINT ( 'NONE', #1581 ) ;
#3450 = CARTESIAN_POINT ( 'NONE',  ( -1.250000000000000222, 0.000000000000000000, 1.474999999999999423 ) ) ;
#3451 = VERTEX_POINT ( 'NONE', #3808 ) ;
#3452 = VECTOR ( 'NONE', #2277, 1000.000000000000000 ) ;
#3453 = EDGE_CURVE ( 'NONE', #773, #424, #4114, .T. ) ;
#3454 = ORIENTED_EDGE ( 'NONE', *, *, #902, .T. ) ;
#3455 = VECTOR ( 'NONE', #4341, 1000.000000000000000 ) ;
#3456 = LINE ( 'NONE', #1680, #4184 ) ;
#3457 = DIRECTION ( 'NONE',  ( -0.000000000000000000, 0.000000000000000000, 1.000000000000000000 ) ) ;
#3458 = ORIENTED_EDGE ( 'NONE', *, *, #4313, .F. ) ;
#3459 = AXIS2_PLACEMENT_3D ( 'NONE', #1159, #2544, #1874 ) ;
#3460 = ORIENTED_EDGE ( 'NONE', *, *, #656, .F. ) ;
#3461 = AXIS2_PLACEMENT_3D ( 'NONE', #1114, #1453, #3502 ) ;
#3462 = FACE_OUTER_BOUND ( 'NONE', #26, .T. ) ;
#3463 = DIRECTION ( 'NONE',  ( 0.000000000000000000, 1.000000000000000000, 0.000000000000000000 ) ) ;
#3464 = ORIENTED_EDGE ( 'NONE', *, *, #353, .F. ) ;
#3465 = EDGE_CURVE ( 'NONE', #1185, #501, #79, .T. ) ;
#3466 = ORIENTED_EDGE ( 'NONE', *, *, #3548, .F. ) ;
#3467 = LINE ( 'NONE', #1711, #1903 ) ;
#3468 = ORIENTED_EDGE ( 'NONE', *, *, #3398, .T. ) ;
#3469 = CARTESIAN_POINT ( 'NONE',  ( 1.249999999999999778, 0.000000000000000000, 0.9749999999999995337 ) ) ;
#3470 = LINE ( 'NONE', #2686, #2934 ) ;
#3471 = CARTESIAN_POINT ( 'NONE',  ( -1.235000000000000098, 0.5500000000000000444, -0.9750000000000001998 ) ) ;
#3472 = DIRECTION ( 'NONE',  ( 0.000000000000000000, 0.000000000000000000, 1.000000000000000000 ) ) ;
#3473 = ORIENTED_EDGE ( 'NONE', *, *, #1330, .F. ) ;
#3474 = ORIENTED_EDGE ( 'NONE', *, *, #1815, .T. ) ;
#3475 = DIRECTION ( 'NONE',  ( 1.000000000000000000, 0.000000000000000000, 1.084202172485504434E-16 ) ) ;
#3476 = LINE ( 'NONE', #3426, #4460 ) ;
#3477 = ORIENTED_EDGE ( 'NONE', *, *, #421, .T. ) ;
#3478 = EDGE_CURVE ( 'NONE', #2387, #3295, #3419, .T. ) ;
#3479 = ORIENTED_EDGE ( 'NONE', *, *, #2542, .T. ) ;
#3480 = CARTESIAN_POINT ( 'NONE',  ( 1.235000000000000986, 0.5500000000000000444, 0.000000000000000000 ) ) ;
#3481 = FACE_OUTER_BOUND ( 'NONE', #825, .T. ) ;
#3482 = ORIENTED_EDGE ( 'NONE', *, *, #3627, .T. ) ;
#3483 = EDGE_CURVE ( 'NONE', #185, #2699, #1376, .T. ) ;
#3484 = DIRECTION ( 'NONE',  ( -0.000000000000000000, 1.000000000000000000, -0.000000000000000000 ) ) ;
#3485 = DIRECTION ( 'NONE',  ( 1.000000000000000000, 0.000000000000000000, 0.000000000000000000 ) ) ;
#3486 = CARTESIAN_POINT ( 'NONE',  ( 1.000000000000000000, 0.7500000000000000000, 1.499999999999998890 ) ) ;
#3487 = CARTESIAN_POINT ( 'NONE',  ( -0.5000000000000003331, 0.5500000000000000444, -6.776263578034402713E-17 ) ) ;
#3488 = VERTEX_POINT ( 'NONE', #2402 ) ;
#3489 = PLANE ( 'NONE',  #301 ) ;
#3490 = DIRECTION ( 'NONE',  ( 0.000000000000000000, -0.000000000000000000, 1.000000000000000000 ) ) ;
#3491 = ORIENTED_EDGE ( 'NONE', *, *, #914, .T. ) ;
#3492 = CARTESIAN_POINT ( 'NONE',  ( -1.124999999999999334, 0.7500000000000000000, -1.324999999999999734 ) ) ;
#3493 = PLANE ( 'NONE',  #2560 ) ;
#3494 = PLANE ( 'NONE',  #1045 ) ;
#3495 = LINE ( 'NONE', #793, #2636 ) ;
#3496 = EDGE_CURVE ( 'NONE', #3295, #434, #599, .T. ) ;
#3497 = EDGE_CURVE ( 'NONE', #75, #4026, #3380, .T. ) ;
#3498 = FACE_OUTER_BOUND ( 'NONE', #732, .T. ) ;
#3499 = ORIENTED_EDGE ( 'NONE', *, *, #3642, .T. ) ;
#3500 = ORIENTED_EDGE ( 'NONE', *, *, #4269, .F. ) ;
#3501 = VECTOR ( 'NONE', #3208, 1000.000000000000000 ) ;
#3502 = DIRECTION ( 'NONE',  ( 0.000000000000000000, -0.000000000000000000, 1.000000000000000000 ) ) ;
#3503 = VERTEX_POINT ( 'NONE', #3471 ) ;
#3504 = ADVANCED_FACE ( 'NONE', ( #1631 ), #2361, .F. ) ;
#3505 = DIRECTION ( 'NONE',  ( -1.000000000000000000, 0.000000000000000000, 0.000000000000000000 ) ) ;
#3506 = LINE ( 'NONE', #361, #1367 ) ;
#3507 = ORIENTED_EDGE ( 'NONE', *, *, #4013, .T. ) ;
#3508 = PLANE ( 'NONE',  #4190 ) ;
#3509 = ADVANCED_FACE ( 'NONE', ( #4434 ), #2735, .F. ) ;
#3510 = PRESENTATION_STYLE_ASSIGNMENT (( #994 ) ) ;
#3511 = LINE ( 'NONE', #2151, #3818 ) ;
#3512 = FACE_OUTER_BOUND ( 'NONE', #870, .T. ) ;
#3513 = VERTEX_POINT ( 'NONE', #2379 ) ;
#3514 = DIRECTION ( 'NONE',  ( 1.000000000000000000, 0.000000000000000000, 5.782411586589355667E-16 ) ) ;
#3515 = EDGE_CURVE ( 'NONE', #2012, #1988, #4499, .T. ) ;
#3516 = VERTEX_POINT ( 'NONE', #2757 ) ;
#3517 = FACE_OUTER_BOUND ( 'NONE', #3388, .T. ) ;
#3518 = DIRECTION ( 'NONE',  ( 0.000000000000000000, 1.000000000000000000, -0.000000000000000000 ) ) ;
#3519 = AXIS2_PLACEMENT_3D ( 'NONE', #4182, #2431, #2009 ) ;
#3520 = DIRECTION ( 'NONE',  ( 0.9396926207859047642, -0.000000000000000000, 0.3420201433256787604 ) ) ;
#3521 = CLOSED_SHELL ( 'NONE', ( #3778, #393, #704, #1642, #2910, #4509, #3753, #3303, #480, #4367 ) ) ;
#3522 = AXIS2_PLACEMENT_3D ( 'NONE', #2458, #3145, #41 ) ;
#3523 = DIRECTION ( 'NONE',  ( -0.000000000000000000, -1.000000000000000000, -0.000000000000000000 ) ) ;
#3524 = VERTEX_POINT ( 'NONE', #3052 ) ;
#3525 = AXIS2_PLACEMENT_3D ( 'NONE', #34, #1809, #3880 ) ;
#3526 = CARTESIAN_POINT ( 'NONE',  ( 0.000000000000000000, 0.000000000000000000, 1.224999999999999201 ) ) ;
#3527 = DIRECTION ( 'NONE',  ( 0.000000000000000000, 0.000000000000000000, -1.000000000000000000 ) ) ;
#3528 = ORIENTED_EDGE ( 'NONE', *, *, #2635, .T. ) ;
#3529 = EDGE_CURVE ( 'NONE', #2825, #4429, #940, .T. ) ;
#3530 = CIRCLE ( 'NONE', #657, 0.1250000000000001110 ) ;
#3531 = CARTESIAN_POINT ( 'NONE',  ( -8.673617379884037444E-16, 0.5500000000000000444, 1.500000000000000000 ) ) ;
#3532 = ORIENTED_EDGE ( 'NONE', *, *, #3384, .F. ) ;
#3533 = CARTESIAN_POINT ( 'NONE',  ( -1.250000000000000222, 0.7500000000000000000, -1.474999999999998979 ) ) ;
#3534 = LINE ( 'NONE', #2042, #873 ) ;
#3535 = ORIENTED_EDGE ( 'NONE', *, *, #2870, .F. ) ;
#3536 = CIRCLE ( 'NONE', #1550, 0.1249999999999998890 ) ;
#3537 = ORIENTED_EDGE ( 'NONE', *, *, #3453, .F. ) ;
#3538 = CARTESIAN_POINT ( 'NONE',  ( 1.000000000000000000, 0.7500000000000000000, 1.449999999999999067 ) ) ;
#3539 = CARTESIAN_POINT ( 'NONE',  ( -1.250000000000000222, 0.5500000000000000444, 1.224999999999999423 ) ) ;
#3540 = DIRECTION ( 'NONE',  ( 1.000000000000000000, 0.000000000000000000, 1.084202172485504434E-16 ) ) ;
#3541 = ORIENTED_EDGE ( 'NONE', *, *, #2537, .F. ) ;
#3542 = EDGE_CURVE ( 'NONE', #2169, #4266, #621, .T. ) ;
#3543 = EDGE_LOOP ( 'NONE', ( #3959, #1317, #4305, #4375, #148, #1284, #3860, #1011 ) ) ;
#3544 = AXIS2_PLACEMENT_3D ( 'NONE', #2956, #1888, #2905 ) ;
#3545 = CARTESIAN_POINT ( 'NONE',  ( 0.000000000000000000, 0.5500000000000000444, 0.000000000000000000 ) ) ;
#3546 = CARTESIAN_POINT ( 'NONE',  ( -1.250000000000000222, 0.7500000000000000000, 0.000000000000000000 ) ) ;
#3547 = DIRECTION ( 'NONE',  ( 1.000000000000000000, 0.000000000000000000, 2.891205793294680298E-16 ) ) ;
#3548 = EDGE_CURVE ( 'NONE', #2770, #3833, #3957, .T. ) ;
#3549 = DIRECTION ( 'NONE',  ( 0.000000000000000000, -0.000000000000000000, 1.000000000000000000 ) ) ;
#3550 = EDGE_LOOP ( 'NONE', ( #4417, #815, #1836, #1736 ) ) ;
#3551 = SURFACE_SIDE_STYLE ('',( #1148 ) ) ;
#3552 = CARTESIAN_POINT ( 'NONE',  ( -1.235000000000000542, 0.5500000000000000444, 0.000000000000000000 ) ) ;
#3553 = ORIENTED_EDGE ( 'NONE', *, *, #3411, .F. ) ;
#3554 = CARTESIAN_POINT ( 'NONE',  ( 0.000000000000000000, 0.7500000000000000000, 1.600000000000000311 ) ) ;
#3555 = EDGE_LOOP ( 'NONE', ( #1358, #1046, #608, #4381 ) ) ;
#3556 = DIRECTION ( 'NONE',  ( -1.000000000000000000, 0.000000000000000000, 0.000000000000000000 ) ) ;
#3557 = ADVANCED_FACE ( 'NONE', ( #2028 ), #3071, .F. ) ;
#3558 = CARTESIAN_POINT ( 'NONE',  ( 1.124999999999998890, 0.7500000000000000000, -1.599999999999999867 ) ) ;
#3559 = ORIENTED_EDGE ( 'NONE', *, *, #3155, .T. ) ;
#3560 = CARTESIAN_POINT ( 'NONE',  ( -1.235000000000000098, 0.5500000000000000444, -0.000000000000000000 ) ) ;
#3561 = ORIENTED_EDGE ( 'NONE', *, *, #353, .T. ) ;
#3562 = EDGE_CURVE ( 'NONE', #2535, #2689, #4151, .T. ) ;
#3563 = DIRECTION ( 'NONE',  ( -1.000000000000000000, -0.000000000000000000, -0.000000000000000000 ) ) ;
#3564 = CARTESIAN_POINT ( 'NONE',  ( -0.006574447241207126945, 0.7500000000000000000, -0.002392903102553035552 ) ) ;
#3565 = VERTEX_POINT ( 'NONE', #983 ) ;
#3566 = CARTESIAN_POINT ( 'NONE',  ( -1.235000000000000098, 0.5500000000000000444, -1.500000000000000222 ) ) ;
#3567 = EDGE_CURVE ( 'NONE', #1597, #3654, #3443, .T. ) ;
#3568 = CARTESIAN_POINT ( 'NONE',  ( -1.235000000000000542, 0.5500000000000000444, 0.000000000000000000 ) ) ;
#3569 = CARTESIAN_POINT ( 'NONE',  ( -8.673617379884037444E-16, 0.5500000000000000444, 1.500000000000000444 ) ) ;
#3570 = CARTESIAN_POINT ( 'NONE',  ( 1.000000000000000000, 6.070490430446589869, -1.324999999999999734 ) ) ;
#3571 = VERTEX_POINT ( 'NONE', #4521 ) ;
#3572 = DIRECTION ( 'NONE',  ( -0.000000000000000000, -1.000000000000000000, -0.000000000000000000 ) ) ;
#3573 = DIRECTION ( 'NONE',  ( -0.000000000000000000, 0.000000000000000000, -1.000000000000000000 ) ) ;
#3574 = CARTESIAN_POINT ( 'NONE',  ( 0.000000000000000000, 0.5500000000000000444, 0.000000000000000000 ) ) ;
#3575 = ORIENTED_EDGE ( 'NONE', *, *, #1563, .T. ) ;
#3576 = CARTESIAN_POINT ( 'NONE',  ( 1.249999999999999778, 0.7500000000000000000, 0.000000000000000000 ) ) ;
#3577 = ORIENTED_EDGE ( 'NONE', *, *, #35, .F. ) ;
#3578 = AXIS2_PLACEMENT_3D ( 'NONE', #2676, #1616, #4487 ) ;
#3579 = EDGE_LOOP ( 'NONE', ( #662, #4158, #905, #304 ) ) ;
#3580 = CARTESIAN_POINT ( 'NONE',  ( 1.000000000000000000, 0.9749999999999998668, -1.324999999999999734 ) ) ;
#3581 = ORIENTED_EDGE ( 'NONE', *, *, #4401, .F. ) ;
#3582 = DIRECTION ( 'NONE',  ( -4.065758146820640148E-16, 0.000000000000000000, -1.000000000000000000 ) ) ;
#3583 = EDGE_CURVE ( 'NONE', #2487, #3690, #2779, .T. ) ;
#3584 = ORIENTED_EDGE ( 'NONE', *, *, #329, .F. ) ;
#3585 = EDGE_CURVE ( 'NONE', #2515, #4508, #1105, .T. ) ;
#3586 = CARTESIAN_POINT ( 'NONE',  ( -1.235000000000000542, 0.7500000000000000000, 0.9749999999999997558 ) ) ;
#3587 = CARTESIAN_POINT ( 'NONE',  ( -1.235000000000000098, 0.5500000000000000444, 0.000000000000000000 ) ) ;
#3588 = DIRECTION ( 'NONE',  ( 1.000000000000000000, -3.854941057726241055E-15, 0.000000000000000000 ) ) ;
#3589 = PLANE ( 'NONE',  #4533 ) ;
#3590 = AXIS2_PLACEMENT_3D ( 'NONE', #2067, #2383, #606 ) ;
#3591 = DIRECTION ( 'NONE',  ( 0.2169304578186523891, 0.9761870601839536254, 0.000000000000000000 ) ) ;
#3592 = FACE_OUTER_BOUND ( 'NONE', #4263, .T. ) ;
#3593 = VECTOR ( 'NONE', #2297, 1000.000000000000000 ) ;
#3594 = ADVANCED_FACE ( 'NONE', ( #1428 ), #3589, .F. ) ;
#3595 = CARTESIAN_POINT ( 'NONE',  ( 0.5000000000000000000, 0.5500000000000000444, 0.7000000000000000666 ) ) ;
#3596 = VECTOR ( 'NONE', #2057, 1000.000000000000000 ) ;
#3597 = VERTEX_POINT ( 'NONE', #37 ) ;
#3598 = DIRECTION ( 'NONE',  ( -1.000000000000000000, 0.000000000000000000, -2.891205793294680298E-16 ) ) ;
#3599 = VECTOR ( 'NONE', #3514, 1000.000000000000000 ) ;
#3600 = ORIENTED_EDGE ( 'NONE', *, *, #2420, .F. ) ;
#3601 = VECTOR ( 'NONE', #3868, 1000.000000000000000 ) ;
#3602 = ADVANCED_FACE ( 'NONE', ( #58 ), #3493, .F. ) ;
#3603 = CARTESIAN_POINT ( 'NONE',  ( 1.235000000000000098, 0.5500000000000000444, -0.6999999999999996225 ) ) ;
#3604 = EDGE_LOOP ( 'NONE', ( #2672, #4243, #3491, #365 ) ) ;
#3605 = DIRECTION ( 'NONE',  ( 0.000000000000000000, 0.000000000000000000, 1.000000000000000000 ) ) ;
#3606 = LINE ( 'NONE', #3994, #2688 ) ;
#3607 = VECTOR ( 'NONE', #397, 1000.000000000000000 ) ;
#3608 = AXIS2_PLACEMENT_3D ( 'NONE', #1967, #1281, #3050 ) ;
#3609 = EDGE_LOOP ( 'NONE', ( #2729, #2677, #1445, #1523 ) ) ;
#3610 = CARTESIAN_POINT ( 'NONE',  ( -0.3102022324300334755, 0.7500000000000000000, 1.600000000000000311 ) ) ;
#3611 = ORIENTED_EDGE ( 'NONE', *, *, #3064, .F. ) ;
#3612 = LINE ( 'NONE', #1860, #585 ) ;
#3613 = VECTOR ( 'NONE', #192, 1000.000000000000000 ) ;
#3614 = LINE ( 'NONE', #1684, #389 ) ;
#3615 = FACE_OUTER_BOUND ( 'NONE', #925, .T. ) ;
#3616 = ORIENTED_EDGE ( 'NONE', *, *, #1016, .F. ) ;
#3617 = FACE_OUTER_BOUND ( 'NONE', #2556, .T. ) ;
#3618 = ADVANCED_FACE ( 'NONE', ( #4231 ), #2850, .T. ) ;
#3619 = AXIS2_PLACEMENT_3D ( 'NONE', #366, #1727, #3128 ) ;
#3620 = CARTESIAN_POINT ( 'NONE',  ( -1.235000000000000542, 0.000000000000000000, 0.9749999999999997558 ) ) ;
#3621 = LINE ( 'NONE', #750, #1177 ) ;
#3622 = DIRECTION ( 'NONE',  ( 0.000000000000000000, 0.000000000000000000, 1.000000000000000000 ) ) ;
#3623 = VECTOR ( 'NONE', #564, 1000.000000000000000 ) ;
#3624 = CARTESIAN_POINT ( 'NONE',  ( 0.000000000000000000, 0.5500000000000000444, 0.000000000000000000 ) ) ;
#3625 = ORIENTED_EDGE ( 'NONE', *, *, #3214, .T. ) ;
#3626 = DIRECTION ( 'NONE',  ( -1.000000000000000000, -0.000000000000000000, -0.000000000000000000 ) ) ;
#3627 = EDGE_CURVE ( 'NONE', #783, #1399, #720, .T. ) ;
#3628 = VERTEX_POINT ( 'NONE', #1739 ) ;
#3629 = DIRECTION ( 'NONE',  ( 0.000000000000000000, 0.000000000000000000, 1.000000000000000000 ) ) ;
#3630 = DIRECTION ( 'NONE',  ( 0.000000000000000000, 0.000000000000000000, -1.000000000000000000 ) ) ;
#3631 = CARTESIAN_POINT ( 'NONE',  ( 1.235000000000000098, 0.5500000000000000444, -0.6999999999999996225 ) ) ;
#3632 = ORIENTED_EDGE ( 'NONE', *, *, #2928, .F. ) ;
#3633 = PLANE ( 'NONE',  #1681 ) ;
#3634 = LINE ( 'NONE', #4314, #2877 ) ;
#3635 = EDGE_LOOP ( 'NONE', ( #2563, #3867, #2631, #4206 ) ) ;
#3636 = EDGE_LOOP ( 'NONE', ( #2197, #3154, #2992, #139 ) ) ;
#3637 = CARTESIAN_POINT ( 'NONE',  ( -1.235000000000000542, 0.5500000000000000444, 1.224999999999999423 ) ) ;
#3638 = ORIENTED_EDGE ( 'NONE', *, *, #4313, .T. ) ;
#3639 = DIRECTION ( 'NONE',  ( -0.3420201433256800372, 0.000000000000000000, -0.9396926207859043201 ) ) ;
#3640 = DIRECTION ( 'NONE',  ( 0.000000000000000000, 0.000000000000000000, -1.000000000000000000 ) ) ;
#3641 = ORIENTED_EDGE ( 'NONE', *, *, #2403, .F. ) ;
#3642 = EDGE_CURVE ( 'NONE', #3269, #2825, #1145, .T. ) ;
#3643 = ORIENTED_EDGE ( 'NONE', *, *, #693, .F. ) ;
#3644 = FACE_OUTER_BOUND ( 'NONE', #1295, .T. ) ;
#3645 = ORIENTED_EDGE ( 'NONE', *, *, #1876, .F. ) ;
#3646 = FACE_OUTER_BOUND ( 'NONE', #1913, .T. ) ;
#3647 = ORIENTED_EDGE ( 'NONE', *, *, #205, .F. ) ;
#3648 = DIRECTION ( 'NONE',  ( -0.000000000000000000, -1.000000000000000000, -0.000000000000000000 ) ) ;
#3649 = VECTOR ( 'NONE', #3773, 1000.000000000000000 ) ;
#3650 = DIRECTION ( 'NONE',  ( 1.000000000000000000, 0.000000000000000000, -0.000000000000000000 ) ) ;
#3651 = CARTESIAN_POINT ( 'NONE',  ( -8.673617379884037444E-16, 0.5500000000000000444, 1.500000000000000444 ) ) ;
#3652 = DIRECTION ( 'NONE',  ( 0.000000000000000000, -1.000000000000000000, 0.000000000000000000 ) ) ;
#3653 = CARTESIAN_POINT ( 'NONE',  ( -1.125000000000000222, 1.199999999999999734, 1.324999999999999734 ) ) ;
#3654 = VERTEX_POINT ( 'NONE', #3139 ) ;
#3655 = EDGE_CURVE ( 'NONE', #4148, #592, #745, .T. ) ;
#3656 = DIRECTION ( 'NONE',  ( -0.000000000000000000, -1.000000000000000000, -0.000000000000000000 ) ) ;
#3657 = VERTEX_POINT ( 'NONE', #2506 ) ;
#3658 = FACE_OUTER_BOUND ( 'NONE', #1485, .T. ) ;
#3659 = CARTESIAN_POINT ( 'NONE',  ( 0.000000000000000000, 0.000000000000000000, -1.224999999999999867 ) ) ;
#3660 = VERTEX_POINT ( 'NONE', #3192 ) ;
#3661 = VERTEX_POINT ( 'NONE', #448 ) ;
#3662 = CARTESIAN_POINT ( 'NONE',  ( 0.000000000000000000, 0.000000000000000000, 0.000000000000000000 ) ) ;
#3663 = ORIENTED_EDGE ( 'NONE', *, *, #1838, .T. ) ;
#3664 = VECTOR ( 'NONE', #4316, 1000.000000000000000 ) ;
#3665 = EDGE_CURVE ( 'NONE', #1136, #1205, #8, .T. ) ;
#3666 = CIRCLE ( 'NONE', #740, 0.1499999999999999667 ) ;
#3667 = VECTOR ( 'NONE', #2983, 1000.000000000000114 ) ;
#3668 = CARTESIAN_POINT ( 'NONE',  ( -8.673617379884037444E-16, 0.5500000000000000444, 1.500000000000000444 ) ) ;
#3669 = ORIENTED_EDGE ( 'NONE', *, *, #2748, .F. ) ;
#3670 = VECTOR ( 'NONE', #1576, 1000.000000000000000 ) ;
#3671 = LINE ( 'NONE', #1857, #1149 ) ;
#3672 = COLOUR_RGB ( '',1.000000000000000000, 0.8117647058823529438, 0.5019607843137254832 ) ;
#3673 = VECTOR ( 'NONE', #1189, 1000.000000000000000 ) ;
#3674 = DIRECTION ( 'NONE',  ( 0.000000000000000000, 0.000000000000000000, -1.000000000000000000 ) ) ;
#3675 = DIRECTION ( 'NONE',  ( -0.000000000000000000, 0.000000000000000000, -1.000000000000000000 ) ) ;
#3676 = LINE ( 'NONE', #513, #1675 ) ;
#3677 = ORIENTED_EDGE ( 'NONE', *, *, #3991, .F. ) ;
#3678 = EDGE_CURVE ( 'NONE', #483, #3817, #2996, .T. ) ;
#3679 = VECTOR ( 'NONE', #280, 1000.000000000000000 ) ;
#3680 = CARTESIAN_POINT ( 'NONE',  ( -0.8250000000000001776, 1.149999999999999911, -1.149999999999999911 ) ) ;
#3681 = VERTEX_POINT ( 'NONE', #792 ) ;
#3682 = FACE_OUTER_BOUND ( 'NONE', #1595, .T. ) ;
#3683 = PLANE ( 'NONE',  #222 ) ;
#3684 = DIRECTION ( 'NONE',  ( 0.000000000000000000, -0.000000000000000000, 1.000000000000000000 ) ) ;
#3685 = ADVANCED_FACE ( 'NONE', ( #1405 ), #2454, .T. ) ;
#3686 = VECTOR ( 'NONE', #1139, 1000.000000000000000 ) ;
#3687 = ORIENTED_EDGE ( 'NONE', *, *, #1587, .F. ) ;
#3688 = VECTOR ( 'NONE', #622, 1000.000000000000000 ) ;
#3689 = CARTESIAN_POINT ( 'NONE',  ( -1.235000000000000098, 0.5500000000000000444, -1.224999999999999867 ) ) ;
#3690 = VERTEX_POINT ( 'NONE', #3243 ) ;
#3691 = CARTESIAN_POINT ( 'NONE',  ( -1.235000000000000542, 0.000000000000000000, 0.000000000000000000 ) ) ;
#3692 = EDGE_CURVE ( 'NONE', #4227, #783, #1766, .T. ) ;
#3693 = ORIENTED_EDGE ( 'NONE', *, *, #3433, .T. ) ;
#3694 = CARTESIAN_POINT ( 'NONE',  ( -1.000000000000000000, 0.7500000000000000000, -1.449999999999999067 ) ) ;
#3695 = ADVANCED_FACE ( 'NONE', ( #3883 ), #2900, .F. ) ;
#3696 = DIRECTION ( 'NONE',  ( 0.000000000000000000, -1.000000000000000000, 0.000000000000000000 ) ) ;
#3697 = DIRECTION ( 'NONE',  ( -0.000000000000000000, -1.000000000000000000, -0.000000000000000000 ) ) ;
#3698 = VERTEX_POINT ( 'NONE', #2182 ) ;
#3699 = EDGE_CURVE ( 'NONE', #810, #4494, #378, .T. ) ;
#3700 = CARTESIAN_POINT ( 'NONE',  ( -1.250000000000000222, 0.000000000000000000, -0.000000000000000000 ) ) ;
#3701 = EDGE_LOOP ( 'NONE', ( #2697, #137, #1554, #1359, #4126 ) ) ;
#3702 = LINE ( 'NONE', #558, #3452 ) ;
#3703 = DIRECTION ( 'NONE',  ( -0.000000000000000000, -1.000000000000000000, -0.000000000000000000 ) ) ;
#3704 = ORIENTED_EDGE ( 'NONE', *, *, #3956, .T. ) ;
#3705 = ORIENTED_EDGE ( 'NONE', *, *, #53, .T. ) ;
#3706 = PLANE ( 'NONE',  #2786 ) ;
#3707 = ORIENTED_EDGE ( 'NONE', *, *, #2570, .F. ) ;
#3708 = FACE_OUTER_BOUND ( 'NONE', #2501, .T. ) ;
#3709 = CARTESIAN_POINT ( 'NONE',  ( -1.235000000000000542, 0.5500000000000000444, 0.9749999999999997558 ) ) ;
#3710 = LINE ( 'NONE', #3081, #1676 ) ;
#3711 = CARTESIAN_POINT ( 'NONE',  ( 1.235000000000000098, 0.5500000000000000444, -0.6999999999999996225 ) ) ;
#3712 = FILL_AREA_STYLE_COLOUR ( '', #3672 ) ;
#3713 = VERTEX_POINT ( 'NONE', #80 ) ;
#3714 = APPLICATION_CONTEXT ( 'automotive_design' ) ;
#3715 = ADVANCED_FACE ( 'NONE', ( #2879 ), #109, .F. ) ;
#3716 = EDGE_CURVE ( 'NONE', #3657, #90, #3267, .T. ) ;
#3717 = VECTOR ( 'NONE', #1654, 1000.000000000000000 ) ;
#3718 = ORIENTED_EDGE ( 'NONE', *, *, #2851, .F. ) ;
#3719 = DIRECTION ( 'NONE',  ( 0.000000000000000000, 0.000000000000000000, -1.000000000000000000 ) ) ;
#3720 = EDGE_LOOP ( 'NONE', ( #3535, #829, #259, #1027, #2967, #1212, #2119, #2473, #2021 ) ) ;
#3721 = DIRECTION ( 'NONE',  ( 1.000000000000000000, -0.000000000000000000, 0.000000000000000000 ) ) ;
#3722 = FACE_OUTER_BOUND ( 'NONE', #2940, .T. ) ;
#3723 = LINE ( 'NONE', #68, #3138 ) ;
#3724 = CARTESIAN_POINT ( 'NONE',  ( -1.000000000000000000, 1.199999999999999734, -1.449999999999999956 ) ) ;
#3725 = CARTESIAN_POINT ( 'NONE',  ( -0.7000000000000016209, 0.5500000000000000444, -0.6999999999999986233 ) ) ;
#3726 = CARTESIAN_POINT ( 'NONE',  ( -1.235000000000000542, 0.5500000000000000444, 1.224999999999999423 ) ) ;
#3727 = EDGE_LOOP ( 'NONE', ( #3835, #3641, #4480, #2090, #678 ) ) ;
#3728 = ADVANCED_FACE ( 'NONE', ( #816 ), #1169, .F. ) ;
#3729 = LINE ( 'NONE', #1184, #1852 ) ;
#3730 = AXIS2_PLACEMENT_3D ( 'NONE', #4138, #986, #1310 ) ;
#3731 = FACE_OUTER_BOUND ( 'NONE', #2398, .T. ) ;
#3732 = ORIENTED_EDGE ( 'NONE', *, *, #450, .F. ) ;
#3733 = ADVANCED_FACE ( 'NONE', ( #3617 ), #2578, .F. ) ;
#3734 = AXIS2_PLACEMENT_3D ( 'NONE', #1112, #1476, #3938 ) ;
#3735 = VECTOR ( 'NONE', #425, 1000.000000000000000 ) ;
#3736 = FACE_OUTER_BOUND ( 'NONE', #4462, .T. ) ;
#3737 = DIRECTION ( 'NONE',  ( -0.000000000000000000, -1.000000000000000000, 0.000000000000000000 ) ) ;
#3738 = VECTOR ( 'NONE', #3989, 1000.000000000000000 ) ;
#3739 = FACE_OUTER_BOUND ( 'NONE', #3438, .T. ) ;
#3740 = CARTESIAN_POINT ( 'NONE',  ( 0.3374999999999996891, 0.000000000000000000, -1.524999999999999911 ) ) ;
#3741 = ORIENTED_EDGE ( 'NONE', *, *, #3924, .F. ) ;
#3742 = EDGE_CURVE ( 'NONE', #555, #2787, #3407, .T. ) ;
#3743 = DIRECTION ( 'NONE',  ( -0.000000000000000000, -1.000000000000000000, -0.000000000000000000 ) ) ;
#3744 = DIRECTION ( 'NONE',  ( -0.000000000000000000, 0.000000000000000000, 1.000000000000000000 ) ) ;
#3745 = DIRECTION ( 'NONE',  ( 1.000000000000000000, 0.000000000000000000, 0.000000000000000000 ) ) ;
#3746 = AXIS2_PLACEMENT_3D ( 'NONE', #179, #1561, #4363 ) ;
#3747 = VERTEX_POINT ( 'NONE', #2785 ) ;
#3748 = DIRECTION ( 'NONE',  ( -1.000000000000000000, 0.000000000000000000, 0.000000000000000000 ) ) ;
#3749 = ORIENTED_EDGE ( 'NONE', *, *, #1822, .F. ) ;
#3750 = DIRECTION ( 'NONE',  ( 1.355252715606879556E-16, 0.000000000000000000, -1.000000000000000000 ) ) ;
#3751 = VECTOR ( 'NONE', #342, 1000.000000000000000 ) ;
#3752 = ORIENTED_EDGE ( 'NONE', *, *, #2999, .F. ) ;
#3753 = ADVANCED_FACE ( 'NONE', ( #4119 ), #4188, .F. ) ;
#3754 = CYLINDRICAL_SURFACE ( 'NONE', #4152, 0.1249999999999998890 ) ;
#3755 = ORIENTED_EDGE ( 'NONE', *, *, #4057, .T. ) ;
#3756 = DIRECTION ( 'NONE',  ( -5.782411586589357639E-16, 0.000000000000000000, 1.000000000000000000 ) ) ;
#3757 = ADVANCED_FACE ( 'NONE', ( #3036 ), #967, .F. ) ;
#3758 = DIRECTION ( 'NONE',  ( -1.000000000000000000, 0.000000000000000000, -0.000000000000000000 ) ) ;
#3759 = DIRECTION ( 'NONE',  ( 0.000000000000000000, 0.000000000000000000, -1.000000000000000000 ) ) ;
#3760 = ORIENTED_EDGE ( 'NONE', *, *, #851, .F. ) ;
#3761 = DIRECTION ( 'NONE',  ( -1.000000000000000000, 0.000000000000000000, 0.000000000000000000 ) ) ;
#3762 = ORIENTED_EDGE ( 'NONE', *, *, #3432, .T. ) ;
#3763 = PLANE ( 'NONE',  #753 ) ;
#3764 = CARTESIAN_POINT ( 'NONE',  ( -4.047688110612549065E-16, 0.5500000000000000444, 0.6999999999999999556 ) ) ;
#3765 = CARTESIAN_POINT ( 'NONE',  ( -0.8250000000000001776, 1.149999999999999911, -1.000000000000000000 ) ) ;
#3766 = CARTESIAN_POINT ( 'NONE',  ( 1.235000000000000098, 0.5500000000000000444, -1.500000000000000222 ) ) ;
#3767 = ORIENTED_EDGE ( 'NONE', *, *, #2165, .T. ) ;
#3768 = ORIENTED_EDGE ( 'NONE', *, *, #2980, .T. ) ;
#3769 = DIRECTION ( 'NONE',  ( 0.000000000000000000, 0.000000000000000000, -1.000000000000000000 ) ) ;
#3770 = ADVANCED_FACE ( 'NONE', ( #3099 ), #2761, .T. ) ;
#3771 = EDGE_CURVE ( 'NONE', #3058, #2147, #3057, .T. ) ;
#3772 = ORIENTED_EDGE ( 'NONE', *, *, #3465, .F. ) ;
#3773 = DIRECTION ( 'NONE',  ( 1.000000000000000000, 0.000000000000000000, 0.000000000000000000 ) ) ;
#3774 = ORIENTED_EDGE ( 'NONE', *, *, #2478, .F. ) ;
#3775 = CARTESIAN_POINT ( 'NONE',  ( 1.235000000000000986, 0.5500000000000000444, 0.7000000000000000666 ) ) ;
#3776 = CARTESIAN_POINT ( 'NONE',  ( 1.235000000000000986, 0.5500000000000000444, 0.7000000000000000666 ) ) ;
#3777 = DIRECTION ( 'NONE',  ( -0.000000000000000000, -1.000000000000000000, -0.000000000000000000 ) ) ;
#3778 = ADVANCED_FACE ( 'NONE', ( #645 ), #1043, .T. ) ;
#3779 = ORIENTED_EDGE ( 'NONE', *, *, #269, .T. ) ;
#3780 = DIRECTION ( 'NONE',  ( 0.000000000000000000, 0.000000000000000000, 1.000000000000000000 ) ) ;
#3781 = CARTESIAN_POINT ( 'NONE',  ( -1.000000000000000000, 0.7500000000000000000, -1.499999999999998890 ) ) ;
#3782 = ORIENTED_EDGE ( 'NONE', *, *, #1760, .T. ) ;
#3783 = CARTESIAN_POINT ( 'NONE',  ( -0.5897977675699658251, 0.000000000000000000, -1.599999999999999867 ) ) ;
#3784 = PLANE ( 'NONE',  #2271 ) ;
#3785 = DIRECTION ( 'NONE',  ( -0.000000000000000000, -0.9761870601839536254, -0.2169304578186523891 ) ) ;
#3786 = EDGE_CURVE ( 'NONE', #267, #2258, #2716, .T. ) ;
#3787 = DIRECTION ( 'NONE',  ( 0.3420201433256800372, 0.000000000000000000, -0.9396926207859043201 ) ) ;
#3788 = CARTESIAN_POINT ( 'NONE',  ( -0.000000000000000000, 0.000000000000000000, -1.500000000000000222 ) ) ;
#3789 = SURFACE_STYLE_USAGE ( .BOTH. , #2760 ) ;
#3790 = DIRECTION ( 'NONE',  ( -1.000000000000000000, 0.000000000000000000, -0.000000000000000000 ) ) ;
#3791 = ORIENTED_EDGE ( 'NONE', *, *, #402, .F. ) ;
#3792 = CARTESIAN_POINT ( 'NONE',  ( 0.5000000000000002220, 0.000000000000000000, -0.6999999999999998446 ) ) ;
#3793 = EDGE_CURVE ( 'NONE', #2069, #2751, #3476, .T. ) ;
#3794 = LINE ( 'NONE', #3153, #3943 ) ;
#3795 = AXIS2_PLACEMENT_3D ( 'NONE', #2437, #4157, #3769 ) ;
#3796 = CARTESIAN_POINT ( 'NONE',  ( 0.3102022324300348632, 0.000000000000000000, -1.599999999999999867 ) ) ;
#3797 = DIRECTION ( 'NONE',  ( 0.000000000000000000, 0.000000000000000000, 1.000000000000000000 ) ) ;
#3798 = VECTOR ( 'NONE', #453, 1000.000000000000000 ) ;
#3799 = VERTEX_POINT ( 'NONE', #2741 ) ;
#3800 = ORIENTED_EDGE ( 'NONE', *, *, #1795, .F. ) ;
#3801 = VECTOR ( 'NONE', #4383, 1000.000000000000000 ) ;
#3802 = ORIENTED_EDGE ( 'NONE', *, *, #1134, .T. ) ;
#3803 = LINE ( 'NONE', #668, #3596 ) ;
#3804 = VERTEX_POINT ( 'NONE', #1357 ) ;
#3805 = ADVANCED_FACE ( 'NONE', ( #1674 ), #291, .T. ) ;
#3806 = CARTESIAN_POINT ( 'NONE',  ( 1.235000000000000986, 0.5500000000000000444, 1.224999999999999201 ) ) ;
#3807 = CARTESIAN_POINT ( 'NONE',  ( -0.5000000000000003331, 0.5500000000000000444, -0.9000000000000006883 ) ) ;
#3808 = CARTESIAN_POINT ( 'NONE',  ( 1.000000000000000000, 0.7500000000000000000, 1.449999999999999067 ) ) ;
#3809 = VECTOR ( 'NONE', #2488, 1000.000000000000000 ) ;
#3810 = AXIS2_PLACEMENT_3D ( 'NONE', #2396, #665, #3832 ) ;
#3811 = DIRECTION ( 'NONE',  ( -1.000000000000000000, 0.000000000000000000, 0.000000000000000000 ) ) ;
#3812 = LINE ( 'NONE', #3725, #1962 ) ;
#3813 = FILL_AREA_STYLE_COLOUR ( '', #459 ) ;
#3814 = CARTESIAN_POINT ( 'NONE',  ( 1.235000000000000986, 0.5500000000000000444, 1.224999999999999201 ) ) ;
#3815 = PRODUCT_DEFINITION_FORMATION_WITH_SPECIFIED_SOURCE ( 'ANY', '', #969, .NOT_KNOWN. ) ;
#3816 = ORIENTED_EDGE ( 'NONE', *, *, #1406, .F. ) ;
#3817 = VERTEX_POINT ( 'NONE', #3450 ) ;
#3818 = VECTOR ( 'NONE', #690, 1000.000000000000000 ) ;
#3819 = LINE ( 'NONE', #3480, #1831 ) ;
#3820 = DIRECTION ( 'NONE',  ( -0.000000000000000000, -0.000000000000000000, -1.000000000000000000 ) ) ;
#3821 = ORIENTED_EDGE ( 'NONE', *, *, #1293, .T. ) ;
#3822 = AXIS2_PLACEMENT_3D ( 'NONE', #3554, #415, #183 ) ;
#3823 = EDGE_CURVE ( 'NONE', #1929, #4215, #4505, .T. ) ;
#3824 = LINE ( 'NONE', #1365, #1187 ) ;
#3825 =( NAMED_UNIT ( * ) SI_UNIT ( $, .STERADIAN. ) SOLID_ANGLE_UNIT ( ) );
#3826 = VECTOR ( 'NONE', #49, 1000.000000000000000 ) ;
#3827 = DIRECTION ( 'NONE',  ( -0.000000000000000000, -1.000000000000000000, 0.000000000000000000 ) ) ;
#3828 = CARTESIAN_POINT ( 'NONE',  ( 0.000000000000000000, 0.000000000000000000, 1.600000000000000311 ) ) ;
#3829 = EDGE_CURVE ( 'NONE', #1040, #1965, #1596, .T. ) ;
#3830 = ORIENTED_EDGE ( 'NONE', *, *, #2696, .T. ) ;
#3831 = ADVANCED_FACE ( 'NONE', ( #4439 ), #334, .F. ) ;
#3832 = DIRECTION ( 'NONE',  ( 1.000000000000000000, 0.000000000000000000, -0.000000000000000000 ) ) ;
#3833 = VERTEX_POINT ( 'NONE', #247 ) ;
#3834 = LINE ( 'NONE', #718, #3306 ) ;
#3835 = ORIENTED_EDGE ( 'NONE', *, *, #529, .F. ) ;
#3836 = PLANE ( 'NONE',  #3608 ) ;
#3837 = DIRECTION ( 'NONE',  ( 0.000000000000000000, 0.000000000000000000, -1.000000000000000000 ) ) ;
#3838 = FACE_OUTER_BOUND ( 'NONE', #2294, .T. ) ;
#3839 = DIRECTION ( 'NONE',  ( -1.000000000000000000, 0.000000000000000000, 0.000000000000000000 ) ) ;
#3840 = DIRECTION ( 'NONE',  ( -0.000000000000000000, -1.000000000000000000, 0.000000000000000000 ) ) ;
#3841 = ORIENTED_EDGE ( 'NONE', *, *, #3107, .T. ) ;
#3842 = ORIENTED_EDGE ( 'NONE', *, *, #4256, .F. ) ;
#3843 = EDGE_CURVE ( 'NONE', #810, #2535, #2694, .T. ) ;
#3844 = CARTESIAN_POINT ( 'NONE',  ( -1.000000000000000000, 0.7500000000000000000, 1.324999999999999734 ) ) ;
#3845 = EDGE_LOOP ( 'NONE', ( #3100, #2186, #1847, #4099 ) ) ;
#3846 = CARTESIAN_POINT ( 'NONE',  ( -1.235000000000000098, 0.000000000000000000, -0.000000000000000000 ) ) ;
#3847 = CARTESIAN_POINT ( 'NONE',  ( 1.125000000000000444, 0.9749999999999998668, 1.324999999999999734 ) ) ;
#3848 = ORIENTED_EDGE ( 'NONE', *, *, #4257, .T. ) ;
#3849 = ADVANCED_FACE ( 'NONE', ( #3592 ), #2088, .F. ) ;
#3850 = FACE_OUTER_BOUND ( 'NONE', #4409, .T. ) ;
#3851 = PLANE ( 'NONE',  #1917 ) ;
#3852 = DIRECTION ( 'NONE',  ( 4.065758146820640148E-16, 0.000000000000000000, 1.000000000000000000 ) ) ;
#3853 = VERTEX_POINT ( 'NONE', #1797 ) ;
#3854 = ORIENTED_EDGE ( 'NONE', *, *, #3823, .T. ) ;
#3855 = LINE ( 'NONE', #2133, #3963 ) ;
#3856 = DIRECTION ( 'NONE',  ( -1.000000000000000000, 0.000000000000000000, 0.000000000000000000 ) ) ;
#3857 = CARTESIAN_POINT ( 'NONE',  ( -1.125000000000000222, 0.9749999999999998668, 0.000000000000000000 ) ) ;
#3858 = EDGE_CURVE ( 'NONE', #2608, #3223, #432, .T. ) ;
#3859 = CARTESIAN_POINT ( 'NONE',  ( -1.250000000000000222, 0.000000000000000000, -0.000000000000000000 ) ) ;
#3860 = ORIENTED_EDGE ( 'NONE', *, *, #1280, .T. ) ;
#3861 = CARTESIAN_POINT ( 'NONE',  ( 1.174999999999999156, 0.7500000000000000000, -1.324999999999999734 ) ) ;
#3862 = AXIS2_PLACEMENT_3D ( 'NONE', #2130, #691, #3540 ) ;
#3863 = FACE_OUTER_BOUND ( 'NONE', #32, .T. ) ;
#3864 = ORIENTED_EDGE ( 'NONE', *, *, #784, .T. ) ;
#3865 = ORIENTED_EDGE ( 'NONE', *, *, #1353, .T. ) ;
#3866 = FACE_OUTER_BOUND ( 'NONE', #2599, .T. ) ;
#3867 = ORIENTED_EDGE ( 'NONE', *, *, #3699, .F. ) ;
#3868 = DIRECTION ( 'NONE',  ( 0.000000000000000000, 0.000000000000000000, -1.000000000000000000 ) ) ;
#3869 = EDGE_CURVE ( 'NONE', #336, #3747, #1015, .T. ) ;
#3870 = CARTESIAN_POINT ( 'NONE',  ( 0.000000000000000000, 0.5500000000000000444, -0.9750000000000001998 ) ) ;
#3871 = ORIENTED_EDGE ( 'NONE', *, *, #868, .F. ) ;
#3872 = ORIENTED_EDGE ( 'NONE', *, *, #3359, .F. ) ;
#3873 = FACE_OUTER_BOUND ( 'NONE', #2233, .T. ) ;
#3874 = VERTEX_POINT ( 'NONE', #1500 ) ;
#3875 = FILL_AREA_STYLE_COLOUR ( '', #11 ) ;
#3876 = LINE ( 'NONE', #1121, #4482 ) ;
#3877 = LINE ( 'NONE', #4537, #3053 ) ;
#3878 = EDGE_LOOP ( 'NONE', ( #3205, #1381, #447, #2040 ) ) ;
#3879 = ORIENTED_EDGE ( 'NONE', *, *, #928, .T. ) ;
#3880 = DIRECTION ( 'NONE',  ( 0.000000000000000000, -0.000000000000000000, -1.000000000000000000 ) ) ;
#3881 = CARTESIAN_POINT ( 'NONE',  ( -0.006574447241220594471, 0.000000000000000000, 0.002392903102557876732 ) ) ;
#3882 = AXIS2_PLACEMENT_3D ( 'NONE', #3552, #15, #775 ) ;
#3883 = FACE_OUTER_BOUND ( 'NONE', #2792, .T. ) ;
#3884 = VECTOR ( 'NONE', #3953, 1000.000000000000000 ) ;
#3885 = ADVANCED_FACE ( 'NONE', ( #2482 ), #3174, .T. ) ;
#3886 = DIRECTION ( 'NONE',  ( 1.000000000000000000, -0.000000000000000000, 0.000000000000000000 ) ) ;
#3887 = EDGE_LOOP ( 'NONE', ( #762, #2742, #1230, #2058 ) ) ;
#3888 = AXIS2_PLACEMENT_3D ( 'NONE', #405, #56, #1124 ) ;
#3889 = CARTESIAN_POINT ( 'NONE',  ( -1.250000000000000222, 0.000000000000000000, -1.224999999999999867 ) ) ;
#3890 = PLANE ( 'NONE',  #1 ) ;
#3891 = ORIENTED_EDGE ( 'NONE', *, *, #1339, .F. ) ;
#3892 = CIRCLE ( 'NONE', #375, 0.1249999999999998890 ) ;
#3893 = VECTOR ( 'NONE', #2413, 1000.000000000000000 ) ;
#3894 = PLANE ( 'NONE',  #3822 ) ;
#3895 = EDGE_CURVE ( 'NONE', #2552, #2024, #2904, .T. ) ;
#3896 = ORIENTED_EDGE ( 'NONE', *, *, #3935, .F. ) ;
#3897 = CARTESIAN_POINT ( 'NONE',  ( -1.235000000000000098, 0.5500000000000000444, -0.6999999999999998446 ) ) ;
#3898 = AXIS2_PLACEMENT_3D ( 'NONE', #3960, #3173, #4298 ) ;
#3899 = CARTESIAN_POINT ( 'NONE',  ( -1.125000000000000222, 0.7500000000000000000, -1.324999999999999734 ) ) ;
#3900 = ORIENTED_EDGE ( 'NONE', *, *, #1649, .F. ) ;
#3901 = ADVANCED_FACE ( 'NONE', ( #3863 ), #3890, .T. ) ;
#3902 = AXIS2_PLACEMENT_3D ( 'NONE', #3137, #377, #2475 ) ;
#3903 = VERTEX_POINT ( 'NONE', #1813 ) ;
#3904 = SURFACE_STYLE_USAGE ( .BOTH. , #4304 ) ;
#3905 = VERTEX_POINT ( 'NONE', #2811 ) ;
#3906 = CARTESIAN_POINT ( 'NONE',  ( -0.5000000000000003331, 0.5500000000000000444, -6.776263578034402713E-17 ) ) ;
#3907 = CARTESIAN_POINT ( 'NONE',  ( 1.125000000000000444, 0.9749999999999998668, -1.324999999999999734 ) ) ;
#3908 = VECTOR ( 'NONE', #2982, 1000.000000000000000 ) ;
#3909 = ORIENTED_EDGE ( 'NONE', *, *, #2822, .F. ) ;
#3910 = EDGE_CURVE ( 'NONE', #320, #872, #2884, .T. ) ;
#3911 = VECTOR ( 'NONE', #4310, 1000.000000000000000 ) ;
#3912 = ORIENTED_EDGE ( 'NONE', *, *, #263, .F. ) ;
#3913 = DIRECTION ( 'NONE',  ( 0.000000000000000000, 0.000000000000000000, 1.000000000000000000 ) ) ;
#3914 = CARTESIAN_POINT ( 'NONE',  ( 1.249999999999999778, 0.7500000000000000000, -1.474999999999998979 ) ) ;
#3915 = DIRECTION ( 'NONE',  ( 0.000000000000000000, 0.000000000000000000, 1.000000000000000000 ) ) ;
#3916 = DIRECTION ( 'NONE',  ( 0.000000000000000000, 0.000000000000000000, -1.000000000000000000 ) ) ;
#3917 = ORIENTED_EDGE ( 'NONE', *, *, #226, .T. ) ;
#3918 = PLANE ( 'NONE',  #3898 ) ;
#3919 = DIRECTION ( 'NONE',  ( -1.000000000000000000, 0.000000000000000000, 0.000000000000000000 ) ) ;
#3920 = LINE ( 'NONE', #2534, #2055 ) ;
#3921 = ORIENTED_EDGE ( 'NONE', *, *, #1580, .F. ) ;
#3922 = LINE ( 'NONE', #3533, #3809 ) ;
#3923 = ORIENTED_EDGE ( 'NONE', *, *, #3318, .T. ) ;
#3924 = EDGE_CURVE ( 'NONE', #187, #1345, #3066, .T. ) ;
#3925 = ADVANCED_FACE ( 'NONE', ( #2164 ), #2998, .T. ) ;
#3926 = CARTESIAN_POINT ( 'NONE',  ( -0.5000000000000001110, 0.000000000000000000, -1.500000000000000222 ) ) ;
#3927 = ORIENTED_EDGE ( 'NONE', *, *, #807, .T. ) ;
#3928 = CARTESIAN_POINT ( 'NONE',  ( 1.235000000000000098, 0.5500000000000000444, 0.000000000000000000 ) ) ;
#3929 = ADVANCED_FACE ( 'NONE', ( #3498 ), #1433, .T. ) ;
#3930 = ORIENTED_EDGE ( 'NONE', *, *, #1855, .T. ) ;
#3931 = CARTESIAN_POINT ( 'NONE',  ( -1.125000000000000222, 0.7500000000000000000, 1.324999999999999734 ) ) ;
#3932 = DIRECTION ( 'NONE',  ( 0.000000000000000000, 0.000000000000000000, 1.000000000000000000 ) ) ;
#3933 = VERTEX_POINT ( 'NONE', #725 ) ;
#3934 = DIRECTION ( 'NONE',  ( 0.3420201433256787604, 0.000000000000000000, -0.9396926207859047642 ) ) ;
#3935 = EDGE_CURVE ( 'NONE', #1362, #2012, #1772, .T. ) ;
#3936 = CARTESIAN_POINT ( 'NONE',  ( -1.000000000000000000, 6.070490430446589869, 1.449999999999999956 ) ) ;
#3937 = CARTESIAN_POINT ( 'NONE',  ( -0.5897977675699654920, 0.7500000000000000000, 1.600000000000000311 ) ) ;
#3938 = DIRECTION ( 'NONE',  ( -0.7071067811865459074, 0.000000000000000000, 0.7071067811865491270 ) ) ;
#3939 = DIRECTION ( 'NONE',  ( -1.000000000000000000, -0.000000000000000000, -1.084202172485504434E-16 ) ) ;
#3940 = VERTEX_POINT ( 'NONE', #2114 ) ;
#3941 = LINE ( 'NONE', #2930, #2642 ) ;
#3942 = ORIENTED_EDGE ( 'NONE', *, *, #3793, .T. ) ;
#3943 = VECTOR ( 'NONE', #1704, 1000.000000000000000 ) ;
#3944 = EDGE_LOOP ( 'NONE', ( #2961, #2889, #97, #3879 ) ) ;
#3945 = DIRECTION ( 'NONE',  ( 1.000000000000000000, 0.000000000000000000, 0.000000000000000000 ) ) ;
#3946 = EDGE_CURVE ( 'NONE', #3565, #2640, #2854, .T. ) ;
#3947 = FACE_OUTER_BOUND ( 'NONE', #2681, .T. ) ;
#3948 = FACE_OUTER_BOUND ( 'NONE', #3161, .T. ) ;
#3949 = DIRECTION ( 'NONE',  ( -0.000000000000000000, -1.000000000000000000, -0.000000000000000000 ) ) ;
#3950 = ORIENTED_EDGE ( 'NONE', *, *, #1444, .F. ) ;
#3951 = CARTESIAN_POINT ( 'NONE',  ( 1.249999999999999778, 0.7500000000000000000, 1.474999999999999423 ) ) ;
#3952 = CARTESIAN_POINT ( 'NONE',  ( -1.235000000000000098, 0.5500000000000000444, -0.9750000000000001998 ) ) ;
#3953 = DIRECTION ( 'NONE',  ( 3.854941057726241055E-15, 1.000000000000000000, 0.000000000000000000 ) ) ;
#3954 = ORIENTED_EDGE ( 'NONE', *, *, #329, .T. ) ;
#3955 = DIRECTION ( 'NONE',  ( -0.000000000000000000, -1.000000000000000000, 0.000000000000000000 ) ) ;
#3956 = EDGE_CURVE ( 'NONE', #2652, #3488, #1087, .T. ) ;
#3957 = CIRCLE ( 'NONE', #516, 0.1749999999999991562 ) ;
#3958 = CARTESIAN_POINT ( 'NONE',  ( 0.5897977675699657141, 0.000000000000000000, -1.599999999999999867 ) ) ;
#3959 = ORIENTED_EDGE ( 'NONE', *, *, #2421, .T. ) ;
#3960 = CARTESIAN_POINT ( 'NONE',  ( 0.000000000000000000, 0.5500000000000000444, -0.6999999999999998446 ) ) ;
#3961 = CARTESIAN_POINT ( 'NONE',  ( -0.8250000000000001776, 1.149999999999999911, -1.149999999999999911 ) ) ;
#3962 = VECTOR ( 'NONE', #2989, 1000.000000000000000 ) ;
#3963 = VECTOR ( 'NONE', #3211, 1000.000000000000000 ) ;
#3964 = VERTEX_POINT ( 'NONE', #3197 ) ;
#3965 = DIRECTION ( 'NONE',  ( 0.000000000000000000, -1.000000000000000000, 0.000000000000000000 ) ) ;
#3966 = STYLED_ITEM ( 'NONE', ( #1144 ), #4332 ) ;
#3967 = VERTEX_POINT ( 'NONE', #87 ) ;
#3968 = VECTOR ( 'NONE', #4054, 1000.000000000000000 ) ;
#3969 = ORIENTED_EDGE ( 'NONE', *, *, #1157, .F. ) ;
#3970 = DIRECTION ( 'NONE',  ( 0.000000000000000000, 1.000000000000000000, 0.000000000000000000 ) ) ;
#3971 = EDGE_LOOP ( 'NONE', ( #1691, #1660, #2459, #28 ) ) ;
#3972 = AXIS2_PLACEMENT_3D ( 'NONE', #4229, #3518, #3932 ) ;
#3973 = DIRECTION ( 'NONE',  ( -0.000000000000000000, -1.000000000000000000, -0.000000000000000000 ) ) ;
#3974 = EDGE_LOOP ( 'NONE', ( #3677, #1259, #102, #313 ) ) ;
#3975 = CARTESIAN_POINT ( 'NONE',  ( 0.000000000000000000, 0.5500000000000000444, 1.224999999999999423 ) ) ;
#3976 = LINE ( 'NONE', #536, #1477 ) ;
#3977 = PRESENTATION_STYLE_ASSIGNMENT (( #2291 ) ) ;
#3978 = VERTEX_POINT ( 'NONE', #4259 ) ;
#3979 = ORIENTED_EDGE ( 'NONE', *, *, #2236, .F. ) ;
#3980 = ADVANCED_FACE ( 'NONE', ( #1844 ), #63, .F. ) ;
#3981 = ADVANCED_FACE ( 'NONE', ( #3249 ), #114, .F. ) ;
#3982 = VECTOR ( 'NONE', #3748, 1000.000000000000000 ) ;
#3983 = LINE ( 'NONE', #1906, #372 ) ;
#3984 = ORIENTED_EDGE ( 'NONE', *, *, #3351, .T. ) ;
#3985 = DIRECTION ( 'NONE',  ( -1.000000000000000000, 0.000000000000000000, -0.000000000000000000 ) ) ;
#3986 = DIRECTION ( 'NONE',  ( 0.000000000000000000, 1.000000000000000000, 0.000000000000000000 ) ) ;
#3987 = EDGE_CURVE ( 'NONE', #1564, #3853, #866, .T. ) ;
#3988 = ORIENTED_EDGE ( 'NONE', *, *, #4164, .T. ) ;
#3989 = DIRECTION ( 'NONE',  ( -3.854941057726241055E-15, 1.000000000000000000, 0.000000000000000000 ) ) ;
#3990 = ORIENTED_EDGE ( 'NONE', *, *, #1193, .F. ) ;
#3991 = EDGE_CURVE ( 'NONE', #2622, #2169, #4394, .T. ) ;
#3992 = EDGE_LOOP ( 'NONE', ( #2316, #4006, #4459, #3297 ) ) ;
#3993 = CARTESIAN_POINT ( 'NONE',  ( -8.673617379884037444E-16, 0.000000000000000000, 1.500000000000000000 ) ) ;
#3994 = CARTESIAN_POINT ( 'NONE',  ( 0.5000000000000004441, 0.5500000000000000444, 3.388131789017204315E-16 ) ) ;
#3995 = EDGE_CURVE ( 'NONE', #3660, #335, #520, .T. ) ;
#3996 = CARTESIAN_POINT ( 'NONE',  ( -1.125000000000000222, 0.9749999999999998668, 1.324999999999999734 ) ) ;
#3997 = FACE_OUTER_BOUND ( 'NONE', #2576, .T. ) ;
#3998 = DIRECTION ( 'NONE',  ( 0.000000000000000000, 1.000000000000000000, -3.854941057726241055E-15 ) ) ;
#3999 = ORIENTED_EDGE ( 'NONE', *, *, #2394, .F. ) ;
#4000 = VERTEX_POINT ( 'NONE', #1562 ) ;
#4001 = PLANE ( 'NONE',  #582 ) ;
#4002 = ORIENTED_EDGE ( 'NONE', *, *, #1420, .F. ) ;
#4003 = ADVANCED_FACE ( 'NONE', ( #2973 ), #907, .T. ) ;
#4004 = CARTESIAN_POINT ( 'NONE',  ( -0.5000000000000005551, 0.000000000000000000, 1.500000000000000222 ) ) ;
#4005 = LINE ( 'NONE', #3293, #2781 ) ;
#4006 = ORIENTED_EDGE ( 'NONE', *, *, #1807, .F. ) ;
#4007 = DIRECTION ( 'NONE',  ( -1.000000000000000000, 0.000000000000000000, -5.782411586589357639E-16 ) ) ;
#4008 = ORIENTED_EDGE ( 'NONE', *, *, #808, .T. ) ;
#4009 = CARTESIAN_POINT ( 'NONE',  ( 0.7881455521623084159, 0.7500000000000000000, -0.2868615212563761507 ) ) ;
#4010 = ORIENTED_EDGE ( 'NONE', *, *, #338, .T. ) ;
#4011 = CARTESIAN_POINT ( 'NONE',  ( -0.000000000000000000, 0.000000000000000000, 1.224999999999999423 ) ) ;
#4012 = ORIENTED_EDGE ( 'NONE', *, *, #2887, .F. ) ;
#4013 = EDGE_CURVE ( 'NONE', #4508, #4427, #1947, .T. ) ;
#4014 = CARTESIAN_POINT ( 'NONE',  ( 0.000000000000000000, 0.5500000000000000444, 0.000000000000000000 ) ) ;
#4015 = DIRECTION ( 'NONE',  ( -0.000000000000000000, -0.000000000000000000, 1.000000000000000000 ) ) ;
#4016 = LINE ( 'NONE', #2638, #757 ) ;
#4017 = LINE ( 'NONE', #4315, #3884 ) ;
#4018 = EDGE_LOOP ( 'NONE', ( #1636, #323, #764, #1226 ) ) ;
#4019 = DIRECTION ( 'NONE',  ( 0.000000000000000000, -1.000000000000000000, 0.000000000000000000 ) ) ;
#4020 = VERTEX_POINT ( 'NONE', #1196 ) ;
#4021 = CARTESIAN_POINT ( 'NONE',  ( 1.249999999999999778, 0.000000000000000000, 1.224999999999999201 ) ) ;
#4022 = LINE ( 'NONE', #3659, #887 ) ;
#4023 = DIRECTION ( 'NONE',  ( 0.000000000000000000, 0.000000000000000000, 1.000000000000000000 ) ) ;
#4024 = EDGE_CURVE ( 'NONE', #610, #4427, #4005, .T. ) ;
#4025 = PLANE ( 'NONE',  #3544 ) ;
#4026 = VERTEX_POINT ( 'NONE', #154 ) ;
#4027 = CLOSED_SHELL ( 'NONE', ( #2244, #1637, #3757, #2738, #795, #1919, #1720, #1296, #4388, #3695, #64, #3248, #912, #2691, #1092, #2082, #1488, #1491, #3184, #2343, #3728, #2513, #3394, #3272, #3901, #2764, #2126, #1925, #331, #1475, #2841, #3509, #1657, #2623, #2132, #449, #3176, #3618, #1590, #655, #2780, #4435, #3733, #3504, #2969, #2743, #510, #3420, #3929, #947, #3118, #1605, #2703, #2190, #3073, #3685, #3770, #530, #2010, #3602, #1532, #4469, #2295, #363, #3040, #3193, #1956 ) ) ;
#4028 = CARTESIAN_POINT ( 'NONE',  ( 2.023844055306276258E-16, 0.5500000000000000444, -0.6999999999999999556 ) ) ;
#4029 = ORIENTED_EDGE ( 'NONE', *, *, #248, .F. ) ;
#4030 = VECTOR ( 'NONE', #436, 1000.000000000000000 ) ;
#4031 = EDGE_CURVE ( 'NONE', #1040, #219, #848, .T. ) ;
#4032 = VECTOR ( 'NONE', #2581, 1000.000000000000000 ) ;
#4033 = VECTOR ( 'NONE', #4299, 1000.000000000000000 ) ;
#4034 = CARTESIAN_POINT ( 'NONE',  ( -1.235000000000000098, 0.000000000000000000, -0.000000000000000000 ) ) ;
#4035 = EDGE_LOOP ( 'NONE', ( #547, #3473, #2485, #317 ) ) ;
#4036 = AXIS2_PLACEMENT_3D ( 'NONE', #21, #4140, #2766 ) ;
#4037 = CARTESIAN_POINT ( 'NONE',  ( -1.125000000000000444, 0.7500000000000000000, 1.475000000000000311 ) ) ;
#4038 = VECTOR ( 'NONE', #4081, 1000.000000000000000 ) ;
#4039 = ADVANCED_FACE ( 'NONE', ( #4349 ), #3683, .F. ) ;
#4040 = STYLED_ITEM ( 'NONE', ( #4137 ), #1266 ) ;
#4041 = CARTESIAN_POINT ( 'NONE',  ( 0.4999999999999994449, 0.5500000000000000444, 1.500000000000000222 ) ) ;
#4042 = DIRECTION ( 'NONE',  ( 0.000000000000000000, 0.000000000000000000, -1.000000000000000000 ) ) ;
#4043 = ORIENTED_EDGE ( 'NONE', *, *, #2236, .T. ) ;
#4044 = VECTOR ( 'NONE', #3230, 1000.000000000000000 ) ;
#4045 = VECTOR ( 'NONE', #553, 1000.000000000000000 ) ;
#4046 = CARTESIAN_POINT ( 'NONE',  ( -1.000000000000000000, 0.7500000000000000000, 1.449999999999999067 ) ) ;
#4047 = VERTEX_POINT ( 'NONE', #482 ) ;
#4048 = CARTESIAN_POINT ( 'NONE',  ( 0.000000000000000000, 0.7500000000000000000, -1.599999999999999867 ) ) ;
#4049 = LINE ( 'NONE', #4322, #2196 ) ;
#4050 = AXIS2_PLACEMENT_3D ( 'NONE', #3198, #727, #1846 ) ;
#4051 = DIRECTION ( 'NONE',  ( 0.000000000000000000, -1.000000000000000000, 0.000000000000000000 ) ) ;
#4052 = ORIENTED_EDGE ( 'NONE', *, *, #249, .F. ) ;
#4053 = VECTOR ( 'NONE', #2247, 1000.000000000000000 ) ;
#4054 = DIRECTION ( 'NONE',  ( -1.000000000000000000, 0.000000000000000000, 0.000000000000000000 ) ) ;
#4055 = EDGE_LOOP ( 'NONE', ( #2610, #410, #3175, #2559 ) ) ;
#4056 = DIRECTION ( 'NONE',  ( 0.000000000000000000, 0.000000000000000000, 1.000000000000000000 ) ) ;
#4057 = EDGE_CURVE ( 'NONE', #4020, #3964, #2554, .T. ) ;
#4058 = EDGE_CURVE ( 'NONE', #4427, #1640, #4386, .T. ) ;
#4059 = CARTESIAN_POINT ( 'NONE',  ( 0.000000000000000000, 0.000000000000000000, -0.9750000000000001998 ) ) ;
#4060 = CARTESIAN_POINT ( 'NONE',  ( 1.000000000000000000, 0.7500000000000000000, 1.324999999999999734 ) ) ;
#4061 = CARTESIAN_POINT ( 'NONE',  ( -1.235000000000000542, 0.7500000000000000000, 1.224999999999999423 ) ) ;
#4062 =( NAMED_UNIT ( * ) PLANE_ANGLE_UNIT ( ) SI_UNIT ( $, .RADIAN. ) );
#4063 = ORIENTED_EDGE ( 'NONE', *, *, #3282, .F. ) ;
#4064 = ORIENTED_EDGE ( 'NONE', *, *, #3011, .T. ) ;
#4065 = FACE_OUTER_BOUND ( 'NONE', #2962, .T. ) ;
#4066 = EDGE_CURVE ( 'NONE', #2868, #3565, #4022, .T. ) ;
#4067 = CARTESIAN_POINT ( 'NONE',  ( -1.125000000000000222, 6.070490430446589869, 1.324999999999999734 ) ) ;
#4068 = LINE ( 'NONE', #3807, #3140 ) ;
#4069 = DIRECTION ( 'NONE',  ( 1.000000000000000000, 0.000000000000000000, 0.000000000000000000 ) ) ;
#4070 = CARTESIAN_POINT ( 'NONE',  ( 1.235000000000000098, 0.5500000000000000444, 0.000000000000000000 ) ) ;
#4071 = ORIENTED_EDGE ( 'NONE', *, *, #2370, .F. ) ;
#4072 = EDGE_CURVE ( 'NONE', #4096, #252, #1602, .T. ) ;
#4073 = CARTESIAN_POINT ( 'NONE',  ( -1.250000000000000222, 0.000000000000000000, -0.000000000000000000 ) ) ;
#4074 = ORIENTED_EDGE ( 'NONE', *, *, #3665, .T. ) ;
#4075 = DIRECTION ( 'NONE',  ( 1.000000000000000000, 0.000000000000000000, -9.637352644315630249E-16 ) ) ;
#4076 =( LENGTH_UNIT ( ) NAMED_UNIT ( * ) SI_UNIT ( .MILLI., .METRE. ) );
#4077 = LINE ( 'NONE', #913, #4303 ) ;
#4078 = ORIENTED_EDGE ( 'NONE', *, *, #1790, .T. ) ;
#4079 = EDGE_CURVE ( 'NONE', #1558, #3524, #134, .T. ) ;
#4080 = CARTESIAN_POINT ( 'NONE',  ( 0.000000000000000000, 0.7500000000000000000, 1.600000000000000311 ) ) ;
#4081 = DIRECTION ( 'NONE',  ( -0.000000000000000000, 1.000000000000000000, -0.000000000000000000 ) ) ;
#4082 = AXIS2_PLACEMENT_3D ( 'NONE', #339, #759, #2490 ) ;
#4083 = ORIENTED_EDGE ( 'NONE', *, *, #4237, .F. ) ;
#4084 = CARTESIAN_POINT ( 'NONE',  ( 0.000000000000000000, 0.5500000000000000444, -1.500000000000000222 ) ) ;
#4085 = DIRECTION ( 'NONE',  ( -0.000000000000000000, -1.000000000000000000, -0.000000000000000000 ) ) ;
#4086 = ORIENTED_EDGE ( 'NONE', *, *, #882, .F. ) ;
#4087 = CYLINDRICAL_SURFACE ( 'NONE', #310, 0.1499999999999999667 ) ;
#4088 = DIRECTION ( 'NONE',  ( -1.000000000000000000, 0.000000000000000000, 0.000000000000000000 ) ) ;
#4089 = DIRECTION ( 'NONE',  ( 1.000000000000000000, 0.000000000000000000, 0.000000000000000000 ) ) ;
#4090 = EDGE_CURVE ( 'NONE', #3661, #4000, #497, .T. ) ;
#4091 = EDGE_LOOP ( 'NONE', ( #104, #3707, #3584, #2254 ) ) ;
#4092 = FACE_OUTER_BOUND ( 'NONE', #3992, .T. ) ;
#4093 = ORIENTED_EDGE ( 'NONE', *, *, #4274, .F. ) ;
#4094 = FILL_AREA_STYLE_COLOUR ( '', #2719 ) ;
#4095 = CARTESIAN_POINT ( 'NONE',  ( 0.000000000000000000, 0.7500000000000000000, -1.599999999999999867 ) ) ;
#4096 = VERTEX_POINT ( 'NONE', #1544 ) ;
#4097 = VECTOR ( 'NONE', #4069, 1000.000000000000000 ) ;
#4098 = FACE_OUTER_BOUND ( 'NONE', #726, .T. ) ;
#4099 = ORIENTED_EDGE ( 'NONE', *, *, #1005, .F. ) ;
#4100 = CLOSED_SHELL ( 'NONE', ( #1390, #2172, #4307, #3594, #2052, #394, #3849, #408, #3715, #1096 ) ) ;
#4101 = AXIS2_PLACEMENT_3D ( 'NONE', #3442, #1647, #4088 ) ;
#4102 = CARTESIAN_POINT ( 'NONE',  ( 0.000000000000000000, 0.7500000000000000000, 1.524999999999999911 ) ) ;
#4103 = SURFACE_SIDE_STYLE ('',( #996 ) ) ;
#4104 = AXIS2_PLACEMENT_3D ( 'NONE', #2701, #3777, #2002 ) ;
#4105 = VECTOR ( 'NONE', #3598, 1000.000000000000000 ) ;
#4106 = VERTEX_POINT ( 'NONE', #2649 ) ;
#4107 = CARTESIAN_POINT ( 'NONE',  ( -1.125000000000000444, 0.7500000000000000000, -1.474999999999999867 ) ) ;
#4108 = ORIENTED_EDGE ( 'NONE', *, *, #4199, .T. ) ;
#4109 = DIRECTION ( 'NONE',  ( 0.000000000000000000, 1.000000000000000000, 0.000000000000000000 ) ) ;
#4110 = VECTOR ( 'NONE', #1914, 1000.000000000000000 ) ;
#4111 = LINE ( 'NONE', #2359, #4408 ) ;
#4112 = CARTESIAN_POINT ( 'NONE',  ( -0.5000000000000004441, 0.5500000000000000444, 0.6999999999999996225 ) ) ;
#4113 = EDGE_CURVE ( 'NONE', #985, #4096, #4049, .T. ) ;
#4114 = LINE ( 'NONE', #1037, #3362 ) ;
#4115 = EDGE_CURVE ( 'NONE', #2646, #2839, #559, .T. ) ;
#4116 = LINE ( 'NONE', #3766, #241 ) ;
#4117 = ORIENTED_EDGE ( 'NONE', *, *, #2553, .T. ) ;
#4118 =( NAMED_UNIT ( * ) SI_UNIT ( $, .STERADIAN. ) SOLID_ANGLE_UNIT ( ) );
#4119 = FACE_OUTER_BOUND ( 'NONE', #864, .T. ) ;
#4120 = EDGE_CURVE ( 'NONE', #2640, #4429, #1176, .T. ) ;
#4121 = AXIS2_PLACEMENT_3D ( 'NONE', #3311, #1190, #3675 ) ;
#4122 = AXIS2_PLACEMENT_3D ( 'NONE', #3624, #4051, #1152 ) ;
#4123 = VERTEX_POINT ( 'NONE', #281 ) ;
#4124 = EDGE_CURVE ( 'NONE', #3940, #927, #1301, .T. ) ;
#4125 = DIRECTION ( 'NONE',  ( -0.000000000000000000, -1.000000000000000000, -0.000000000000000000 ) ) ;
#4126 = ORIENTED_EDGE ( 'NONE', *, *, #428, .T. ) ;
#4127 = ADVANCED_FACE ( 'NONE', ( #3070 ), #598, .F. ) ;
#4128 = FACE_OUTER_BOUND ( 'NONE', #4233, .T. ) ;
#4129 = CARTESIAN_POINT ( 'NONE',  ( -0.8250000000000001776, 1.199999999999999956, -1.149999999999999911 ) ) ;
#4130 = ORIENTED_EDGE ( 'NONE', *, *, #1607, .F. ) ;
#4131 = FACE_OUTER_BOUND ( 'NONE', #3887, .T. ) ;
#4132 = DIRECTION ( 'NONE',  ( 4.179535469590358698E-31, 1.000000000000000000, -3.854941057726241055E-15 ) ) ;
#4133 = DIRECTION ( 'NONE',  ( -0.000000000000000000, -0.000000000000000000, 1.000000000000000000 ) ) ;
#4134 = CARTESIAN_POINT ( 'NONE',  ( -0.3102022324300334755, 0.000000000000000000, 1.600000000000000311 ) ) ;
#4135 = EDGE_CURVE ( 'NONE', #190, #1802, #4068, .T. ) ;
#4136 = LINE ( 'NONE', #3788, #3365 ) ;
#4137 = PRESENTATION_STYLE_ASSIGNMENT (( #1673 ) ) ;
#4138 = CARTESIAN_POINT ( 'NONE',  ( 1.249999999999999778, 0.7500000000000000000, 0.000000000000000000 ) ) ;
#4139 = EDGE_LOOP ( 'NONE', ( #1670, #1996, #1131, #1008 ) ) ;
#4140 = DIRECTION ( 'NONE',  ( -0.000000000000000000, -1.000000000000000000, 0.000000000000000000 ) ) ;
#4141 = DIRECTION ( 'NONE',  ( 0.9396926207859043201, 0.000000000000000000, -0.3420201433256799817 ) ) ;
#4142 = EDGE_LOOP ( 'NONE', ( #203, #692, #1138, #2680, #2374, #3261, #1133, #3541 ) ) ;
#4143 = EDGE_CURVE ( 'NONE', #1487, #1090, #2710, .T. ) ;
#4144 = CARTESIAN_POINT ( 'NONE',  ( -1.235000000000000098, 0.000000000000000000, -0.9750000000000001998 ) ) ;
#4145 = CARTESIAN_POINT ( 'NONE',  ( -0.5000000000000001110, 0.000000000000000000, -1.500000000000000222 ) ) ;
#4146 = VERTEX_POINT ( 'NONE', #2008 ) ;
#4147 = PLANE ( 'NONE',  #1752 ) ;
#4148 = VERTEX_POINT ( 'NONE', #1665 ) ;
#4149 = DIRECTION ( 'NONE',  ( 0.000000000000000000, 0.000000000000000000, 1.000000000000000000 ) ) ;
#4150 = CYLINDRICAL_SURFACE ( 'NONE', #946, 0.1250000000000001110 ) ;
#4151 = LINE ( 'NONE', #1329, #1960 ) ;
#4152 = AXIS2_PLACEMENT_3D ( 'NONE', #4037, #4125, #952 ) ;
#4153 = CARTESIAN_POINT ( 'NONE',  ( -1.125000000000000222, 0.9749999999999998668, 0.000000000000000000 ) ) ;
#4154 = CARTESIAN_POINT ( 'NONE',  ( -0.7881455521623168536, 0.000000000000000000, -0.2868615212563865313 ) ) ;
#4155 = VERTEX_POINT ( 'NONE', #1327 ) ;
#4156 = CARTESIAN_POINT ( 'NONE',  ( -1.000000000000000000, 1.199999999999999734, 1.324999999999999734 ) ) ;
#4157 = DIRECTION ( 'NONE',  ( 1.000000000000000000, 0.000000000000000000, 0.000000000000000000 ) ) ;
#4158 = ORIENTED_EDGE ( 'NONE', *, *, #458, .F. ) ;
#4159 = EDGE_CURVE ( 'NONE', #1558, #1751, #3092, .T. ) ;
#4160 = ORIENTED_EDGE ( 'NONE', *, *, #1575, .T. ) ;
#4161 = DIRECTION ( 'NONE',  ( 0.000000000000000000, 0.000000000000000000, -1.000000000000000000 ) ) ;
#4162 = CARTESIAN_POINT ( 'NONE',  ( -1.235000000000000098, 0.5500000000000000444, -1.224999999999999867 ) ) ;
#4163 = ORIENTED_EDGE ( 'NONE', *, *, #1452, .T. ) ;
#4164 = EDGE_CURVE ( 'NONE', #336, #3449, #2669, .T. ) ;
#4165 = EDGE_CURVE ( 'NONE', #1743, #3905, #3470, .T. ) ;
#4166 = AXIS2_PLACEMENT_3D ( 'NONE', #580, #1975, #3387 ) ;
#4167 = ORIENTED_EDGE ( 'NONE', *, *, #2460, .F. ) ;
#4168 = CARTESIAN_POINT ( 'NONE',  ( 1.235000000000000098, 0.5500000000000000444, -1.500000000000000222 ) ) ;
#4169 = SURFACE_SIDE_STYLE ('',( #29 ) ) ;
#4170 = LINE ( 'NONE', #3928, #2215 ) ;
#4171 = PLANE ( 'NONE',  #797 ) ;
#4172 = AXIS2_PLACEMENT_3D ( 'NONE', #2140, #356, #3573 ) ;
#4173 = VERTEX_POINT ( 'NONE', #2378 ) ;
#4174 = VECTOR ( 'NONE', #444, 1000.000000000000000 ) ;
#4175 = DIRECTION ( 'NONE',  ( -1.000000000000000000, 0.000000000000000000, -2.891205793294680298E-16 ) ) ;
#4176 = ORIENTED_EDGE ( 'NONE', *, *, #1119, .F. ) ;
#4177 = AXIS2_PLACEMENT_3D ( 'NONE', #3087, #933, #2354 ) ;
#4178 = DIRECTION ( 'NONE',  ( 0.000000000000000000, 1.000000000000000000, 0.000000000000000000 ) ) ;
#4179 = ORIENTED_EDGE ( 'NONE', *, *, #2585, .T. ) ;
#4180 = CARTESIAN_POINT ( 'NONE',  ( -0.8250000000000001776, 1.149999999999999911, -1.149999999999999911 ) ) ;
#4181 = CARTESIAN_POINT ( 'NONE',  ( -0.8250000000000001776, 1.199999999999999956, -1.000000000000000000 ) ) ;
#4182 = CARTESIAN_POINT ( 'NONE',  ( 1.125000000000000000, 0.000000000000000000, 1.475000000000000311 ) ) ;
#4183 = ADVANCED_FACE ( 'NONE', ( #3402 ), #4150, .T. ) ;
#4184 = VECTOR ( 'NONE', #1049, 1000.000000000000000 ) ;
#4185 = CARTESIAN_POINT ( 'NONE',  ( 0.000000000000000000, 0.5500000000000000444, -1.224999999999999867 ) ) ;
#4186 = CIRCLE ( 'NONE', #230, 0.1250000000000001110 ) ;
#4187 = LINE ( 'NONE', #1109, #2118 ) ;
#4188 = PLANE ( 'NONE',  #2702 ) ;
#4189 = ORIENTED_EDGE ( 'NONE', *, *, #4210, .F. ) ;
#4190 = AXIS2_PLACEMENT_3D ( 'NONE', #3160, #3756, #1873 ) ;
#4191 = VECTOR ( 'NONE', #3401, 1000.000000000000000 ) ;
#4192 = LINE ( 'NONE', #2888, #963 ) ;
#4193 = VERTEX_POINT ( 'NONE', #1715 ) ;
#4194 = AXIS2_PLACEMENT_3D ( 'NONE', #3062, #1957, #2749 ) ;
#4195 = DIRECTION ( 'NONE',  ( 0.000000000000000000, 0.000000000000000000, 1.000000000000000000 ) ) ;
#4196 = PLANE ( 'NONE',  #2985 ) ;
#4197 = ORIENTED_EDGE ( 'NONE', *, *, #2421, .F. ) ;
#4198 = AXIS2_PLACEMENT_3D ( 'NONE', #2405, #3811, #3472 ) ;
#4199 = EDGE_CURVE ( 'NONE', #1799, #2640, #1282, .T. ) ;
#4200 = ADVANCED_FACE ( 'NONE', ( #1263 ), #3784, .F. ) ;
#4201 =( NAMED_UNIT ( * ) SI_UNIT ( $, .STERADIAN. ) SOLID_ANGLE_UNIT ( ) );
#4202 = CIRCLE ( 'NONE', #2432, 0.1249999999999998890 ) ;
#4203 = DIRECTION ( 'NONE',  ( 0.3420201433256799817, 0.000000000000000000, 0.9396926207859043201 ) ) ;
#4204 = DIRECTION ( 'NONE',  ( 1.000000000000000000, 0.000000000000000000, 0.000000000000000000 ) ) ;
#4205 = ORIENTED_EDGE ( 'NONE', *, *, #3583, .F. ) ;
#4206 = ORIENTED_EDGE ( 'NONE', *, *, #3562, .T. ) ;
#4207 = CARTESIAN_POINT ( 'NONE',  ( -1.235000000000000542, 0.5500000000000000444, 1.224999999999999423 ) ) ;
#4208 = CARTESIAN_POINT ( 'NONE',  ( 1.125000000000000222, 0.9749999999999998668, -1.324999999999999734 ) ) ;
#4209 = CARTESIAN_POINT ( 'NONE',  ( 0.006574447241209677856, 0.7500000000000000000, 0.002392903102553954088 ) ) ;
#4210 = EDGE_CURVE ( 'NONE', #1640, #2279, #2489, .T. ) ;
#4211 = DIRECTION ( 'NONE',  ( 0.7071067811865460184, 0.000000000000000000, -0.7071067811865490160 ) ) ;
#4212 = ORIENTED_EDGE ( 'NONE', *, *, #1193, .T. ) ;
#4213 = FILL_AREA_STYLE ('',( #2810 ) ) ;
#4214 = DIRECTION ( 'NONE',  ( 0.000000000000000000, 1.000000000000000000, 0.000000000000000000 ) ) ;
#4215 = VERTEX_POINT ( 'NONE', #4498 ) ;
#4216 = DIRECTION ( 'NONE',  ( 0.000000000000000000, 0.000000000000000000, 1.000000000000000000 ) ) ;
#4217 = EDGE_CURVE ( 'NONE', #3524, #3905, #1968, .T. ) ;
#4218 = ORIENTED_EDGE ( 'NONE', *, *, #960, .T. ) ;
#4219 = DIRECTION ( 'NONE',  ( 1.000000000000000000, -0.000000000000000000, 0.000000000000000000 ) ) ;
#4220 = DIRECTION ( 'NONE',  ( 0.000000000000000000, -1.000000000000000000, 0.000000000000000000 ) ) ;
#4221 = ORIENTED_EDGE ( 'NONE', *, *, #1815, .F. ) ;
#4222 = DIRECTION ( 'NONE',  ( 1.000000000000000000, 0.000000000000000000, 0.000000000000000000 ) ) ;
#4223 = CARTESIAN_POINT ( 'NONE',  ( 1.125000000000000222, 1.199999999999999734, 1.324999999999999734 ) ) ;
#4224 = DIRECTION ( 'NONE',  ( 0.000000000000000000, 0.000000000000000000, -1.000000000000000000 ) ) ;
#4225 = ADVANCED_FACE ( 'NONE', ( #3722 ), #240, .T. ) ;
#4226 = ORIENTED_EDGE ( 'NONE', *, *, #2248, .T. ) ;
#4227 = VERTEX_POINT ( 'NONE', #261 ) ;
#4228 = DIRECTION ( 'NONE',  ( 1.000000000000000000, 0.000000000000000000, 0.000000000000000000 ) ) ;
#4229 = CARTESIAN_POINT ( 'NONE',  ( 1.000000000000000000, 0.7500000000000000000, -1.499999999999998890 ) ) ;
#4230 = LINE ( 'NONE', #3653, #1312 ) ;
#4231 = FACE_OUTER_BOUND ( 'NONE', #2068, .T. ) ;
#4232 = PLANE ( 'NONE',  #2784 ) ;
#4233 = EDGE_LOOP ( 'NONE', ( #3360, #3028, #1474, #1416 ) ) ;
#4234 = DIRECTION ( 'NONE',  ( -3.854941057726241055E-15, 1.000000000000000000, 0.000000000000000000 ) ) ;
#4235 = DIRECTION ( 'NONE',  ( 0.000000000000000000, 0.000000000000000000, -1.000000000000000000 ) ) ;
#4236 = ORIENTED_EDGE ( 'NONE', *, *, #3304, .F. ) ;
#4237 = EDGE_CURVE ( 'NONE', #3038, #1679, #1630, .T. ) ;
#4238 = CARTESIAN_POINT ( 'NONE',  ( 1.235000000000000986, 0.5500000000000000444, 0.9749999999999995337 ) ) ;
#4239 = ORIENTED_EDGE ( 'NONE', *, *, #1943, .T. ) ;
#4240 = LINE ( 'NONE', #3576, #3601 ) ;
#4241 = CARTESIAN_POINT ( 'NONE',  ( 1.235000000000000098, 0.000000000000000000, -0.6999999999999996225 ) ) ;
#4242 = EDGE_LOOP ( 'NONE', ( #937, #4359, #4043, #1279 ) ) ;
#4243 = ORIENTED_EDGE ( 'NONE', *, *, #4024, .F. ) ;
#4244 = CARTESIAN_POINT ( 'NONE',  ( 1.249999999999999778, 0.7500000000000000000, 0.000000000000000000 ) ) ;
#4245 = CARTESIAN_POINT ( 'NONE',  ( -1.235000000000000542, 0.000000000000000000, 0.6999999999999992895 ) ) ;
#4246 = CARTESIAN_POINT ( 'NONE',  ( 0.5000000000000005551, 0.5500000000000000444, -2.032879073410322293E-16 ) ) ;
#4247 = ORIENTED_EDGE ( 'NONE', *, *, #2003, .F. ) ;
#4248 = CARTESIAN_POINT ( 'NONE',  ( -1.235000000000000098, 0.000000000000000000, -0.9750000000000001998 ) ) ;
#4249 = CARTESIAN_POINT ( 'NONE',  ( 0.000000000000000000, 0.5500000000000000444, -1.500000000000000222 ) ) ;
#4250 = FACE_OUTER_BOUND ( 'NONE', #923, .T. ) ;
#4251 = VECTOR ( 'NONE', #1197, 1000.000000000000000 ) ;
#4252 = CARTESIAN_POINT ( 'NONE',  ( -0.5000000000000004441, 0.5500000000000000444, -9.035018104045886718E-17 ) ) ;
#4253 = AXIS2_PLACEMENT_3D ( 'NONE', #3067, #277, #1278 ) ;
#4254 = AXIS2_PLACEMENT_3D ( 'NONE', #4476, #3051, #307 ) ;
#4255 = CARTESIAN_POINT ( 'NONE',  ( -1.125000000000000222, 0.9749999999999998668, 0.000000000000000000 ) ) ;
#4256 = EDGE_CURVE ( 'NONE', #2608, #324, #4452, .T. ) ;
#4257 = EDGE_CURVE ( 'NONE', #3488, #935, #620, .T. ) ;
#4258 = AXIS2_PLACEMENT_3D ( 'NONE', #990, #3347, #2070 ) ;
#4259 = CARTESIAN_POINT ( 'NONE',  ( 1.235000000000000986, 0.5500000000000000444, 0.9749999999999995337 ) ) ;
#4260 = VECTOR ( 'NONE', #4175, 1000.000000000000000 ) ;
#4261 = VECTOR ( 'NONE', #4328, 1000.000000000000114 ) ;
#4262 = DIRECTION ( 'NONE',  ( -0.000000000000000000, -1.000000000000000000, -0.000000000000000000 ) ) ;
#4263 = EDGE_LOOP ( 'NONE', ( #1864, #1101, #4390, #4160 ) ) ;
#4264 = FACE_OUTER_BOUND ( 'NONE', #3635, .T. ) ;
#4265 = VECTOR ( 'NONE', #1219, 1000.000000000000000 ) ;
#4266 = VERTEX_POINT ( 'NONE', #4181 ) ;
#4267 = VECTOR ( 'NONE', #1939, 1000.000000000000000 ) ;
#4268 = CARTESIAN_POINT ( 'NONE',  ( 0.5000000000000004441, 0.5500000000000000444, 3.388131789017204315E-16 ) ) ;
#4269 = EDGE_CURVE ( 'NONE', #420, #3657, #295, .T. ) ;
#4270 = CARTESIAN_POINT ( 'NONE',  ( 1.235000000000000986, 0.000000000000000000, 0.9749999999999995337 ) ) ;
#4271 = LINE ( 'NONE', #2152, #2651 ) ;
#4272 = VECTOR ( 'NONE', #3435, 1000.000000000000000 ) ;
#4273 = ORIENTED_EDGE ( 'NONE', *, *, #2460, .T. ) ;
#4274 = EDGE_CURVE ( 'NONE', #2387, #1623, #4230, .T. ) ;
#4275 = VECTOR ( 'NONE', #3484, 1000.000000000000000 ) ;
#4276 = PLANE ( 'NONE',  #1603 ) ;
#4277 = LINE ( 'NONE', #3568, #1113 ) ;
#4278 = DIRECTION ( 'NONE',  ( 0.000000000000000000, -1.000000000000000000, 0.000000000000000000 ) ) ;
#4279 = DIRECTION ( 'NONE',  ( -0.000000000000000000, 1.000000000000000000, -0.000000000000000000 ) ) ;
#4280 = VERTEX_POINT ( 'NONE', #3264 ) ;
#4281 = LINE ( 'NONE', #1128, #3315 ) ;
#4282 = CARTESIAN_POINT ( 'NONE',  ( 1.235000000000000986, 0.7500000000000000000, 1.224999999999999201 ) ) ;
#4283 = EDGE_CURVE ( 'NONE', #238, #4343, #4017, .T. ) ;
#4284 = CARTESIAN_POINT ( 'NONE',  ( 1.174999999999999156, 0.7500000000000000000, -1.324999999999999734 ) ) ;
#4285 = ORIENTED_EDGE ( 'NONE', *, *, #1719, .T. ) ;
#4286 = LINE ( 'NONE', #1504, #4105 ) ;
#4287 = VERTEX_POINT ( 'NONE', #147 ) ;
#4288 = LINE ( 'NONE', #2540, #685 ) ;
#4289 = ORIENTED_EDGE ( 'NONE', *, *, #4124, .T. ) ;
#4290 = DIRECTION ( 'NONE',  ( 1.000000000000000000, 0.000000000000000000, 0.000000000000000000 ) ) ;
#4291 = EDGE_CURVE ( 'NONE', #252, #1802, #554, .T. ) ;
#4292 = DIRECTION ( 'NONE',  ( 1.000000000000000000, 0.000000000000000000, 2.891205793294680298E-16 ) ) ;
#4293 = LINE ( 'NONE', #3651, #3444 ) ;
#4294 = DIRECTION ( 'NONE',  ( 0.000000000000000000, -1.000000000000000000, 0.000000000000000000 ) ) ;
#4295 = PLANE ( 'NONE',  #2941 ) ;
#4296 = DIRECTION ( 'NONE',  ( 1.807003620809175618E-16, 0.000000000000000000, -1.000000000000000000 ) ) ;
#4297 = DIRECTION ( 'NONE',  ( 1.000000000000000000, 0.000000000000000000, -0.000000000000000000 ) ) ;
#4298 = DIRECTION ( 'NONE',  ( -1.000000000000000000, 0.000000000000000000, -0.000000000000000000 ) ) ;
#4299 = DIRECTION ( 'NONE',  ( 0.000000000000000000, 0.000000000000000000, -1.000000000000000000 ) ) ;
#4300 = VERTEX_POINT ( 'NONE', #2251 ) ;
#4301 = CARTESIAN_POINT ( 'NONE',  ( 1.235000000000000098, 0.5500000000000000444, -0.9750000000000001998 ) ) ;
#4302 = ORIENTED_EDGE ( 'NONE', *, *, #70, .T. ) ;
#4303 = VECTOR ( 'NONE', #1682, 1000.000000000000000 ) ;
#4304 = SURFACE_SIDE_STYLE ('',( #2171 ) ) ;
#4305 = ORIENTED_EDGE ( 'NONE', *, *, #4274, .T. ) ;
#4306 = EDGE_CURVE ( 'NONE', #717, #2491, #3676, .T. ) ;
#4307 = ADVANCED_FACE ( 'NONE', ( #3615 ), #1862, .F. ) ;
#4308 = CARTESIAN_POINT ( 'NONE',  ( -1.174999999999999156, 0.7500000000000000000, 1.324999999999999734 ) ) ;
#4309 = MANIFOLD_SOLID_BREP ( 'Boss-Extrude3[2]', #4100 ) ;
#4310 = DIRECTION ( 'NONE',  ( -0.000000000000000000, -0.000000000000000000, -1.000000000000000000 ) ) ;
#4311 = ORIENTED_EDGE ( 'NONE', *, *, #656, .T. ) ;
#4312 = DIRECTION ( 'NONE',  ( 0.000000000000000000, 0.000000000000000000, -1.000000000000000000 ) ) ;
#4313 = EDGE_CURVE ( 'NONE', #4047, #2024, #3147, .T. ) ;
#4314 = CARTESIAN_POINT ( 'NONE',  ( -1.235000000000000542, 0.5500000000000000444, 0.9749999999999997558 ) ) ;
#4315 = CARTESIAN_POINT ( 'NONE',  ( 1.124999999999999556, 0.7500000000000000000, 1.324999999999999734 ) ) ;
#4316 = DIRECTION ( 'NONE',  ( -0.000000000000000000, -1.000000000000000000, -0.000000000000000000 ) ) ;
#4317 = VECTOR ( 'NONE', #681, 1000.000000000000000 ) ;
#4318 = DIRECTION ( 'NONE',  ( 1.000000000000000000, 0.000000000000000000, -0.000000000000000000 ) ) ;
#4319 = ORIENTED_EDGE ( 'NONE', *, *, #3678, .T. ) ;
#4320 = EDGE_CURVE ( 'NONE', #3747, #238, #1229, .T. ) ;
#4321 = CARTESIAN_POINT ( 'NONE',  ( 0.000000000000000000, 0.000000000000000000, -0.6999999999999998446 ) ) ;
#4322 = CARTESIAN_POINT ( 'NONE',  ( -1.235000000000000098, 0.5500000000000000444, -0.6999999999999998446 ) ) ;
#4323 = CLOSED_SHELL ( 'NONE', ( #303, #2264, #2363, #1779, #1656, #2390, #1224, #3885, #4127, #1083 ) ) ;
#4324 = VECTOR ( 'NONE', #3527, 1000.000000000000000 ) ;
#4325 = AXIS2_PLACEMENT_3D ( 'NONE', #2876, #4339, #4312 ) ;
#4326 = ORIENTED_EDGE ( 'NONE', *, *, #1206, .F. ) ;
#4327 = ADVANCED_FACE ( 'NONE', ( #2898 ), #1899, .F. ) ;
#4328 = DIRECTION ( 'NONE',  ( 0.7071067811865460184, 0.000000000000000000, -0.7071067811865490160 ) ) ;
#4329 = COLOUR_RGB ( '',0.2509803921568627416, 0.2509803921568627416, 0.2509803921568627416 ) ;
#4330 = ORIENTED_EDGE ( 'NONE', *, *, #1805, .T. ) ;
#4331 = VECTOR ( 'NONE', #290, 1000.000000000000000 ) ;
#4332 = MANIFOLD_SOLID_BREP ( 'Cut-Extrude2', #4027 ) ;
#4333 = FACE_OUTER_BOUND ( 'NONE', #2600, .T. ) ;
#4334 = COLOUR_RGB ( '',1.000000000000000000, 0.8117647058823529438, 0.5019607843137254832 ) ;
#4335 = CARTESIAN_POINT ( 'NONE',  ( -0.8250000000000001776, 1.199999999999999956, -1.300000000000000044 ) ) ;
#4336 = CARTESIAN_POINT ( 'NONE',  ( 1.249999999999999778, 0.000000000000000000, 0.9749999999999995337 ) ) ;
#4337 = AXIS2_PLACEMENT_3D ( 'NONE', #4180, #1035, #2429 ) ;
#4338 = ADVANCED_FACE ( 'NONE', ( #210 ), #4295, .T. ) ;
#4339 = DIRECTION ( 'NONE',  ( 1.000000000000000000, -0.000000000000000000, 0.000000000000000000 ) ) ;
#4340 = VECTOR ( 'NONE', #613, 1000.000000000000000 ) ;
#4341 = DIRECTION ( 'NONE',  ( 0.000000000000000000, 0.000000000000000000, -1.000000000000000000 ) ) ;
#4342 = DIRECTION ( 'NONE',  ( 0.000000000000000000, 0.000000000000000000, 1.000000000000000000 ) ) ;
#4343 = VERTEX_POINT ( 'NONE', #3003 ) ;
#4344 = VECTOR ( 'NONE', #1265, 1000.000000000000000 ) ;
#4345 = CARTESIAN_POINT ( 'NONE',  ( -8.673617379884037444E-16, 0.000000000000000000, 1.500000000000000444 ) ) ;
#4346 = ORIENTED_EDGE ( 'NONE', *, *, #2149, .T. ) ;
#4347 = DIRECTION ( 'NONE',  ( 0.000000000000000000, -1.000000000000000000, 0.000000000000000000 ) ) ;
#4348 = MANIFOLD_SOLID_BREP ( 'Boss-Extrude3[1]', #2933 ) ;
#4349 = FACE_OUTER_BOUND ( 'NONE', #2260, .T. ) ;
#4350 = EDGE_CURVE ( 'NONE', #4343, #3217, #1905, .T. ) ;
#4351 = ORIENTED_EDGE ( 'NONE', *, *, #1701, .F. ) ;
#4352 = CARTESIAN_POINT ( 'NONE',  ( -1.124999999999999334, 0.7500000000000000000, 1.324999999999999734 ) ) ;
#4353 = ORIENTED_EDGE ( 'NONE', *, *, #3103, .T. ) ;
#4354 = ORIENTED_EDGE ( 'NONE', *, *, #3665, .F. ) ;
#4355 = LINE ( 'NONE', #1834, #455 ) ;
#4356 = DIRECTION ( 'NONE',  ( 0.000000000000000000, 0.000000000000000000, -1.000000000000000000 ) ) ;
#4357 = FILL_AREA_STYLE_COLOUR ( '', #4329 ) ;
#4358 = ORIENTED_EDGE ( 'NONE', *, *, #987, .F. ) ;
#4359 = ORIENTED_EDGE ( 'NONE', *, *, #3260, .F. ) ;
#4360 = EDGE_CURVE ( 'NONE', #3265, #4532, #636, .T. ) ;
#4361 = LINE ( 'NONE', #496, #2032 ) ;
#4362 = ORIENTED_EDGE ( 'NONE', *, *, #2148, .F. ) ;
#4363 = DIRECTION ( 'NONE',  ( 0.000000000000000000, 0.000000000000000000, 1.000000000000000000 ) ) ;
#4364 = DIRECTION ( 'NONE',  ( 0.000000000000000000, 0.000000000000000000, -1.000000000000000000 ) ) ;
#4365 = EDGE_CURVE ( 'NONE', #315, #320, #2307, .T. ) ;
#4366 = CARTESIAN_POINT ( 'NONE',  ( -1.235000000000000542, 0.000000000000000000, 0.000000000000000000 ) ) ;
#4367 = ADVANCED_FACE ( 'NONE', ( #568 ), #1958, .T. ) ;
#4368 = ORIENTED_EDGE ( 'NONE', *, *, #3829, .T. ) ;
#4369 = FACE_OUTER_BOUND ( 'NONE', #1347, .T. ) ;
#4370 = ORIENTED_EDGE ( 'NONE', *, *, #428, .F. ) ;
#4371 = CARTESIAN_POINT ( 'NONE',  ( 0.000000000000000000, 0.7500000000000000000, -1.599999999999999867 ) ) ;
#4372 = ADVANCED_FACE ( 'NONE', ( #976 ), #4426, .F. ) ;
#4373 = VERTEX_POINT ( 'NONE', #2373 ) ;
#4374 = LINE ( 'NONE', #1936, #1840 ) ;
#4375 = ORIENTED_EDGE ( 'NONE', *, *, #1271, .T. ) ;
#4376 = VECTOR ( 'NONE', #766, 1000.000000000000000 ) ;
#4377 = EDGE_LOOP ( 'NONE', ( #4197, #1241, #312, #647 ) ) ;
#4378 = DIRECTION ( 'NONE',  ( -0.000000000000000000, -1.000000000000000000, -0.000000000000000000 ) ) ;
#4379 = LINE ( 'NONE', #127, #3613 ) ;
#4380 = CARTESIAN_POINT ( 'NONE',  ( -1.235000000000000542, 0.5500000000000000444, 0.000000000000000000 ) ) ;
#4381 = ORIENTED_EDGE ( 'NONE', *, *, #2110, .T. ) ;
#4382 = ORIENTED_EDGE ( 'NONE', *, *, #4090, .F. ) ;
#4383 = DIRECTION ( 'NONE',  ( -0.000000000000000000, -1.000000000000000000, -0.000000000000000000 ) ) ;
#4384 = ORIENTED_EDGE ( 'NONE', *, *, #1389, .F. ) ;
#4385 = DIRECTION ( 'NONE',  ( 0.000000000000000000, 0.000000000000000000, -1.000000000000000000 ) ) ;
#4386 = LINE ( 'NONE', #3271, #1963 ) ;
#4387 = AXIS2_PLACEMENT_3D ( 'NONE', #155, #3684, #1545 ) ;
#4388 = ADVANCED_FACE ( 'NONE', ( #2393 ), #3024, .T. ) ;
#4389 = ADVANCED_FACE ( 'NONE', ( #3396 ), #254, .T. ) ;
#4390 = ORIENTED_EDGE ( 'NONE', *, *, #4159, .F. ) ;
#4391 = DIRECTION ( 'NONE',  ( 0.000000000000000000, -1.000000000000000000, 0.000000000000000000 ) ) ;
#4392 = VERTEX_POINT ( 'NONE', #274 ) ;
#4393 = EDGE_LOOP ( 'NONE', ( #1244, #2216, #72, #3079 ) ) ;
#4394 = CIRCLE ( 'NONE', #3366, 0.1499999999999999667 ) ;
#4395 = AXIS2_PLACEMENT_3D ( 'NONE', #2683, #3400, #1662 ) ;
#4396 = EDGE_CURVE ( 'NONE', #1071, #3236, #1685, .T. ) ;
#4397 = CARTESIAN_POINT ( 'NONE',  ( -0.3374999999999999112, 0.7500000000000000000, 1.524999999999999911 ) ) ;
#4398 = VECTOR ( 'NONE', #3556, 1000.000000000000000 ) ;
#4399 = CARTESIAN_POINT ( 'NONE',  ( -1.000000000000000000, 0.7500000000000000000, 1.449999999999999067 ) ) ;
#4400 =( GEOMETRIC_REPRESENTATION_CONTEXT ( 3 ) GLOBAL_UNCERTAINTY_ASSIGNED_CONTEXT ( ( #627 ) ) GLOBAL_UNIT_ASSIGNED_CONTEXT ( ( #4076, #268, #4201 ) ) REPRESENTATION_CONTEXT ( 'NONE', 'WORKASPACE' ) );
#4401 = EDGE_CURVE ( 'NONE', #2699, #1136, #3892, .T. ) ;
#4402 = AXIS2_PLACEMENT_3D ( 'NONE', #4156, #2213, #2481 ) ;
#4403 = DIRECTION ( 'NONE',  ( 1.000000000000000000, -0.000000000000000000, 0.000000000000000000 ) ) ;
#4404 = DIRECTION ( 'NONE',  ( -0.000000000000000000, -1.000000000000000000, -0.000000000000000000 ) ) ;
#4405 = DIRECTION ( 'NONE',  ( 0.000000000000000000, 0.000000000000000000, -1.000000000000000000 ) ) ;
#4406 = ORIENTED_EDGE ( 'NONE', *, *, #2440, .F. ) ;
#4407 = PRESENTATION_LAYER_ASSIGNMENT (  '', '', ( #2579 ) ) ;
#4408 = VECTOR ( 'NONE', #1646, 1000.000000000000000 ) ;
#4409 = EDGE_LOOP ( 'NONE', ( #968, #1115, #1203, #1577 ) ) ;
#4410 = EDGE_CURVE ( 'NONE', #3903, #846, #616, .T. ) ;
#4411 = LINE ( 'NONE', #1261, #4465 ) ;
#4412 = ORIENTED_EDGE ( 'NONE', *, *, #2054, .F. ) ;
#4413 = DIRECTION ( 'NONE',  ( -0.000000000000000000, -1.000000000000000000, -0.000000000000000000 ) ) ;
#4414 = DIRECTION ( 'NONE',  ( -0.2169304578186523891, -0.9761870601839536254, 0.000000000000000000 ) ) ;
#4415 = AXIS2_PLACEMENT_3D ( 'NONE', #3117, #1377, #125 ) ;
#4416 = LINE ( 'NONE', #2758, #3390 ) ;
#4417 = ORIENTED_EDGE ( 'NONE', *, *, #70, .F. ) ;
#4418 = MECHANICAL_DESIGN_GEOMETRIC_PRESENTATION_REPRESENTATION (  '', ( #2579 ), #838 ) ;
#4419 = LINE ( 'NONE', #4352, #3738 ) ;
#4420 = VERTEX_POINT ( 'NONE', #3415 ) ;
#4421 = EDGE_CURVE ( 'NONE', #2886, #717, #1688, .T. ) ;
#4422 = CARTESIAN_POINT ( 'NONE',  ( 1.125000000000000444, 0.7500000000000000000, 1.324999999999999734 ) ) ;
#4423 = CARTESIAN_POINT ( 'NONE',  ( -1.000000000000000000, 0.7500000000000000000, -1.499999999999998890 ) ) ;
#4424 = DIRECTION ( 'NONE',  ( -0.9396926207859102043, 0.000000000000000000, 0.3420201433256638279 ) ) ;
#4425 = CARTESIAN_POINT ( 'NONE',  ( -0.8250000000000001776, 1.199999999999999956, -1.149999999999999911 ) ) ;
#4426 = CYLINDRICAL_SURFACE ( 'NONE', #742, 0.1249999999999996808 ) ;
#4427 = VERTEX_POINT ( 'NONE', #2005 ) ;
#4428 = EDGE_CURVE ( 'NONE', #3698, #4026, #1710, .T. ) ;
#4429 = VERTEX_POINT ( 'NONE', #4145 ) ;
#4430 = CARTESIAN_POINT ( 'NONE',  ( 0.5000000000000000000, 0.000000000000000000, 0.7000000000000000666 ) ) ;
#4431 = ORIENTED_EDGE ( 'NONE', *, *, #710, .T. ) ;
#4432 = CARTESIAN_POINT ( 'NONE',  ( -1.235000000000000542, 0.5500000000000000444, 0.6999999999999992895 ) ) ;
#4433 = CARTESIAN_POINT ( 'NONE',  ( 1.000000000000000000, 0.7500000000000000000, -1.449999999999998845 ) ) ;
#4434 = FACE_OUTER_BOUND ( 'NONE', #2684, .T. ) ;
#4435 = ADVANCED_FACE ( 'NONE', ( #1661 ), #978, .T. ) ;
#4436 = LINE ( 'NONE', #3074, #2801 ) ;
#4437 = ORIENTED_EDGE ( 'NONE', *, *, #3219, .T. ) ;
#4438 = CARTESIAN_POINT ( 'NONE',  ( -1.250000000000000222, 0.7500000000000000000, 1.474999999999999423 ) ) ;
#4439 = FACE_OUTER_BOUND ( 'NONE', #703, .T. ) ;
#4440 = ORIENTED_EDGE ( 'NONE', *, *, #602, .T. ) ;
#4441 = DIRECTION ( 'NONE',  ( 0.000000000000000000, 0.000000000000000000, 1.000000000000000000 ) ) ;
#4442 = PLANE ( 'NONE',  #4445 ) ;
#4443 = ORIENTED_EDGE ( 'NONE', *, *, #1869, .F. ) ;
#4444 = EDGE_CURVE ( 'NONE', #1182, #2144, #4517, .T. ) ;
#4445 = AXIS2_PLACEMENT_3D ( 'NONE', #3709, #3082, #1273 ) ;
#4446 = PLANE ( 'NONE',  #2655 ) ;
#4447 = DIRECTION ( 'NONE',  ( -0.000000000000000000, -1.000000000000000000, -0.000000000000000000 ) ) ;
#4448 = ORIENTED_EDGE ( 'NONE', *, *, #2611, .T. ) ;
#4449 = CARTESIAN_POINT ( 'NONE',  ( 1.235000000000000986, 0.7500000000000000000, 0.9749999999999995337 ) ) ;
#4450 = VERTEX_POINT ( 'NONE', #4493 ) ;
#4451 = CARTESIAN_POINT ( 'NONE',  ( 0.5000000000000004441, 0.5500000000000000444, 3.388131789017204315E-16 ) ) ;
#4452 = LINE ( 'NONE', #3764, #2404 ) ;
#4453 = CARTESIAN_POINT ( 'NONE',  ( -1.125000000000000222, 6.070490430446589869, -1.324999999999999734 ) ) ;
#4454 = CARTESIAN_POINT ( 'NONE',  ( -0.3375000000000003553, 0.7500000000000000000, -1.524999999999999911 ) ) ;
#4455 = VERTEX_POINT ( 'NONE', #1028 ) ;
#4456 = CARTESIAN_POINT ( 'NONE',  ( 1.000000000000000000, 1.199999999999999734, 1.324999999999999734 ) ) ;
#4457 = DIRECTION ( 'NONE',  ( -1.000000000000000000, 0.000000000000000000, 0.000000000000000000 ) ) ;
#4458 = EDGE_CURVE ( 'NONE', #3334, #839, #1346, .T. ) ;
#4459 = ORIENTED_EDGE ( 'NONE', *, *, #22, .F. ) ;
#4460 = VECTOR ( 'NONE', #287, 1000.000000000000000 ) ;
#4461 = DIRECTION ( 'NONE',  ( 1.000000000000000000, 0.000000000000000000, 0.000000000000000000 ) ) ;
#4462 = EDGE_LOOP ( 'NONE', ( #2768, #4002, #3625, #3132 ) ) ;
#4463 = AXIS2_PLACEMENT_3D ( 'NONE', #3961, #1887, #2604 ) ;
#4464 = CARTESIAN_POINT ( 'NONE',  ( -1.235000000000000098, 0.000000000000000000, -1.500000000000000222 ) ) ;
#4465 = VECTOR ( 'NONE', #2023, 1000.000000000000000 ) ;
#4466 = LINE ( 'NONE', #2048, #1253 ) ;
#4467 = CARTESIAN_POINT ( 'NONE',  ( -1.235000000000000098, 0.5500000000000000444, -0.9750000000000001998 ) ) ;
#4468 = VECTOR ( 'NONE', #2356, 1000.000000000000000 ) ;
#4469 = ADVANCED_FACE ( 'NONE', ( #3739 ), #999, .F. ) ;
#4470 = VECTOR ( 'NONE', #2907, 1000.000000000000000 ) ;
#4471 = VERTEX_POINT ( 'NONE', #695 ) ;
#4472 = LINE ( 'NONE', #325, #3222 ) ;
#4473 = EDGE_LOOP ( 'NONE', ( #3500, #118, #341, #1842 ) ) ;
#4474 = VECTOR ( 'NONE', #4234, 1000.000000000000000 ) ;
#4475 = LINE ( 'NONE', #3441, #4191 ) ;
#4476 = CARTESIAN_POINT ( 'NONE',  ( 0.000000000000000000, 0.5500000000000000444, 0.000000000000000000 ) ) ;
#4477 = DIRECTION ( 'NONE',  ( 0.000000000000000000, 0.000000000000000000, 1.000000000000000000 ) ) ;
#4478 = VECTOR ( 'NONE', #1512, 1000.000000000000000 ) ;
#4479 = CARTESIAN_POINT ( 'NONE',  ( 1.469696278258133075E-15, 0.7500000000000000000, 1.524999999999999467 ) ) ;
#4480 = ORIENTED_EDGE ( 'NONE', *, *, #851, .T. ) ;
#4481 = FILL_AREA_STYLE ('',( #3813 ) ) ;
#4482 = VECTOR ( 'NONE', #3563, 1000.000000000000000 ) ;
#4483 = ADVANCED_FACE ( 'NONE', ( #2078 ), #3489, .F. ) ;
#4484 = VECTOR ( 'NONE', #1856, 1000.000000000000000 ) ;
#4485 = ORIENTED_EDGE ( 'NONE', *, *, #195, .F. ) ;
#4486 = LINE ( 'NONE', #1593, #379 ) ;
#4487 = DIRECTION ( 'NONE',  ( -1.000000000000000000, 0.000000000000000000, -0.000000000000000000 ) ) ;
#4488 = EDGE_LOOP ( 'NONE', ( #2947, #4326, #2762, #2818 ) ) ;
#4489 = EDGE_CURVE ( 'NONE', #1307, #392, #593, .T. ) ;
#4490 = DIRECTION ( 'NONE',  ( 4.065758146820640148E-16, 0.000000000000000000, 1.000000000000000000 ) ) ;
#4491 = PRESENTATION_STYLE_ASSIGNMENT (( #2750 ) ) ;
#4492 = VERTEX_POINT ( 'NONE', #257 ) ;
#4493 = CARTESIAN_POINT ( 'NONE',  ( -1.000000000000000000, 1.199999999999999734, -1.449999999999999956 ) ) ;
#4494 = VERTEX_POINT ( 'NONE', #1643 ) ;
#4495 = CARTESIAN_POINT ( 'NONE',  ( 1.235000000000000098, 0.5500000000000000444, -0.9750000000000001998 ) ) ;
#4496 = EDGE_CURVE ( 'NONE', #2150, #3252, #404, .T. ) ;
#4497 = DIRECTION ( 'NONE',  ( -0.000000000000000000, -1.000000000000000000, -0.000000000000000000 ) ) ;
#4498 = CARTESIAN_POINT ( 'NONE',  ( 1.235000000000000986, 0.000000000000000000, 1.224999999999999201 ) ) ;
#4499 = LINE ( 'NONE', #2687, #1383 ) ;
#4500 = FACE_OUTER_BOUND ( 'NONE', #2721, .T. ) ;
#4501 = ORIENTED_EDGE ( 'NONE', *, *, #2909, .T. ) ;
#4502 = ADVANCED_FACE ( 'NONE', ( #1833 ), #1401, .F. ) ;
#4503 = VERTEX_POINT ( 'NONE', #1079 ) ;
#4504 = CARTESIAN_POINT ( 'NONE',  ( -0.8250000000000001776, 1.149999999999999911, -1.149999999999999911 ) ) ;
#4505 = LINE ( 'NONE', #3814, #4317 ) ;
#4506 = VERTEX_POINT ( 'NONE', #4248 ) ;
#4507 = APPLICATION_CONTEXT ( 'automotive_design' ) ;
#4508 = VERTEX_POINT ( 'NONE', #2156 ) ;
#4509 = ADVANCED_FACE ( 'NONE', ( #2524 ), #76, .T. ) ;
#4510 = LINE ( 'NONE', #2305, #2128 ) ;
#4511 = CARTESIAN_POINT ( 'NONE',  ( -1.235000000000000098, 0.5500000000000000444, 0.000000000000000000 ) ) ;
#4512 = ORIENTED_EDGE ( 'NONE', *, *, #2980, .F. ) ;
#4513 = ORIENTED_EDGE ( 'NONE', *, *, #4217, .F. ) ;
#4514 = DIRECTION ( 'NONE',  ( 0.000000000000000000, 0.000000000000000000, -1.000000000000000000 ) ) ;
#4515 = FACE_OUTER_BOUND ( 'NONE', #4377, .T. ) ;
#4516 = ORIENTED_EDGE ( 'NONE', *, *, #1734, .F. ) ;
#4517 = LINE ( 'NONE', #2730, #1678 ) ;
#4518 = PLANE ( 'NONE',  #3525 ) ;
#4519 = EDGE_LOOP ( 'NONE', ( #3687, #2418, #357, #689 ) ) ;
#4520 = DIRECTION ( 'NONE',  ( 0.000000000000000000, 0.000000000000000000, -1.000000000000000000 ) ) ;
#4521 = CARTESIAN_POINT ( 'NONE',  ( 0.5624999999999998890, 0.7500000000000000000, 1.524999999999999911 ) ) ;
#4522 = VECTOR ( 'NONE', #1204, 1000.000000000000000 ) ;
#4523 = CARTESIAN_POINT ( 'NONE',  ( 1.250000000000000666, 0.7500000000000000000, 0.9749999999999995337 ) ) ;
#4524 = LINE ( 'NONE', #355, #2869 ) ;
#4525 = DIRECTION ( 'NONE',  ( 0.000000000000000000, 0.9761870601839536254, -0.2169304578186523891 ) ) ;
#4526 = ORIENTED_EDGE ( 'NONE', *, *, #2542, .F. ) ;
#4527 = EDGE_CURVE ( 'NONE', #424, #2279, #3039, .T. ) ;
#4528 = EDGE_CURVE ( 'NONE', #3799, #1040, #1270, .T. ) ;
#4529 = ORIENTED_EDGE ( 'NONE', *, *, #1728, .F. ) ;
#4530 = DIRECTION ( 'NONE',  ( 1.000000000000000000, 0.000000000000000000, 0.000000000000000000 ) ) ;
#4531 = LINE ( 'NONE', #3558, #869 ) ;
#4532 = VERTEX_POINT ( 'NONE', #929 ) ;
#4533 = AXIS2_PLACEMENT_3D ( 'NONE', #3569, #351, #1792 ) ;
#4534 = CARTESIAN_POINT ( 'NONE',  ( 0.5624999999999998890, 0.000000000000000000, 1.524999999999999911 ) ) ;
#4535 = VERTEX_POINT ( 'NONE', #2017 ) ;
#4536 = FACE_OUTER_BOUND ( 'NONE', #603, .T. ) ;
#4537 = CARTESIAN_POINT ( 'NONE',  ( 1.249999999999999778, 0.7500000000000000000, -1.474999999999998979 ) ) ;
ENDSEC;
END-ISO-10303-21;
